time,roll_deg,roll_rate_deg_s,torque_Nm,total_thrust_N
0.0,10.0,0.0,-0.7080508587676524,9.96133506259916
0.002,9.992934398974512,-3.5328005127431066,-0.6704651260966449,9.961118540881708
0.004,9.979178262906466,-6.878068034024178,-0.6345086582419885,9.960697452675259
0.006,9.959090399433753,-10.04393173635579,-0.6001139053753682,9.960083639598928
0.008,9.933014031925316,-13.038183754218357,-0.5672160890624725,9.959288778031192
0.01,9.901277445901606,-15.868293011855185,-0.5357530888367729,9.958324335091149
0.012,9.864194608931344,-18.54141848513047,-0.5056653334129919,9.957201531468842
0.014,9.822065765090144,-21.064421920599845,-0.4768956963504959,9.955931310404274
0.016,9.775178005022152,-23.44388003399629,-0.44938939598461103,9.954524312173499
0.018000000000000002,9.7238058126033,-25.68609620942603,-0.42309389945130654,9.952990853494706
0.020000000000000004,9.668211589163903,-27.797111719698215,-0.39795883063782345,9.951340911317851
0.022000000000000006,9.608646156189153,-29.782716487376774,-0.37393588189867866,9.949584110508326
0.024000000000000007,9.54534923737847,-31.648459405341647,-0.3509787293830406,9.94772971497861
0.02600000000000001,9.478549920908709,-33.399658234878295,-0.329042951825769,9.945786621862144
0.02800000000000001,9.408467102711558,-35.041409098577255,-0.30808595266045746,9.943763358360812
0.030000000000000013,9.33530991154232,-36.57859558461889,-0.28806688531860086,9.94166808093172
0.032000000000000015,9.259278116585635,-38.01589747834036,-0.26894658158458307,9.93950857651069
0.034000000000000016,9.180562518312973,-39.35779913633172,-0.25068748288149445,9.937292265498925
0.03600000000000002,9.099345323277603,-40.608597517684494,-0.23325357436790595,9.93502620626615
0.03800000000000002,9.015800503504769,-41.77240988641789,-0.21661032173063705,9.932717100948134
0.04000000000000002,8.930094141107698,-42.85318119853427,-0.2007246105632402,9.930371302339017
0.04200000000000002,8.842384758734488,-43.85469118660516,-0.18556468822445338,9.927994821699567
0.044000000000000025,8.752823636425966,-44.78056115426166,-0.17110010807517984,9.92559333732133
0.04600000000000003,8.66155511544105,-45.63426049245673,-0.15730167599671818,9.92317220370393
0.04800000000000003,8.568716889583289,-46.41911292888166,-0.1441413990969327,9.92073646121847
0.05000000000000003,8.474440284540382,-47.138302521453355,-0.13159243651487773,9.918290846144282
0.05200000000000003,8.378850525727694,-47.79487940634267,-0.11962905223804521,9.915839800979352
0.054000000000000034,8.282066995106526,-48.39176531058563,-0.10822656984991885,9.913387484936461
0.056000000000000036,8.184203477428708,-48.93175883890884,-0.09736132912887896,9.91093778454788
0.05800000000000004,8.085368396340696,-49.41754054400627,-0.08701064442274153,9.90849432431107
0.06000000000000004,7.9856650407624405,-49.85167778912703,-0.07715276472629806,9.906060477316627
0.06200000000000004,7.885191781939498,-50.23662941147095,-0.06776683539220807,9.903639375807572
0.06400000000000004,7.784042281550415,-50.57475019454189,-0.05883286140843014,9.901233921626197
0.06600000000000004,7.682305691235865,-50.868295157274645,-0.05033167217812373,9.898846796511064
0.06800000000000005,7.580066843901002,-51.11942366743219,-0.04224488774056434,9.896480472212444
0.07000000000000005,7.477406437128077,-51.330203386463104,-0.03455488637413173,9.894137220399639
0.07200000000000005,7.374401209022648,-51.50261405271493,-0.02724477352484367,9.891819122338164
0.07400000000000005,7.271124106803412,-51.6385511096174,-0.02029835200621488,9.889528078318861
0.07600000000000005,7.167644448433054,-51.739829185178536,-0.013700093418442805,9.887265816824598
0.07800000000000006,7.064028077575299,-51.808185428877664,-0.007435110737045392,9.88503390342348
0.08000000000000006,6.960337512151719,-51.845282711790155,-0.0014891320231185112,9.882833749380243
0.08200000000000006,6.856632086760639,-51.852712695540156,0.004151524790665384,9.880666619980056
0.08400000000000006,6.752968089209742,-51.831998775448795,0.009499976082317674,9.878533642561141
0.08600000000000006,6.64939889140369,-51.78459890302569,0.014568795733254647,9.87643581425448
0.08800000000000006,6.545975074818208,-51.7119082927409,0.019370037371954307,9.874374009430644
0.09000000000000007,6.442744550782582,-51.61526201781286,0.023915255707369742,9.872348986855094
0.09200000000000007,6.3397526757834735,-51.49593749955378,0.028215526989329498,9.87036139655466
0.09400000000000007,6.237042361994216,-51.355156894628436,0.032281468631636834,9.8684117863989
0.09600000000000007,6.1346541832254085,-51.194089384404045,0.03612325803211325,9.86650060840094
0.09800000000000007,6.032626476484612,-51.01385337039805,0.039750650622438766,9.86462822474321
0.10000000000000007,5.9309954393252795,-50.81551857966672,0.043172997179289574,9.86279491353403
0.10200000000000008,5.82979522315764,-50.60010808382027,0.04639926042699272,9.861000874301617
0.10400000000000008,5.729058022687241,-50.36860023519951,0.04943803096067412,9.859246233232382
0.10600000000000008,5.628814161640031,-50.12193052360441,0.0522975425176988,9.857531048160846
0.10800000000000008,5.529092174926381,-49.86099335682617,0.054985686624060115,9.855855313318603
0.11000000000000008,5.429918887390177,-49.58664376810157,0.057510026641284184,9.854218963850053
0.11200000000000009,5.331319489283216,-49.29969905348062,0.05987781123837449,9.852621880102667
0.11400000000000009,5.233317608599263,-49.000940341976424,0.06209598731231358,9.851063891699658
0.11600000000000009,5.135935380396767,-48.6911141012484,0.06417121237968071,9.849544781402896
0.11800000000000009,5.039193513233852,-48.37093358145798,0.06610986646101868,9.848064288773925
0.12000000000000009,4.943111352834196,-48.04108019982752,0.06791806347870133,9.846622113640846
0.1220000000000001,4.847706943097535,-47.70220486832988,0.06960166218820041,9.845217919378774
0.1240000000000001,4.7529970845638605,-47.35492926683678,0.0711662766618425,9.84385133601142
0.12600000000000008,4.658997390435945,-46.99984706395864,0.07261728634335851,9.842521963141246
0.12800000000000009,4.56572234026051,-46.63752508771765,0.07395984569078684,9.841229372715484
0.1300000000000001,4.473185331364294,-46.2685044481077,0.07519889342456776,9.839973111635118
0.1320000000000001,4.381398728137272,-45.89330161351131,0.07633916139698044,9.83875270421378
0.1340000000000001,4.290373909251548,-45.5124094428627,0.07738518309841369,9.837567654493286
0.1360000000000001,4.20012131290081,-45.12629817536897,0.07834130181532623,9.836417448422395
0.1380000000000001,4.1106504801417545,-44.73541637952758,0.07921167845414595,9.83530155590509
0.1400000000000001,4.021970096415541,-44.34019186310639,0.08000029904477379,9.834219432724579
0.1420000000000001,3.93408803132417,-43.941032545685495,0.08071098193680137,9.833170522348906
0.1440000000000001,3.8470113767335836,-43.53832729529345,0.08134738470101133,9.832154257623932
0.1460000000000001,3.760746483272366,-43.132446730608834,0.08191301074821938,9.831170062359188
0.1480000000000001,3.6752989952920907,-42.723743990137194,0.08241121567701964,9.830217352811923
0.1500000000000001,3.5906738843526598,-42.3125554697161,0.08284521336152728,9.829295539074458
0.1520000000000001,3.5068754812933687,-41.899201529645595,0.0832180817897537,9.828404026369757
0.1540000000000001,3.4239075069479923,-41.4839871726882,0.08353276866281534,9.827542216259918
0.1560000000000001,3.341773101559729,-41.067202694131865,0.08379209676476473,9.826709507772124
0.1580000000000001,3.260474852949608,-40.64912430506021,0.08399876911242515,9.825905298446354
0.16000000000000011,3.1800148234897527,-40.230014729927916,0.08415537389423056,9.82512898530902
0.16200000000000012,3.1003945759307654,-39.81012377949383,0.08426438920670498,9.824379965776496
0.16400000000000012,3.021615198130522,-39.38968890012153,0.084328187596859,9.8236576384923
0.16600000000000012,2.9436773267296905,-38.9689357004158,0.08434904041844532,9.822961404101596
0.16800000000000012,2.866581169817444,-38.54807845612361,0.08432912200968934,9.822290665966424
0.17000000000000012,2.790326528629063,-38.127320594190465,0.08427051369979982,9.821644830824976
0.17200000000000013,2.7149128183154105,-37.70685515682635,0.08417520765126435,9.82102330939808
0.17400000000000013,2.6403390878226096,-37.28686524640068,0.08404511054465058,9.820425516945841
0.17600000000000013,2.5666040389187055,-36.86752445195201,0.08388204711235564,9.819850873777341
0.17800000000000013,2.493706044402573,-36.448997258066186,0.08368776352748702,9.81929880571607
0.18000000000000013,2.4216431655288817,-36.03143943684582,0.08346393065380037,9.818768744523712
0.18200000000000013,2.3504131686815533,-35.614998423664225,0.08321214716238207,9.818260128284702
0.18400000000000014,2.2800135413268157,-35.19981367736878,0.08293394252052838,9.81777240175392
0.18600000000000014,2.210441507275673,-34.78601702557138,0.08263077985805106,9.817305016669726
0.18800000000000014,2.1416940412843983,-34.37373299563748,0.08230405871602592,9.816857432034439
0.19000000000000014,2.0737678830204773,-33.9630791319604,0.0819551176827959,9.816429114364265
0.19200000000000014,2.0066595504203106,-33.55416630008328,0.08158523692184017,9.816019537910579
0.19400000000000014,1.9403653524638944,-33.14709897820842,0.08119564059593826,9.815628184854335
0.19600000000000015,1.8748814013906718,-32.74197553661118,0.08078749919187067,9.815254545475325
0.19800000000000015,1.810203624379762,-32.338888505454946,0.08036193174972761,9.814898118297913
0.20000000000000015,1.7463277747167962,-31.93792483148301,0.07992000800073035,9.814558410214747
0.20200000000000015,1.6832494424687088,-31.539166124043795,0.0794627504173101,9.814234936589921
0.20400000000000015,1.6209640646869343,-31.142688890887342,0.07899113617903403,9.81392722134294
0.20600000000000016,1.5594669351586288,-30.74856476415279,0.07850609905782469,9.813634797014789
0.20800000000000016,1.4987532137247295,-30.356860716949658,0.07800853122577567,9.813357204817358
0.21000000000000016,1.4388179351828911,-29.967639270919058,0.07749928498873143,9.81309399466733
0.21200000000000016,1.3796560177926012,-29.580958695145252,0.07697917444867114,9.81284472520568
0.21400000000000016,1.3212622713990552,-29.196873196772813,0.07644897709781012,9.812608963803775
0.21600000000000016,1.2636314051917152,-28.815433103670042,0.07590943534721475,9.812386286557087
0.21800000000000017,1.206758035112785,-28.436685039465406,0.07536125799261087,9.812176278267419
0.22000000000000017,1.1506366909302441,-28.06067209127036,0.07480512161995825,9.811978532414509
0.22200000000000017,1.0952618229894657,-27.6874339703891,0.07424167195325651,9.81179265111786
0.22400000000000017,1.0406278086568592,-27.317007166303497,0.07367152514694686,9.81161824508953
0.22600000000000017,0.9867289584684399,-26.949425094209566,0.07309526902517996,9.811454933578633
0.22800000000000017,0.9335595219956985,-26.584718236370716,0.07251346427012384,9.811302344308235
0.23000000000000018,0.881113693440615,-26.22291427754191,0.07192664556139933,9.811160113405279
0.23200000000000018,0.8293856169711976,-25.864038234708683,0.07133532266864406,9.81102788532415
0.23400000000000018,0.778369391808448,-25.50811258137482,0.07073998149912492,9.810905312764454
0.23600000000000018,0.728059077075202,-25.155157366623005,0.07014108510223838,9.810792056583539
0.23800000000000018,0.678448696416875,-24.80519032916354,0.06953907463266676,9.81068778570427
0.24000000000000019,0.6295322424037203,-24.458227006577438,0.06893437027388086,9.810592177018517
0.2420000000000002,0.5813036807238169,-24.114280839951714,0.06832737212361542,9.810504915286813
0.2440000000000002,0.5337569541756241,-23.773363274096592,0.06771846104287371,9.810425693034594
0.2460000000000002,0.48688598646857084,-23.435483853526687,0.0671079994699556,9.810354210445384
0.2480000000000002,0.4406846858398098,-23.100650314380566,0.06649633220094175,9.810290175251353
0.25000000000000017,0.39514694849491766,-22.768868672446125,0.065883787138008,9.81023330262151
0.25200000000000017,0.3502666618800132,-22.440143307452264,0.06527067600688838,9.810183315047906
0.25400000000000017,0.30603770779245154,-22.114477043780813,0.06465729504474999,9.810139942230123
0.25600000000000017,0.262453965336959,-21.791871227746302,0.06404392565969277,9.81010292095833
0.2580000000000002,0.21950931373378865,-21.472325801585203,0.06343083506303637,9.810071994995173
0.2600000000000002,0.177197634985208,-21.155839374290363,0.06281827687550948,9.810046914956722
0.2620000000000002,0.13551281640636623,-20.842409289420903,0.06220649170841083,9.810027438192714
0.2640000000000002,0.09444875302634144,-20.532031690012413,0.0615957077207685,9.810013328666317
0.2660000000000002,0.053999349864927076,-20.22470158070721,0.06098614115347992,9.810004356833565
0.2680000000000002,0.014158524090488065,-19.920412887219534,0.06037799684137696,9.81000029952269
0.2700000000000002,-0.025079792936003476,-19.619158513245797,0.05977146870412123,9.810000939813492
0.2720000000000002,-0.06372165372585448,-19.320930394925526,0.05916674021679652,9.810006066916912
0.2740000000000002,-0.10177309283176304,-19.025719552954314,0.058563984861032176,9.810015476054957
0.2760000000000002,-0.13924012511665476,-18.73351614244588,0.05796336655745371,9.810028968341081
0.2780000000000002,-0.17612874411792756,-18.444309500636432,0.05736504008022855,9.810046350661182
0.2800000000000002,-0.2124449205029689,-18.15808819252068,0.056769151454439504,9.81006743555531
0.2820000000000002,-0.24819460061197912,-17.87484005450515,0.05617583833699086,9.81009204110017
0.2840000000000002,-0.28338370508430116,-17.594552236160986,0.05558523038172297,9.810119990792552
0.2860000000000002,-0.3180181275646111,-17.31721124015503,0.05499744958938213,9.81015111343375
0.2880000000000002,-0.3521037334854805,-17.042802960434702,0.05441261064306799,9.81018524301504
0.2900000000000002,-0.385646358922959,-16.771312718739225,0.053830821229753606,9.810222218604315
0.2920000000000002,-0.4186518095219721,-16.502725299506587,0.05325218234845022,9.81026188423393
0.2940000000000002,-0.45112585948845807,-16.237024983242968,0.052676788605564684,9.810304088789797
0.2960000000000002,-0.48307425064529497,-15.974195578418438,0.05210472849797451,9.81034868590182
0.2980000000000002,-0.5145026915491954,-15.714220451950316,0.051536084684325995,9.810395533835672
0.3000000000000002,-0.5454168566658611,-15.457082558332841,0.0509709342450376,9.810444495386006
0.3020000000000002,-0.5758223856008002,-15.202764467469606,0.050409348931473114,9.81049543777108
0.3040000000000002,-0.6057248823833258,-14.951248391262725,0.04985139540472924,9.810548232528884
0.3060000000000002,-0.6351299148013471,-14.702516209010575,0.049297135464463515,9.810602755414754
0.3080000000000002,-0.6640430137846746,-14.456549491663829,0.04874662626817261,9.81065888630053
0.3100000000000002,-0.6924696728346492,-14.213329524987383,0.04819992054131256,9.810716509075236
0.3120000000000002,-0.720415347497997,-13.972837331673905,0.047657066778637486,9.810775511547359
0.3140000000000002,-0.7478854548829027,-13.735053692452796,0.047118109437117334,9.810835785348678
0.3160000000000002,-0.7748853732153757,-13.499959166236625,0.046583089120781546,9.810897225839696
0.3180000000000002,-0.8014204414340662,-13.267534109345258,0.04605204275781993,9.810959732016672
0.32000000000000023,-0.8274959588217589,-13.037758693846353,0.04552500377025823,9.811023206420241
0.32200000000000023,-0.8531171846718574,-12.81061292504929,0.0450020022365161,9.811087555045658
0.32400000000000023,-0.8782893379882333,-12.586076658187986,0.04448306504713759,9.811152687254626
0.32600000000000023,-0.9030175972168865,-12.364129614326718,0.043968216053976494,9.81121851568875
0.32800000000000024,-0.9273071000079297,-12.14475139552159,0.043457476213105944,9.811284956184574
0.33000000000000024,-0.9511629430064676,-11.927921499268951,0.04295086372170902,9.811351927690223
0.33200000000000024,-0.9745901816710091,-11.713619332270797,0.04244839414920033,9.811419352183632
0.33400000000000024,-0.997593830118101,-11.501824223545949,0.04195008056281409,9.811487154592351
0.33600000000000024,-1.0201788609919302,-11.292515436914625,0.041455933647887494,9.811555262714926
0.33800000000000024,-1.0423502053576958,-11.085672182882838,0.040965961823058034,9.811623607143833
0.34000000000000025,-1.0641127526175995,-10.881273629952045,0.0404801713505836,9.811692121189965
0.34200000000000025,-1.0854713504483562,-10.679298915378329,0.03999856644198689,9.811760740808657
0.34400000000000025,-1.106430804759165,-10.479727155404502,0.039521149359216634,9.811829404527206
0.34600000000000025,-1.1269958796691395,-10.282537454987441,0.0390479205115105,9.811898053373932
0.34800000000000025,-1.147171297503224,-10.087708917042141,0.03857887854813705,9.811966630808708
0.35000000000000026,-1.16696173880567,-9.895220651223038,0.03811402044718626,9.81203508265495
0.35200000000000026,-1.1863718423701946,-9.705051782262304,0.03765334160057253,9.81210335703309
0.35400000000000026,-1.205406205285965,-9.517181457884032,0.03719683589540583,9.812171404295466
0.35600000000000026,-1.2240693829985896,-9.331588856312408,0.036744495791880175,9.812239176962631
0.35800000000000026,-1.2423658893853722,-9.14825319339128,0.03629631239782627,9.812306629661082
0.36000000000000026,-1.260300196844036,-8.967153729331732,0.03585227554006186,9.812373719062343
0.36200000000000027,-1.2778767363942434,-8.788269775103663,0.03541237383267558,9.812440403823421
0.36400000000000027,-1.295099897791217,-8.61158069848667,0.034976594742369416,9.812506644528616
0.36600000000000027,-1.3119740296508067,-8.437065929794892,0.0345449246509819,9.812572403632629
0.36800000000000027,-1.3285034395853867,-8.264704967289926,0.03411734891530875,9.812637645404985
0.3700000000000003,-1.3446923943499771,-8.094477382295228,0.033693851924332344,9.812702335875745
0.3720000000000003,-1.3605451199980274,-7.926362824025011,0.033274417153968006,9.812766442782452
0.3740000000000003,-1.376065802046307,-7.760341024139953,0.03285902721942935,9.812829935518348
0.3760000000000003,-1.3912585856483906,-7.596391801041653,0.032447663925311745,9.812892785081786
0.3780000000000003,-1.406127575776225,-7.434495063917188,0.03204030831348825,9.81295496402685
0.3800000000000003,-1.4206768374093144,-7.274630816544693,0.031636940708909,9.81301644641516
0.3820000000000003,-1.4349103957310552,-7.116779160870431,0.031237540763390817,9.813077207768815
0.3840000000000003,-1.4488322363317896,-6.960920300367369,0.030842087497480408,9.81313722502449
0.3860000000000003,-1.4624463054181598,-6.807034543184888,0.030450559340471972,9.813196476488645
0.3880000000000003,-1.4757565100283574,-6.655102305098817,0.030062934168654284,9.81325494179382
0.3900000000000003,-1.4887667182528987,-6.505104112270643,0.029679189341862908,9.813312601856012
0.3920000000000003,-1.501480759460547,-6.357020603824339,0.029299301738406322,9.813369438833112
0.3940000000000003,-1.5139024245290449,-6.210832534248925,0.02892324778843479,9.813425436084366
0.3960000000000003,-1.5260354660803142,-6.066520775634552,0.02855100350581613,9.813480578130857
0.3980000000000003,-1.5378835987198132,-5.924066319749517,0.028182544518580946,9.813534850616984
0.4000000000000003,-1.5494504992797442,-5.783450279965403,0.027817846097997326,9.813588240272905
0.4020000000000003,-1.560739807065819,-5.644653893037125,0.027456883186331132,9.81364073487795
0.4040000000000003,-1.5717551241073076,-5.507658520744485,0.027099630423348182,9.813692323224961
0.4060000000000003,-1.5825000154101105,-5.372445651401481,0.026746062171609852,9.813742995085557
0.4080000000000003,-1.5929780092125894,-5.238996901239412,0.02639615254061259,9.813792741176288
0.4100000000000003,-1.6031925972439287,-5.107294015669548,0.02604987540982097,9.813841553125684
0.4120000000000003,-1.6131472349847906,-4.977318870430851,0.025707204450638538,9.813889423442152
0.4140000000000003,-1.6228453419300468,-4.849053472628107,0.025368113147363328,9.813936345482718
0.4160000000000003,-1.6322903018533774,-4.722479961665471,0.025032574817168397,9.81398231342261
0.4180000000000003,-1.641485463073538,-4.597580610080344,0.024700562629150373,9.814027322225634
0.4200000000000003,-1.6504341387221029,-4.474337824282183,0.024372049622483467,9.814071367615345
0.4220000000000003,-1.6591396070125042,-4.352734145200757,0.02404700872371772,9.814114446046995
0.4240000000000003,-1.6676051115102002,-4.232752248848075,0.02372541276325709,9.814156554680238
0.4260000000000003,-1.6758338614037964,-4.114374946798108,0.0234072344910521,9.814197691352577
0.4280000000000003,-1.6838290317769724,-3.9975851865882097,0.023092446591539716,9.814237854553522
0.4300000000000003,-1.6915937638810643,-3.8823660520459917,0.022781021697863238,9.81427704339948
0.43200000000000033,-1.699131165408155,-3.76870076354525,0.022472932405401477,9.814315257609321
0.43400000000000033,-1.7064443107645435,-3.656572678194399,0.022168151284637283,9.814352497480616
0.43600000000000033,-1.7135362413444652,-3.5459652899606766,0.021866650893393437,9.81438876386656
0.43800000000000033,-1.7204099658039318,-3.4368622297333262,0.02156840378846192,9.814424058153516
0.44000000000000034,-1.7270684603345894,-3.3292472653287226,0.021273382536653403,9.814458382239204
0.44200000000000034,-1.7335146689374705,-3.223104301440401,0.02098155972529101,9.814491738511508
0.44400000000000034,-1.7397515036965439,-3.1184173795366994,0.020692907972172166,9.814524129827879
0.44600000000000034,-1.745781845051961,-3.015170677708709,0.02040739993502095,9.814555559495336
0.44800000000000034,-1.7516085420729033,-2.9133485104710672,0.02012500832045358,9.814586031251036
0.45000000000000034,-1.757234412729939,-2.812935328518007,0.019845705892476757,9.814615549243403
0.45200000000000035,-1.762662244166813,-2.713915718437007,0.019569465480539693,9.814644118013815
0.45400000000000035,-1.7678947929715778,-2.6162744023822717,0.01929625998715863,9.814671742478827
0.45600000000000035,-1.7729347854469983,-2.5199962377101657,0.019026062395132198,9.814698427912898
0.45800000000000035,-1.7777849178801555,-2.4250662165786436,0.01875884577436573,9.814724179931654
0.46000000000000035,-1.782447856811181,-2.3314694655126362,0.018494583288320626,9.814749004475631
0.46200000000000035,-1.786926239301055,-2.2391912449372557,0.01823324820010553,9.814772907794515
0.46400000000000036,-1.7912226731984169,-2.148216948680604,0.017974813878224853,9.81479589643185
0.46600000000000036,-1.7953397374053124,-2.058532103447908,0.017719253801999024,9.814817977210204
0.46800000000000036,-1.7992799821418493,-1.970122368268602,0.017466541566671497,9.814839157216804
0.47000000000000036,-1.8030459292096852,-1.8829735339179394,0.01721665088821546,9.8148594437896
0.47200000000000036,-1.8066400722543146,-1.7970715223146094,0.016969555607853667,9.814878844503747
0.47400000000000037,-1.8100648770261067,-1.7124023858958073,0.016725229696304068,9.81489736715853
0.47600000000000037,-1.813322781640049,-1.6289523069711267,0.0164836472577631,9.814915019764678
0.47800000000000037,-1.8164161968341626,-1.5467075970565654,0.016244782533638338,9.814931810532094
0.48000000000000037,-1.8193475062265425,-1.465654696189919,0.01600860990604116,9.814947747857952
0.4820000000000004,-1.8221190665709996,-1.3857801722287457,0.01577510390105087,9.814962840315184
0.4840000000000004,-1.824733208011264,-1.307070720132033,0.015544239191759348,9.814977096641348
0.4860000000000004,-1.8271922343337172,-1.2295131612266919,0.015315990601106772,9.81499052572783
0.4880000000000004,-1.8294984232186369,-1.1530944424598892,0.015090333104517652,9.81500313660941
0.4900000000000004,-1.8316540264899137,-1.0778016356382272,0.014867241832345626,9.815014938454185
0.4920000000000004,-1.833661270363223,-1.0036219366547363,0.014646692072136307,9.815025940553788
0.4940000000000004,-1.8355223556926317,-0.9305426647045644,0.014428659270715655,9.81503615231396
0.4960000000000004,-1.8372394582156126,-0.8585512614902551,0.014213119036112545,9.815045583245434
0.4980000000000004,-1.8388147287964471,-0.787635290417428,0.014000047139321995,9.815054242955117
0.5000000000000003,-1.8402502936680103,-0.7177824357816652,0.013789419515917715,9.815062141137574
0.5020000000000003,-1.8415482546719049,-0.6489805019473479,0.013581212267519526,9.815069287566812
0.5040000000000003,-1.8427106894969436,-0.5812174125191771,0.013375401663123105,9.815075692088337
0.5060000000000003,-1.843739651915958,-0.5144812095070537,0.01317196414029817,9.815081364611492
0.5080000000000003,-1.8446371720209278,-0.4487600524849847,0.012970876306261144,9.815086315102066
0.5100000000000003,-1.8454052564564165,-0.38404221774463665,0.01277211493882837,9.815090553575164
0.5120000000000003,-1.8460458886513045,-0.32031609744412737,0.012575656987255185,9.815094090088325
0.5140000000000003,-1.8465610290488104,-0.25757019875263953,0.01238147957296609,9.8150969347349
0.5160000000000003,-1.8469526153347926,-0.19579314299138512,0.012189559990181752,9.815099097637658
0.5180000000000003,-1.8472225626643355,-0.13497366477144895,0.011999875706447519,9.815100588942643
0.5200000000000004,-1.8473727638865933,-0.07510061112897994,0.011812404363067094,9.815101418813239
0.5220000000000004,-1.8474050897679097,-0.016162940658239495,0.011627123775448129,9.815101597424475
0.5240000000000004,-1.8473213892131954,0.04185027735709249,0.011444011933361569,9.815101134957539
0.5260000000000004,-1.8471234894855675,0.09894986381389809,0.011263047001120706,9.815100041594494
0.5280000000000004,-1.846813196424247,0.15514653066049025,0.011084207317683066,9.815098327513219
0.5300000000000004,-1.8463922946607103,0.21045088176800136,0.010907471396678841,9.81509600288252
0.5320000000000004,-1.845862547833107,0.26487341380190793,0.010732817926370446,9.815093077857467
0.5340000000000004,-1.8452256987989197,0.31842451709334946,0.010560225769544861,9.815089562574883
0.5360000000000004,-1.8444834698458996,0.3711144765099119,0.010389673963344585,9.81508546714905
0.5380000000000004,-1.8436375629012485,0.42295347232558056,0.010221141719037758,9.815080801667557
0.5400000000000004,-1.8426896597390692,0.4739515810895249,0.010054608421732517,9.815075576187358
0.5420000000000004,-1.8416414221860824,0.5241187764934699,0.00989005363003758,9.81506980073096
0.5440000000000004,-1.8404944923256075,0.573464930237377,0.009727457075671887,9.815063485282803
0.5460000000000004,-1.8392504926998212,0.6219998128931676,0.00956679866302624,9.815056639785778
0.5480000000000004,-1.8379110265102883,0.6697330947662714,0.009408058468679339,9.815049274137913
0.5500000000000004,-1.836477677816779,0.7166743467547447,0.009251216740870774,9.815041398189184
0.5520000000000004,-1.8349520117343672,0.7628330412057749,0.009096253898932975,9.815033021738502
0.5540000000000004,-1.8333355746288287,0.8082185527693416,0.008943150532685224,9.815024154530823
0.5560000000000004,-1.8316298943103313,0.852840159248852,0.008791887401790505,9.815014806254382
0.5580000000000004,-1.8298364802254339,0.8967070424485762,0.008642445435078666,9.815004986538085
0.5600000000000004,-1.8279568236473982,0.9398282890177005,0.008494805729836982,9.814994704949006
0.5620000000000004,-1.825992397864816,0.9822128912908396,0.008348949551070226,9.814983970990024
0.5640000000000004,-1.8239446583685661,1.023869748124857,0.008204858330732126,9.814972794097567
0.5660000000000004,-1.8218150430371025,1.064807665731857,0.008062513666929798,9.814961183639488
0.5680000000000004,-1.8196049723200864,1.1050353585081962,0.007921897323102951,9.814949148913035
0.5700000000000004,-1.8173158494203676,1.1445614498594112,0.007782991227179185,9.814936699142946
0.5720000000000004,-1.814949060474326,1.1833944730209256,0.007645777470707323,9.814923843479646
0.5740000000000004,-1.8125059747305774,1.2215428718744283,0.007510238307969768,9.814910590997544
0.5760000000000004,-1.8099879447270575,1.2590150017598394,0.007376356155075278,9.814896950693424
0.5780000000000004,-1.8073963064664922,1.295819130282728,0.007244113589034016,9.814882931484954
0.5800000000000004,-1.8047323795902577,1.3319634381171268,0.007113493346815387,9.814868542209263
0.5820000000000004,-1.8019974675506507,1.367456019803649,0.006984478324390465,9.814853791621621
0.5840000000000004,-1.7991928577815648,1.4023048845428214,0.006857051575759554,9.814838688394207
0.5860000000000004,-1.796319821867597,1.436517956983565,0.006731196311966742,9.814823241114963
0.5880000000000004,-1.7933796157115844,1.4701030780067625,0.006606895900101911,9.814807458286522
0.5900000000000004,-1.7903734797005768,1.503068005503841,0.006484133862291078,9.814791348325212
0.5920000000000004,-1.787302638870276,1.535420415150326,0.006362893874676794,9.814774919560161
0.5940000000000004,-1.7841683030679274,1.5671679011742985,0.006243159766388683,9.814758180232452
0.5960000000000004,-1.780971667113688,1.598317977119722,0.006124915518505341,9.814741138494355
0.5980000000000004,-1.7777139109604785,1.628878076604587,0.006008145263008632,9.814723802408631
0.6000000000000004,-1.7743961998523305,1.6588555540738397,0.005892833281730601,9.814706179947905
0.6020000000000004,-1.7710196844812367,1.6882576855470528,0.005778964005294412,9.814688278994097
0.6040000000000004,-1.7675855011425152,1.7170916693608163,0.0056665220120493895,9.814670107337925
0.6060000000000004,-1.7640947718887037,1.7453646269058163,0.0055554920270014865,9.814651672678455
0.6080000000000004,-1.7605486046819867,1.7730836033585684,0.0054458589207393784,9.81463298262272
0.6100000000000004,-1.7569480935451711,1.800255568407802,0.005337607708356878,9.814614044685394
0.6120000000000004,-1.7532943187112198,1.8268874169754674,0.005230723548372274,9.814594866288514
0.6140000000000004,-1.749588346771355,1.8529859699323399,0.005125191741645614,9.814575454761256
0.6160000000000004,-1.7458312308217385,1.8785579748082415,0.005020997730293342,9.814555817339766
0.6180000000000004,-1.7420240106087448,1.9036101064968254,0.004918127096602248,9.814535961167033
0.6200000000000004,-1.7381677126728354,1.9281489679549597,0.004816565561941974,9.814515893292814
0.6220000000000004,-1.7342633504910423,1.952181090896672,0.004716298985677277,9.8144956206736
0.6240000000000004,-1.7303119246180785,1.9757129364816757,0.004617313364080233,9.814475150172624
0.6260000000000004,-1.7263144228260818,1.9987508959984661,0.00451959482924293,9.814454488559916
0.6280000000000004,-1.7222718202429979,2.0213012915419872,0.004423129647990479,9.814433642512395
0.6300000000000004,-1.7181850794896258,2.0433703766858815,0.004327904220795903,9.814412618613995
0.6320000000000005,-1.714055150815327,2.064964337149317,0.004233905080695981,9.814391423355834
0.6340000000000005,-1.7098829722324107,2.0860892914584226,0.004141118892209059,9.814370063136419
0.6360000000000005,-1.705669469649206,2.1067512916022966,0.004049532450255237,9.814348544261872
0.6380000000000005,-1.7014155570018388,2.1269563236836513,0.003959132679078846,9.814326872946213
0.6400000000000005,-1.6971221363847104,2.1467103085640757,0.0038699066311736995,9.814305055311644
0.6420000000000005,-1.692790098179703,2.166019102503924,0.0037818414862115235,9.814283097388891
0.6440000000000005,-1.6884203211841091,2.184888497796877,0.003694924549973465,9.814261005117553
0.6460000000000005,-1.6840136727373107,2.2033242233991492,0.003609143253285433,9.814238784346491
0.6480000000000005,-1.6795710088462037,2.2213319455534037,0.003524485150956984,9.814216440834238
0.6500000000000005,-1.6750931743093893,2.2389172684073677,0.0034409379207242345,9.814193980249444
0.6520000000000005,-1.6705810028401347,2.2560857346271654,0.003358489362197032,9.814171408171314
0.6540000000000005,-1.6660353171881241,2.2728428260054074,0.0032771273958105973,9.814148730090114
0.6560000000000005,-1.6614569292599959,2.289193964064041,0.0031968400617814717,9.814125951407668
0.6580000000000005,-1.6568466402386917,2.3051445106520037,0.0031176155190685215,9.814103077437872
0.6600000000000005,-1.6522052407016163,2.320699768537673,0.003039442044338748,9.814080113407261
0.6620000000000005,-1.647533510737624,2.335864981996183,0.0029623080309379227,9.814057064455547
0.6640000000000005,-1.6428322200628407,2.3506453373915774,0.002886201987866849,9.81403393563622
0.6660000000000005,-1.638102128135333,2.3650459637538734,0.0028111125387626362,9.814010731917135
0.6680000000000005,-1.6333439842686308,2.379071933351036,0.0027370284208855754,9.813987458181128
0.6700000000000005,-1.6285585277441192,2.392728262255893,0.0026639384841115957,9.813964119226652
0.6720000000000005,-1.6237464879223031,2.406019910908032,0.002591831689930244,9.813940719768405
0.6740000000000005,-1.6189085843529616,2.4189517846706976,0.0025206971104486837,9.813917264438002
0.6760000000000005,-1.614045526884196,2.4315287343827023,0.0024505239274016204,9.813893757784633
0.6780000000000005,-1.6091580157703853,2.443755556905425,0.0023813014311667158,9.813870204275752
0.6800000000000005,-1.6042467417790554,2.4556369956648716,0.0023130190197866406,9.813846608297759
0.6820000000000005,-1.5993123862966776,2.4671777411888702,0.0022456661979969317,9.813822974156716
0.6840000000000005,-1.594355621433399,2.4783824316394147,0.002179232576260081,9.813799306079044
0.6860000000000005,-1.5893771101267185,2.4892556533401797,0.0021137078698059593,9.813775608212257
0.6880000000000005,-1.58437750624412,2.4998019412992614,0.0020490818976784606,9.813751884625686
0.6900000000000005,-1.5793574546846658,2.5100257797271537,0.001985344581788489,9.813728139311216
0.6920000000000005,-1.5743175914795662,2.5199316025499967,0.0019224859459736413,9.81370437618403
0.6940000000000005,-1.56925854389173,2.5295237939181394,0.001860496115063788,9.81368059908336
0.6960000000000005,-1.5641809305143095,2.5388066887100367,0.0017993653139537942,9.813656811773253
0.6980000000000005,-1.5590853613682467,2.5477845730315263,0.0017390838666822284,9.813633017943317
0.7000000000000005,-1.5539724379988256,2.5564616847104973,0.0016796421955168825,9.813609221209507
0.7020000000000005,-1.5488427535712517,2.5648422137870033,0.00162103082004696,9.813585425114885
0.7040000000000005,-1.543696892965254,2.572930302998846,0.001563240356281588,9.813561633130396
0.7060000000000005,-1.5385354328687284,2.580730048262659,0.0015062615157551001,9.813537848655654
0.7080000000000005,-1.5333589418704274,2.5882454991505313,0.0014500851046391032,9.813514075019725
0.7100000000000005,-1.528167980551703,2.5954806593621957,0.0013947020228608047,9.813490315481905
0.7120000000000005,-1.5229631015773175,2.602439487192816,0.0013401032632283719,9.81346657323251
0.7140000000000005,-1.5177448497853248,2.6091258959964176,0.0012862799105627966,9.81344285139367
0.7160000000000005,-1.5125137622760345,2.615543754644985,0.0012332231408362995,9.813419153020114
0.7180000000000005,-1.5072703685000681,2.6216968879832536,0.0011809242203177604,9.813395481099963
0.7200000000000005,-1.5020151903455097,2.6275890772792456,0.001129374504724289,9.813371838555524
0.7220000000000005,-1.4967487422241688,2.6332240606705692,0.0010785654383798603,9.813348228244081
0.7240000000000005,-1.4914715311569557,2.6386055336065217,0.0010284885533804848,9.813324652958684
0.7260000000000005,-1.4861840568583842,2.643737149286018,0.0009791354687659869,9.813301115428946
0.7280000000000005,-1.4808868118202014,2.6486225190914037,0.0009304978896983902,9.81327761832183
0.7300000000000005,-1.4755802813941652,2.653265213018157,0.0008825676066468828,9.813254164242444
0.7320000000000005,-1.4702649438739641,2.6576687601005236,0.000835336494579602,9.813230755734825
0.7340000000000005,-1.464941270576298,2.6618366488331215,0.0007887965121617935,9.813207395282726
0.7360000000000005,-1.4596097259211214,2.6657723275885505,0.0007429397009604335,9.813184085310402
0.7380000000000005,-1.454270767511059,2.6694792050310245,0.0006977581846556793,9.813160828183396
0.7400000000000005,-1.4489248462100068,2.6729606505260723,0.0006532441682587549,9.813137626209315
0.7420000000000005,-1.443572406220914,2.676219994546342,0.0006093899373361793,9.813114481638614
0.7440000000000005,-1.4382138851627668,2.6792605290735203,0.0005661878572406007,9.813091396665364
0.7460000000000006,-1.4328497141467742,2.682085507996433,0.0005236303723480835,9.813068373428028
0.7480000000000006,-1.4274803178517632,2.6846981475053227,0.00048171000530176575,9.813045414010226
0.7500000000000006,-1.422106114598799,2.687101626482362,0.0004404193562620312,9.813022520441512
0.7520000000000006,-1.4167275164250224,2.689299086888431,0.0003997511021627681,9.81299969469812
0.7540000000000006,-1.4113449291567304,2.691293634146163,0.0003596979959743542,9.812976938703732
0.7560000000000006,-1.4059587524816917,2.6930883375193386,0.00032025286597260963,9.812954254330224
0.7580000000000006,-1.4005693800207142,2.6946862304886166,0.000281408615014158,9.812931643398425
0.7600000000000006,-1.3951771993984667,2.6960903111236463,0.00024315821981828536,9.812909107678855
0.7620000000000006,-1.3897825923135634,2.697303542451615,0.00020549473025441994,9.812886648892468
0.7640000000000006,-1.384385934607919,2.6983288528222187,0.00016841126863631484,9.812864268711389
0.7660000000000006,-1.378987596335381,2.6991691362691244,0.0001319010290221738,9.81284196875964
0.7680000000000006,-1.373587941829645,2.6998272528679412,9.595727652078959e-05,9.812819750613878
0.7700000000000006,-1.3681873297714637,2.700306029090717,6.0573346604083506e-05,9.8127976158041
0.7720000000000006,-1.3627861132551495,2.7006082581570214,2.574264442519597e-05,9.812775565814375
0.7740000000000006,-1.3573846398543867,2.700736700381615,-8.541355856921118e-06,9.812753602083541
0.7760000000000006,-1.351983251687349,2.7006940835187487,-4.228511174742683e-05,9.812731726005923
0.7780000000000006,-1.3465822854811427,2.700483103103129,-7.54950130790813e-05,9.812709938932024
0.7800000000000006,-1.3411820726355679,2.7001064227875657,-0.00010817738267034083,9.812688242169223
0.7820000000000006,-1.335782939286213,2.6995666746773384,-0.00014033847697729127,9.812666636982465
0.7840000000000006,-1.3303852063668906,2.6988664596613066,-0.00017198448673986025,9.81264512459494
0.7860000000000006,-1.324989189671411,2.6980083477398034,-0.00020312153762224242,9.812623706188766
0.7880000000000006,-1.3195951999147126,2.696994878349328,-0.0002337556908477076,9.812602382905656
0.7900000000000006,-1.3142035427933443,2.6958285606840673,-0.0002638929438274311,9.812581155847584
0.7920000000000006,-1.3088145190453158,2.6945118740142924,-0.00029353923078400887,9.812560026077447
0.7940000000000006,-1.3034284245093124,2.6930472680016275,-0.00032270042336914745,9.81253899461972
0.7960000000000006,-1.2980455501832897,2.6914371630112535,-0.0003513823312758235,9.812518062461095
0.7980000000000006,-1.2926661822824477,2.689683950421044,-0.0003795907028449133,9.812497230551134
0.8000000000000006,-1.2872906022965924,2.687789992927685,-0.00040733122566638524,9.812476499802893
0.8020000000000006,-1.281919087046893,2.6857576248497836,-0.00043460952717488954,9.81245587109356
0.8040000000000006,-1.276551908742037,2.683589152428017,-0.00046143117524016786,9.812435345265072
0.8060000000000006,-1.2711893350337922,2.681286854122325,-0.00048780167875172795,9.812414923124736
0.8080000000000006,-1.26583162907198,2.6788529809061967,-0.0005137264881986056,9.812394605445832
0.8100000000000006,-1.260479049558864,2.6762897565580532,-0.0005392109962435825,9.812374392968225
0.8120000000000006,-1.2551318508029643,2.673599377949768,-0.0005642605382921335,9.812354286398957
0.8140000000000006,-1.2497902827722995,2.6707840153323583,-0.0005888803930561987,9.81233428641284
0.8160000000000006,-1.2444545911470621,2.667845812618849,-0.0006130757831129194,9.812314393653041
0.8180000000000006,-1.2391250173717334,2.6647868876643592,-0.0006368518754580679,9.81229460873166
0.8200000000000006,-1.2338017987066465,2.661609332543424,-0.0006602137820544314,9.812274932230299
0.8220000000000006,-1.2284851682789975,2.6583152138245776,-0.0006831665603751098,9.812255364700635
0.8240000000000006,-1.223175355133313,2.6549065728422288,-0.0007057152139419709,9.812235906664966
0.8260000000000006,-1.2178725842813813,2.6513854259658527,-0.00072786469285889,9.812216558616784
0.8280000000000006,-1.2125770767516484,2.6477537648665153,-0.0007496198943401887,9.812197321021298
0.8300000000000006,-1.2072890496380868,2.644013556780761,-0.0007709856632341916,9.81217819431599
0.8320000000000006,-1.2020087161485429,2.6401667447719013,-0.0007919667925419017,9.812159178911145
0.8340000000000006,-1.1967362856525658,2.6362152479886936,-0.0008125680239307632,9.812140275190373
0.8360000000000006,-1.191471963728723,2.6321609619214783,-0.000832794048243924,9.812121483511138
0.8380000000000006,-1.1862159522114115,2.6280057586557612,-0.0008526495060044333,9.81210280420526
0.8400000000000006,-1.1809684492371648,2.6237514871232825,-0.0008721389879148903,9.812084237579441
0.8420000000000006,-1.1757296492904634,2.619399973350597,-0.0008912670353524513,9.812065783915752
0.8440000000000006,-1.1704997432490531,2.614953020705183,-0.0009100381408592671,9.812047443472132
0.8460000000000006,-1.1652789184287748,2.610412410139103,-0.0009284567486281953,9.812029216482879
0.8480000000000006,-1.1600673586279144,2.605779900430234,-0.0009465272549840191,9.812011103159135
0.8500000000000006,-1.1548652441710723,2.6010572284211175,-0.0009642540088602991,9.811993103689355
0.8520000000000006,-1.1496727519525616,2.596246109255406,-0.0009816413122714814,9.811975218239791
0.8540000000000006,-1.144490055479338,2.5913482366119664,-0.0009986934207808877,9.811957446954938
0.8560000000000006,-1.1393173249134647,2.586365282936648,-0.0010154145439640744,9.81193978995801
0.8580000000000007,-1.1341547271141215,2.581298899671741,-0.0010318088458679542,9.811922247351383
0.8600000000000007,-1.1290024256791549,2.576150717483135,-0.0010478804454656515,9.811904819217037
0.8620000000000007,-1.1238605809861846,2.570922346485212,-0.0010636334171067394,9.811887505617008
0.8640000000000007,-1.1187293502332576,2.5656153764635024,-0.0010790717909638509,9.811870306593814
0.8660000000000007,-1.1136088874790673,2.560231377095098,-0.0010941995534744856,9.81185322217088
0.8680000000000007,-1.1084993436827335,2.554771898166867,-0.0011090206477789404,9.811836252352968
0.8700000000000007,-1.1034008667431505,2.5492384697914887,-0.001123538974154091,9.811819397126591
0.8720000000000007,-1.0983136015379078,2.5436326026213143,-0.0011377583904429653,9.811802656460422
0.8740000000000007,-1.0932376899617875,2.5379557880600965,-0.0011516827124804126,9.811786030305695
0.8760000000000007,-1.0881732709648426,2.53220949847258,-0.0011653157145146247,9.811769518596607
0.8780000000000007,-1.0831204805900587,2.526395187392003,-0.0011786611296246523,9.81175312125072
0.8800000000000007,-1.0780794520106076,2.5205142897255053,-0.0011917226501340639,9.811736838169326
0.8820000000000007,-1.0730503155666928,2.5145682219574805,-0.0012045039280205762,9.811720669237854
0.8840000000000007,-1.0680331988019909,2.5085583823508766,-0.0012170085753219623,9.81170461432623
0.8860000000000007,-1.0630282264996977,2.5024861511464778,-0.0012292401645378065,9.81168867328925
0.8880000000000007,-1.0580355207181775,2.4963528907601793,-0.0012412022290277588,9.81167284596695
0.8900000000000007,-1.0530552008262208,2.4901599459782764,-0.001252898263405921,9.811657132184957
0.8920000000000007,-1.0480873835379194,2.483908644150779,-0.0012643317239312904,9.811641531754857
0.8940000000000007,-1.0431321829471543,2.4776002953827865,-0.0012755060288946428,9.81162604447453
0.8960000000000007,-1.0381897105617062,2.471236192723934,-0.0012864245590018981,9.811610670128497
0.8980000000000007,-1.0332600753369945,2.464817612355912,-0.0012970906577533699,9.811595408488259
0.9000000000000007,-1.0283433837094382,2.4583458137781076,-0.0013075076318198701,9.81158025931264
0.9020000000000007,-1.0234397396294552,2.4518220399913644,-0.0013176787514149503,9.81156522234809
0.9040000000000007,-1.0185492445940953,2.4452475176798862,-0.0013276072506636753,9.811550297329036
0.9060000000000007,-1.0136719976793127,2.438623457391294,-0.0013372963279678664,9.81153548397818
0.9080000000000007,-1.0088080955718828,2.4319510537148736,-0.0013467491463678843,9.811520782006813
0.9100000000000007,-1.0039576326009667,2.4252314854580033,-0.0013559688339007982,9.811506191115136
0.9120000000000007,-0.9991207007693251,2.418465915820808,-0.0013649584839554064,9.81149171099255
0.9140000000000007,-0.9942973897841872,2.411655492569031,-0.0013737211556235467,9.811477341317952
0.9160000000000007,-0.9894877870877766,2.404801348205165,-0.0013822598740483617,9.811463081760037
0.9180000000000007,-0.984691977887501,2.397904600137827,-0.0013905776307688057,9.811448931977582
0.9200000000000007,-0.9799100451858023,2.3909663508494363,-0.0013986773840612976,9.811434891619724
0.9220000000000007,-0.9751420698096778,2.3839876880621698,-0.0014065620592778327,9.811420960326249
0.9240000000000007,-0.9703881304398734,2.376969684902241,-0.0014142345491808053,9.811407137727855
0.9260000000000007,-0.9656483036397482,2.3699134000625026,-0.0014216977142749027,9.811393423446427
0.9280000000000007,-0.9609226638838214,2.3628198779634015,-0.0014289543831354293,9.8113798170953
0.9300000000000007,-0.9562112835859967,2.35569014891228,-0.001436007352733814,9.811366318279525
0.9320000000000007,-0.9515142331274744,2.3485252292610697,-0.0014428593887596854,9.811352926596113
0.9340000000000007,-0.9468315808843496,2.341326121562368,-0.0014495132259400821,9.811339641634294
0.9360000000000007,-0.9421633932549016,2.3340938147239276,-0.001455971568355554,9.811326462975765
0.9380000000000007,-0.9375097346865785,2.3268292841615628,-0.0014622370897529845,9.811313390194933
0.9400000000000007,-0.9328706677026777,2.3195334919505024,-0.0014683124338558222,9.81130042285914
0.9420000000000007,-0.928246252928727,2.312207386975187,-0.001474200214670842,9.811287560528923
0.9440000000000007,-0.9236365491185721,2.3048519050775456,-0.001479903016792277,9.811274802758218
0.9460000000000007,-0.9190416131801643,2.2974679692037396,-0.001485423395702963,9.8112621490946
0.9480000000000007,-0.9144615002010658,2.29005648954942,-0.0014907638780723674,9.811249599079506
0.9500000000000007,-0.909896263473659,2.2826183637034885,-0.0014959269620520611,9.811237152248443
0.9520000000000007,-0.9053459545200782,2.2751544767903904,-0.0015009151175681412,9.811224808131213
0.9540000000000007,-0.9008106231168562,2.2676657016109405,-0.0015057307866107109,9.811212566252115
0.9560000000000007,-0.8962903173192932,2.260152898781706,-0.0015103763835207576,9.811200426130155
0.9580000000000007,-0.8917850834855474,2.2526169168729715,-0.00151485429527436,9.81118838727925
0.9600000000000007,-0.8872949663004568,2.245058592545266,-0.001519166881763706,9.81117644920842
0.9620000000000007,-0.8828200087990877,2.2374787506845024,-0.001523316476075863,9.811164611421988
0.9640000000000007,-0.8783602523900162,2.2298782045357175,-0.0015273053847684806,9.811152873419775
0.9660000000000007,-0.8739157368783453,2.2222577558354426,-0.0015311358881430967,9.811141234697278
0.9680000000000007,-0.86948650048846,2.214618194942704,-0.0015348102405155807,9.811129694745864
0.9700000000000008,-0.8650725798865225,2.206960300968684,-0.0015383306704841067,9.811118253052939
0.9720000000000008,-0.8606740102027126,2.199284841905032,-0.0015416993811943787,9.811106909102136
0.9740000000000008,-0.8562908250532107,2.1915925747508638,-0.0015449185506024449,9.811095662373486
0.9760000000000008,-0.851923056561934,2.1838842456384406,-0.0015479903317347776,9.811084512343585
0.9780000000000008,-0.8475707353820188,2.17616058995756,-0.0015509168529459806,9.81107345848576
0.9800000000000008,-0.8432338907170613,2.168422332478646,-0.0015537002181738313,9.81106250027024
0.9820000000000008,-0.8389125503421122,2.160670187474589,-0.0015563425071920198,9.811051637164308
0.9840000000000008,-0.8346067406244295,2.1529048588413016,-0.001558845775860334,9.81104086863246
0.9860000000000008,-0.8303164865439955,2.1451270402170417,-0.0015612120563723159,9.811030194136567
0.9880000000000008,-0.8260418117137946,2.1373374151004887,-0.0015634433575006414,9.811019613136015
0.9900000000000008,-0.8217827383998593,2.1295366569676104,-0.0015655416648401345,9.811009125087859
0.9920000000000008,-0.8175392875410846,2.1217254293873005,-0.0015675089410482138,9.810998729446963
0.9940000000000008,-0.813311478768813,2.113904386135827,-0.001569347126083153,9.810988425666151
0.9960000000000008,-0.8090993304261928,2.106074171310091,-0.0015710581374400873,9.810978213196334
0.9980000000000008,-0.8049028595873136,2.0982354194396993,-0.001572643870384343,9.810968091486654
1.0000000000000007,-0.8007220820761177,2.0903887555978864,-0.0015741061981830555,9.810958059984614
1.0020000000000007,-0.7965570124850953,2.0825347955112745,-0.001575446972334013,9.810948118136212
1.0040000000000007,-0.7924076641937582,2.074674145668482,-0.0015766680227924795,9.81093826538606
1.0060000000000007,-0.788274049386903,2.0668074034276183,-0.0015777711581958231,9.81092850117752
1.0080000000000007,-0.7841561790726578,2.0589351571226486,-0.0015787581660859605,9.810918824952816
1.0100000000000007,-0.7800540631003203,2.05105798616864,-0.0015796308131293818,9.810909236153162
1.0120000000000007,-0.7759677101779885,2.0431764611659298,-0.0015803908453353582,9.810899734218868
1.0140000000000007,-0.7718971278899821,2.035291144003187,-0.0015810399882717867,9.810890318589465
1.0160000000000007,-0.7678423227140634,2.0274025879594086,-0.0015815799472790257,9.810880988703813
1.0180000000000007,-0.7638033000384539,2.0195113378048406,-0.001582012407681542,9.810871744000206
1.0200000000000007,-0.7597800641786522,2.011617929900851,-0.0015823390349975798,9.810862583916483
1.0220000000000007,-0.7557726183940547,2.0037228922987467,-0.0015825614751466474,9.810853507890137
1.0240000000000007,-0.7517809649043795,1.9958267448375642,-0.001582681354655089,9.810844515358399
1.0260000000000007,-0.7478051049058979,1.9879299992408341,-0.001582700280859571,9.81083560575836
1.0280000000000007,-0.7438450385874733,1.9800331592123206,-0.0015826198421085708,9.810826778527057
1.0300000000000007,-0.7399007651464118,1.9721367205307692,-0.0015824416079619277,9.810818033101562
1.0320000000000007,-0.7359722828041244,1.9642411711436485,-0.0015821671293883566,9.810809368919086
1.0340000000000007,-0.7320595888216045,1.9563469912599087,-0.0015817979389610194,9.810800785417069
1.0360000000000007,-0.728162679514721,1.9484546534417706,-0.0015813355510512737,9.810792282033255
1.0380000000000007,-0.7242815502693299,1.9405646226955375,-0.0015807814620204634,9.810783858205792
1.0400000000000007,-0.720416195556207,1.9326773565614621,-0.0015801371504096974,9.810775513373313
1.0420000000000007,-0.7165666089458016,1.924793305202654,-0.0015794040771279355,9.810767246975015
1.0440000000000007,-0.7127327831228154,1.9169129114930585,-0.0015785836856381345,9.810759058450738
1.0460000000000007,-0.7089147099006065,1.909036611104501,-0.0015776774021415071,9.810750947241049
1.0480000000000007,-0.7051123802354209,1.9011648325928132,-0.0015766866357600703,9.810742912787312
1.0500000000000007,-0.7013257842404547,1.893297997483053,-0.0015756127787173342,9.810734954531764
1.0520000000000007,-0.697554911199747,1.8854365203538186,-0.0015744572065171866,9.810727071917587
1.0540000000000007,-0.6937997495819056,1.8775808089206634,-0.0015732212781209773,9.810719264388982
1.0560000000000007,-0.6900602870536684,1.869731264118645,-0.001571906336123037,9.810711531391231
1.0580000000000007,-0.6863365104933001,1.8618882801839824,-0.0015705137069242196,9.810703872370768
1.0600000000000007,-0.6826284060038308,1.8540522447348502,-0.0015690447009037434,9.81069628677524
1.0620000000000007,-0.6789359589261281,1.8462235388513244,-0.0015675006125896972,9.810688774053578
1.0640000000000007,-0.6752591538518192,1.8384025371544686,-0.0015658827208272774,9.810681333656044
1.0660000000000007,-0.67159797463605,1.8305896078845827,-0.0015641922889458384,9.810673965034312
1.0680000000000007,-0.6679524044100926,1.8227851129786174,-0.0015624305649239896,9.8106666676415
1.0700000000000007,-0.6643224255937992,1.8149894081467697,-0.0015605987815532144,9.810659440932254
1.0720000000000007,-0.6607080199079025,1.8072028429482556,-0.0015586981565998796,9.810652284362776
1.0740000000000007,-0.65710916838617,1.7994257608662825,-0.0015567298929654617,9.810645197390897
1.0760000000000007,-0.6535258513874055,1.791658499382209,-0.0015546951788453327,9.810638179476122
1.0780000000000007,-0.6499580486073077,1.7839013900489276,-0.0015525951878859502,9.810631230079679
1.0800000000000007,-0.6464057390901807,1.7761547585634547,-0.0015504310793404488,9.810624348664565
1.0820000000000007,-0.6428689012405031,1.768418924838742,-0.0015482039982226727,9.810617534695599
1.0840000000000007,-0.6393475128343536,1.7606942030747261,-0.0015459150754596647,9.810610787639467
1.0860000000000007,-0.6358415510306964,1.7529809018286175,-0.0015435654280427993,9.810604106964764
1.0880000000000007,-0.6323509923825275,1.7452793240844233,-0.0015411561591771109,9.810597492142035
1.0900000000000007,-0.6288758128478841,1.737589767321742,-0.0015386883584293902,9.81059094264382
1.0920000000000007,-0.6254159878007165,1.729912523583809,-0.0015361631018747518,9.810584457944698
1.0940000000000007,-0.6219714920416268,1.7222478795448115,-0.0015335814522416079,9.810578037521315
1.0960000000000008,-0.618542299808474,1.7145961165764811,-0.001530944459055307,9.81057168085243
1.0980000000000008,-0.6151283847868461,1.7069575108139718,-0.0015282531587803919,9.81056538741895
1.1000000000000008,-0.6117297201204039,1.6993323332210268,-0.0015255085749612783,9.810559156703967
1.1020000000000008,-0.6083462784210952,1.6917208496544407,-0.0015227117183616162,9.810552988192784
1.1040000000000008,-0.6049780317792397,1.684123320927831,-0.0015198635871023318,9.810546881372954
1.1060000000000008,-0.6016249517734903,1.6765400028747184,-0.001516965166798126,9.810540835734313
1.1080000000000008,-0.5982870094806684,1.6689711464109251,-0.0015140174306927344,9.810534850769008
1.1100000000000008,-0.594964175485476,1.6614169975963013,-0.001511021339792737,9.810528925971525
1.1120000000000008,-0.5916564198900843,1.65387779769578,-0.001507977843000153,9.810523060838715
1.1140000000000008,-0.5883637123236047,1.646353783239773,-0.001504887877243559,9.810517254869833
1.1160000000000008,-0.5850860219514369,1.6388451860839135,-0.0015017523676079947,9.810511507566543
1.1180000000000008,-0.5818233174845007,1.6313522334681474,-0.0014985722274635342,9.810505818432969
1.1200000000000008,-0.5785755671883501,1.623875148075185,-0.0014953483585925763,9.810500186975695
1.1220000000000008,-0.5753427388921736,1.6164141480883203,-0.0014920816513158165,9.8104946127038
1.1240000000000008,-0.5721247999976764,1.608969447248612,-0.001488772984616995,9.810489095128885
1.1260000000000008,-0.5689217174878534,1.6015412549114587,-0.0014854232262664184,9.810483633765076
1.1280000000000008,-0.5657334579356471,1.594129776102537,-0.001482033232943162,9.810478228129064
1.1300000000000008,-0.5625599875125007,1.5867352115731512,-0.0014786038503559196,9.81047287774011
1.1320000000000008,-0.5594012719967908,1.5793577578549642,-0.0014751359133631653,9.810467582120074
1.1340000000000008,-0.5562572767821624,1.5719976073141328,-0.0014716302460914092,9.81046234079342
1.1360000000000008,-0.5531279668857526,1.5646549482048586,-0.001468087662052725,9.810457153287244
1.1380000000000008,-0.550013306956308,1.5573299647223462,-0.001464508964260914,9.810452019131283
1.1400000000000008,-0.5469132612821976,1.5500228370551858,-0.00146089494534659,9.810446937857932
1.1420000000000008,-0.5438277937993233,1.5427337414371571,-0.0014572463876709636,9.81044190900226
1.1440000000000008,-0.5407568680989263,1.5354628501984722,-0.0014535640634386546,9.810436932102014
1.1460000000000008,-0.5377004474352935,1.5282103318164477,-0.0014498487348091754,9.810432006697646
1.1480000000000008,-0.5346584947333622,1.5209763509656253,-0.001446101154007496,9.810427132332311
1.1500000000000008,-0.5316309725962275,1.5137610685673417,-0.0014423220634332823,9.810422308551889
1.1520000000000008,-0.5286178433125501,1.5065646418387495,-0.0014385121957691642,9.810417534904982
1.1540000000000008,-0.5256190688638673,1.4993872243413033,-0.0014346722740879517,9.810412810942937
1.1560000000000008,-0.52263461093181,1.492228966028705,-0.0014308030119585084,9.81040813621985
1.1580000000000008,-0.5196644309052214,1.485090013294321,-0.0014269051135508484,9.810403510292568
1.1600000000000008,-0.5167084898871851,1.4779705090180877,-0.0014229792737401187,9.810398932720704
1.1620000000000008,-0.5137667487019593,1.4708705926128713,-0.0014190261782091908,9.81039440306664
1.1640000000000008,-0.5108391679018186,1.4637904000703479,-0.0014150465035507598,9.810389920895537
1.1660000000000008,-0.507925707773806,1.4567300640063547,-0.001411040917367986,9.810385485775331
1.1680000000000008,-0.5050263283463943,1.4496897137057345,-0.0014070100783742517,9.810381097276752
1.1700000000000008,-0.5021409893960609,1.4426694751667026,-0.0014029546364918988,9.810376754973314
1.1720000000000008,-0.4992696504537714,1.4356694711447038,-0.0013988752329500212,9.810372458441332
1.1740000000000008,-0.4964122708113799,1.4286898211957846,-0.001394772500381107,9.810368207259911
1.1760000000000008,-0.4935688095279409,1.4217306417194933,-0.0013906470629169096,9.81036400101096
1.1780000000000008,-0.4907392254359383,1.4147920460012884,-0.001386499536283177,9.810359839279188
1.1800000000000008,-0.4879234771474295,1.4078741442544787,-0.001382330527893376,9.81035572165211
1.1820000000000008,-0.48512152306010603,1.4009770436617028,-0.001378140636941725,9.810351647720042
1.1840000000000008,-0.48233332136327406,1.394100848415936,-0.0013739304544949649,9.810347617076104
1.1860000000000008,-0.4795588300437521,1.387245659761041,-0.0013697005635833637,9.810343629316225
1.1880000000000008,-0.47679800689168833,1.380411576031867,-0.0013654515392908274,9.810339684039135
1.1900000000000008,-0.4740508095063006,1.373598692693898,-0.0013611839488438908,9.810335780846366
1.1920000000000008,-0.47131719530153576,1.3668071023824577,-0.001356898351700074,9.810331919342252
1.1940000000000008,-0.4685971215116527,1.3600368949414703,-0.0013525952996351134,9.810328099133928
1.1960000000000008,-0.4658905451967292,1.35328815746179,-0.0013482753368293104,9.810324319831324
1.1980000000000008,-0.463197423248091,1.3465609743190998,-0.0013439389999532238,9.810320581047167
1.2000000000000008,-0.46051771239366834,1.3398554272113767,-0.001339586818252166,9.810316882396972
1.2020000000000008,-0.4578513692032765,1.3331715951959462,-0.001335219313630084,9.810313223499044
1.2040000000000008,-0.4551983500938242,1.3265095547261039,-0.0013308370007324415,9.81030960397447
1.2060000000000008,-0.4525586113344494,1.3198693796873395,-0.0013264403870283,9.810306023447117
1.2080000000000009,-0.449932109051583,1.313251141433137,-0.0013220299728915457,9.810302481543628
1.2100000000000009,-0.44731879923394224,1.3066549088203812,-0.001317606251681291,9.81029897789341
1.2120000000000009,-0.4447186377374535,1.300080748244354,-0.001313169709821477,9.81029551212864
1.2140000000000009,-0.44213158029010685,1.2935287236733353,-0.0013087208268795277,9.81029208388425
1.2160000000000009,-0.4395575824967412,1.286998896682821,-0.0013042600756443968,9.810288692797924
1.2180000000000009,-0.43699659984376255,1.2804913264893376,-0.0012997879222036678,9.81028533851009
1.2200000000000009,-0.4344485877037948,1.2740060699838793,-0.0012953048260198417,9.81028202066392
1.2220000000000009,-0.4319135013402649,1.2675431817649665,-0.0012908112400059728,9.81027873890531
1.2240000000000009,-0.42939129591192227,1.2611027141713191,-0.0012863076106003693,9.810275492882887
1.2260000000000009,-0.426881926477294,1.2546847173141682,-0.001281794377840659,9.810272282247988
1.2280000000000009,-0.4243853479990756,1.2482892391091869,-0.0012772719754369777,9.810269106654667
1.2300000000000009,-0.42190151534845954,1.2419163253080665,-0.0012727408308445074,9.810265965759669
1.2320000000000009,-0.41943038330940013,1.235566019529718,-0.0012682013653351216,9.810262859222437
1.2340000000000009,-0.4169719065828179,1.2292383632911317,-0.00126365399406847,9.810259786705096
1.2360000000000009,-0.41452603979074215,1.2229333960378685,-0.0012590991261621672,9.810256747872444
1.2380000000000009,-0.41209273748039377,1.2166511551742074,-0.001254537164761314,9.810253742391943
1.2400000000000009,-0.4096719541282078,1.2103916760929483,-0.0012499685071073914,9.810250769933713
1.2420000000000009,-0.4072636441437981,1.2041549922048618,-0.0012453935446061892,9.81024783017052
1.2440000000000009,-0.4048677618738624,1.1979411349678135,-0.0012408126628953697,9.810244922777759
1.2460000000000009,-0.4024842616060313,1.1917501339155385,-0.0012362262419110173,9.810242047433462
1.2480000000000009,-0.4001130975726591,1.1855820166860913,-0.001231634655953705,9.810239203818265
1.2500000000000009,-0.39775422395455917,1.1794368090499638,-0.0012270382737537555,9.810236391615419
1.252000000000001,-0.39540759488468336,1.1733145349378786,-0.0012224374585359105,9.81023361051076
1.254000000000001,-0.39307316445174684,1.1672152164682583,-0.0012178325680832422,9.810230860192714
1.256000000000001,-0.3907508867037981,1.1611388739743764,-0.0012132239548004568,9.810228140352278
1.258000000000001,-0.38844071565173577,1.1550855260311934,-0.0012086119657765213,9.810225450683003
1.260000000000001,-0.38614260527277194,1.149055189481876,-0.0012039969428466277,9.810222790881001
1.262000000000001,-0.3838565095138439,1.1430478794640158,-0.0011993792226535124,9.810220160644915
1.264000000000001,-0.3815823822949728,1.1370636094355346,-0.0011947591367081813,9.810217559675914
1.266000000000001,-0.37932017751257224,1.1311023912002893,-0.001190137011449927,9.810214987677682
1.268000000000001,-0.37706984904270546,1.1251642349333753,-0.0011855131683057348,9.810212444356408
1.270000000000001,-0.37483135074429325,1.1192491492061392,-0.0011808879237491434,9.810209929420768
1.272000000000001,-0.37260463646227143,1.1133571410108887,-0.001176261589358369,9.810207442581918
1.274000000000001,-0.3703896600307008,1.1074882157853232,-0.001171634471873918,9.810204983553477
1.276000000000001,-0.3681863752758275,1.1016423774366657,-0.00116700687325552,9.810202552051523
1.278000000000001,-0.36599473601909643,1.0958196283655226,-0.0011623790907385832,9.810200147794568
1.280000000000001,-0.36381469608011757,1.0900199694894497,-0.001157751416889865,9.810197770503553
1.282000000000001,-0.361646209279585,1.0842434002662495,-0.0011531241396627572,9.810195419901836
1.284000000000001,-0.35948922944215106,1.07848991871699,-0.0011484975424518543,9.810193095715178
1.286000000000001,-0.35734371039925367,1.0727595214487478,-0.001143871904147012,9.810190797671723
1.288000000000001,-0.35520960599189955,1.0670522036770878,-0.0011392474991868337,9.810188525501996
1.290000000000001,-0.35308687007340295,1.061367959248271,-0.0011346245976115634,9.810186278938883
1.292000000000001,-0.3509754565120805,1.0557067806611993,-0.0011300034651154141,9.810184057717619
1.294000000000001,-0.3488753191939023,1.0500686590890993,-0.0011253843630983848,9.810181861575774
1.296000000000001,-0.34678641202510035,1.0444535844009528,-0.0011207675487175713,9.810179690253245
1.298000000000001,-0.34470868893473505,1.0388615451826595,-0.0011161532749377444,9.81017754349223
1.300000000000001,-0.34264210387721916,1.0332925287579597,-0.001111541790581651,9.81017542103723
1.302000000000001,-0.34058661083480096,1.0277465212090988,-0.0011069333403795952,9.810173322635023
1.304000000000001,-0.33854216382000646,1.0222235073972503,-0.0011023281650185974,9.810171248034656
1.306000000000001,-0.33650871687804107,1.01672347098268,-0.0010977265011909137,9.810169196987433
1.308000000000001,-0.33448622408915163,1.0112463944446928,-0.001093128581642247,9.810167169246894
1.310000000000001,-0.3324746395709491,1.0057922591013062,-0.0010885346352191554,9.81016516456881
1.312000000000001,-0.33047391748069166,1.0003610451287193,-0.0010839448869162712,9.810163182711161
1.314000000000001,-0.3284840120175307,0.9949527315805262,-0.0010793595579227933,9.810161223434129
1.316000000000001,-0.3265048774247173,0.9895672964067017,-0.0010747788656685665,9.810159286500076
1.318000000000001,-0.32453646799177255,0.9842047164723616,-0.001070203023869674,9.810157371673544
1.320000000000001,-0.32257873805662,0.9788649675762919,-0.0010656322425735415,9.810155478721223
1.322000000000001,-0.32063164200768157,0.9735480244692508,-0.0010610667282035264,9.81015360741195
1.324000000000001,-0.31869513428593743,0.9682538608720541,-0.0010565066836030965,9.810151757516692
1.326000000000001,-0.31676916938695054,0.9629824494934334,-0.0010519523080794544,9.810149928808526
1.328000000000001,-0.3148537018628551,0.9577337620476872,-0.001047403797446821,9.810148121062634
1.330000000000001,-0.31294868632431094,0.9525077692720985,-0.001042861344069057,9.810146334056284
1.332000000000001,-0.3110540774424226,0.9473044409441602,-0.0010383251369020727,9.810144567568816
1.334000000000001,-0.3091698299506254,0.942123745898572,-0.0010337953615355746,9.810142821381625
1.336000000000001,-0.3072958986465374,0.9369656520440428,-0.001029272200234516,9.810141095278158
1.338000000000001,-0.3054322383937776,0.9318301263798691,-0.0010247558319799437,9.810139389043885
1.340000000000001,-0.30357880412375293,0.9267171350123318,-0.0010202464325096208,9.810137702466294
1.342000000000001,-0.30173555083741116,0.9216266431708751,-0.0010157441743580565,9.810136035334878
1.344000000000001,-0.299902433606963,0.916558615224079,-0.0010112492268960233,9.810134387441114
1.346000000000001,-0.2980794075775721,0.9115130146954553,-0.001006761756369913,9.810132758578453
1.348000000000001,-0.2962664279690141,0.9064898042790411,-0.001002281925940554,9.810131148542306
1.350000000000001,-0.29446345007730457,0.9014889458547778,-0.0009978098957214038,9.81012955713003
1.352000000000001,-0.2926704292762971,0.8965104005037283,-0.0009933458228166547,9.810127984140916
1.354000000000001,-0.29088732101925086,0.8915541285230889,-0.0009888898613587462,9.810126429376167
1.356000000000001,-0.2891140808403688,0.886620089441017,-0.0009844421625455034,9.810124892638894
1.358000000000001,-0.2873506643563064,0.8817082420312714,-0.000980002874676856,9.810123373734095
1.360000000000001,-0.285597027267651,0.8768185443276711,-0.0009755721431912428,9.810121872468644
1.362000000000001,-0.28385312536037427,0.8719509536383774,-0.0009711501107015092,9.810120388651272
1.364000000000001,-0.28211891450725424,0.8671054265599875,-0.0009667369170305237,9.810118922092569
1.366000000000001,-0.2803943506692714,0.8622819189914529,-0.000962332699246244,9.810117472604944
1.368000000000001,-0.2786793898969757,0.8574803861478334,-0.0009579375916966785,9.810116040002637
1.370000000000001,-0.276973988331828,0.8527007825738587,-0.0009535517260441679,9.810114624101688
1.372000000000001,-0.27527810220751336,0.8479430621573353,-0.0009491752312994952,9.810113224719931
1.374000000000001,-0.2735916878512286,0.8432071781423728,-0.0009448082338555513,9.810111841676976
1.376000000000001,-0.2719147016849437,0.8384930831424476,-0.0009404508575206368,9.810110474794202
1.378000000000001,-0.2702471002266371,0.8338007291532992,-0.0009361032235514159,9.810109123894733
1.380000000000001,-0.2685888400915058,0.8291300675656567,-0.0009317654506854744,9.810107788803437
1.382000000000001,-0.2669398779931502,0.824481049177816,-0.000927437655173613,9.810106469346898
1.384000000000001,-0.26530017074473417,0.8198536242080365,-0.0009231199508116308,9.810105165353413
1.386000000000001,-0.2636696752601205,0.8152477423068025,-0.000918812448971967,9.810103876652978
1.388000000000001,-0.26204834855498266,0.8106633525689049,-0.0009145152586347901,9.81010260307727
1.390000000000001,-0.2604361477478919,0.806100403545384,-0.0009102284864189476,9.810101344459632
1.392000000000001,-0.25883303006138136,0.8015588432553072,-0.0009059522366123649,9.810100100635069
1.394000000000001,-0.25723895282298653,0.7970386191973989,-0.0009016866112022803,9.810098871440223
1.396000000000001,-0.25565387346626345,0.7925396783615204,-0.0008974317099050607,9.810097656713372
1.398000000000001,-0.2540777495317835,0.7880619672400031,-0.0008931876301957256,9.810096456294403
1.400000000000001,-0.2525105386681058,0.7836054318388274,-0.0008889544673371611,9.81009527002481
1.402000000000001,-0.2509521986327284,0.7791700176886641,-0.0008847323144089564,9.810094097747674
1.404000000000001,-0.2494026872930169,0.7747556698557645,-0.0008805212623359485,9.810092939307658
1.406000000000001,-0.2478619626271115,0.7703623329527135,-0.0008763213999164934,9.810091794550985
1.408000000000001,-0.24632998272481335,0.7659899511490383,-0.0008721328138503615,9.810090663325427
1.410000000000001,-0.24480670578845007,0.7616384681816794,-0.0008679555887663414,9.810089545480295
1.412000000000001,-0.24329209013371944,0.7573078273653281,-0.0008637898072496476,9.810088440866428
1.414000000000001,-0.2417860941905142,0.7529979716026147,-0.000859635549868773,9.810087349336175
1.416000000000001,-0.2402886765037259,0.7487088433941769,-0.0008554928952023092,9.810086270743382
1.418000000000001,-0.23879979573402874,0.7444403848485875,-0.0008513619198653594,9.810085204943386
1.420000000000001,-0.23731941065864448,0.7401925376921498,-0.0008472426985355955,9.810084151792994
1.422000000000001,-0.23584748017208731,0.7359652432785626,-0.0008431353039791215,9.810083111150476
1.424000000000001,-0.2343839632868904,0.7317584425984617,-0.0008390398070760238,9.810082082875553
1.426000000000001,-0.23292881913431268,0.7275720762888315,-0.0008349562768456692,9.810081066829378
1.428000000000001,-0.23148200696502808,0.7234060846422826,-0.0008308847804715906,9.810080062874535
1.430000000000001,-0.2300434861497956,0.7192604076162146,-0.0008268253833262421,9.810079070875013
1.432000000000001,-0.22861321618011185,0.7151349848418559,-0.0008227781489954407,9.810078090696203
1.434000000000001,-0.22719115666884543,0.711029755633175,-0.000818743139302509,9.810077122204884
1.436000000000001,-0.22577726735085402,0.7069446589956719,-0.0008147204143321013,9.810076165269212
1.438000000000001,-0.22437150808358391,0.7028796336350586,-0.0008107100324538773,9.810075219758703
1.440000000000001,-0.22297383884765226,0.6988346179658124,-0.0008067120503458657,9.810074285544227
1.442000000000001,-0.22158421974741307,0.6948095501196141,-0.0008027265230174611,9.810073362497992
1.444000000000001,-0.22020261101150568,0.6908043679536836,-0.0007987535038323987,9.81007245049353
1.446000000000001,-0.21882897299338774,0.6868190090589762,-0.0007947930445311568,9.810071549405695
1.448000000000001,-0.2174632661718512,0.6828534107682942,-0.0007908451952534142,9.810070659110643
1.450000000000001,-0.21610545115152266,0.6789075101642692,-0.0007869100045600711,9.810069779485822
1.452000000000001,-0.21475548866334815,0.6749812440872375,-0.0007829875194550326,9.810068910409958
1.454000000000001,-0.2134133395650621,0.6710745491430125,-0.0007790777854068311,9.81006805176305
1.456000000000001,-0.212078964841641,0.6671873617105412,-0.0007751808463699137,9.810067203426355
1.458000000000001,-0.21075232560574209,0.6633196179494649,-0.0007712967448057929,9.810066365282374
1.460000000000001,-0.20943338309812692,0.6594712538075586,-0.0007674255217038021,9.810065537214845
1.462000000000001,-0.2081220986880708,0.655642205028089,-0.0007635672166018221,9.810064719108727
1.464000000000001,-0.2068184338737567,0.6518324071570429,-0.0007597218676065479,9.810063910850197
1.466000000000001,-0.20552235028265614,0.648041795550281,-0.0007558895114137491,9.810063112326631
1.468000000000001,-0.204233809671895,0.6442703053805663,-0.0007520701833280798,9.810062323426594
1.470000000000001,-0.20295277392860597,0.6405178716445141,-0.0007482639172828693,9.810061544039833
1.472000000000001,-0.20167920507026704,0.6367844291694283,-0.0007444707458595205,9.810060774057265
1.474000000000001,-0.20041306524502697,0.6330699126200491,-0.0007406907003067783,9.810060013370961
1.476000000000001,-0.19915431673201656,0.629374256505203,-0.000736923810559789,9.810059261874143
1.478000000000001,-0.1979029219416479,0.6256973951843523,-0.0007331701052588294,9.81005851946117
1.480000000000001,-0.19665884341589976,0.6220392628740635,-0.0007294296117680132,9.810057786027523
1.482000000000001,-0.19542204382859105,0.6183997936543671,-0.0007257023561935581,9.810057061469804
1.484000000000001,-0.19419248598564098,0.6147789214750417,-0.0007219883634020773,9.810056345685716
1.486000000000001,-0.1929701328253174,0.6111765801617903,-0.0007182876570384173,9.81005563857406
1.488000000000001,-0.19175494741847268,0.6075927034223441,-0.0007146002595435214,9.810054940034716
1.490000000000001,-0.19054689296876776,0.6040272248524634,-0.0007109261921719066,9.810054249968648
1.492000000000001,-0.1893459328128841,0.6004800779418598,-0.0007072654750090359,9.810053568277876
1.494000000000001,-0.18815203042072398,0.5969511960800308,-0.0007036181269885113,9.810052894865475
1.496000000000001,-0.1869651493956,0.5934405125620035,-0.0006999841659089514,9.810052229635565
1.498000000000001,-0.185785253474412,0.5899479605940001,-0.0006963636084508073,9.810051572493304
1.500000000000001,-0.184612306527814,0.5864734732990167,-0.0006927564701928986,9.810050923344871
1.5020000000000011,-0.18344627256036938,0.5830169837223163,-0.0006891627656287636,9.810050282097455
1.5040000000000011,-0.18228711571069567,0.5795784248368515,-0.0006855825081829138,9.810049648659257
1.5060000000000011,-0.18113480025159853,0.5761577295485888,-0.0006820157102267188,9.81004902293947
1.5080000000000011,-0.17998929059019497,0.5727548307017722,-0.0006784623830943292,9.81004840484827
1.5100000000000011,-0.17885055126802682,0.5693696610840927,-0.0006749225370982093,9.810047794296816
1.5120000000000011,-0.17771854696116324,0.5660021534317853,-0.0006713961815445974,9.810047191197226
1.5140000000000011,-0.1765932424802939,0.5626522404346549,-0.000667883324748807,9.81004659546258
1.5160000000000011,-0.17547460277081187,0.559319854741017,-0.000664383974050285,9.810046007006903
1.5180000000000011,-0.17436259291288672,0.5560049289625669,-0.0006608981358275073,9.810045425745159
1.5200000000000011,-0.17325717812152835,0.5527073956791709,-0.0006574258155126788,9.810044851593243
1.5220000000000011,-0.17215832374664117,0.5494271874435982,-0.0006539670176064043,9.81004428446797
1.5240000000000011,-0.17106599527306884,0.5461642367861589,-0.0006505217456919685,9.810043724287068
1.5260000000000011,-0.16998015832063026,0.542918476219282,-0.0006470900024495643,9.81004317096916
1.5280000000000011,-0.16890077864414624,0.5396898382420267,-0.0006436717896703935,9.810042624433772
1.5300000000000011,-0.16782782213345718,0.5364782553445155,-0.0006402671082705478,9.810042084601308
1.5320000000000011,-0.16676125481343254,0.5332836600122993,-0.0006368759583046937,9.810041551393054
1.5340000000000011,-0.1657010428439712,0.5301059847306547,-0.0006334983389796349,9.81004102473116
1.5360000000000011,-0.16464715251999357,0.5269451619888185,-0.0006301342486677531,9.81004050453863
1.5380000000000011,-0.16359955027142525,0.5238011242841454,-0.0006267836849201984,9.810039990739327
1.5400000000000011,-0.16255820266317283,0.5206738041262141,-0.000623446644480055,9.810039483257949
1.5420000000000011,-0.16152307639509111,0.5175631340408476,-0.0006201231232951391,9.810038982020034
1.5440000000000011,-0.16049413830194292,0.5144690465740884,-0.0006168131165308639,9.810038486951939
1.5460000000000012,-0.15947135535335075,0.5113914742961029,-0.0006135166185828635,9.810037997980837
1.5480000000000012,-0.1584546946537407,0.5083303498050203,-0.000610233623089455,9.810037515034715
1.5500000000000012,-0.1574441234422793,0.5052856057307114,-0.0006069641229439308,9.810037038042358
1.5520000000000012,-0.1564396090928023,0.5022571747385006,-0.0006037081103067218,9.810036566933343
1.5540000000000012,-0.15544111911373662,0.49924498953283486,-0.0006004655766175225,9.81003610163803
1.5560000000000012,-0.1544486211480149,0.49624898286086855,-0.0005972365126070741,9.810035642087556
1.5580000000000012,-0.15346208297298286,0.49326908751600695,-0.0005940209083089721,9.810035188213831
1.5600000000000012,-0.15248147250030009,0.4903052363413796,-0.0005908187530712051,9.81003473994952
1.5620000000000012,-0.15150675777583358,0.4873573622332668,-0.0005876300355676838,9.810034297228045
1.5640000000000012,-0.15053790697954467,0.4844253981444587,-0.0005844547438095217,9.81003385998357
1.5660000000000012,-0.14957488842536953,0.4815092770875624,-0.000581292865156219,9.810033428150998
1.5680000000000012,-0.14861767056109298,0.47860893213825706,-0.0005781443863267467,9.810033001665966
1.5700000000000012,-0.147666221968216,0.4757242964384866,-0.0005750092934104448,9.810032580464826
1.5720000000000012,-0.1467205113618168,0.47285530319959845,-0.000571887571877764,9.810032164484655
1.5740000000000012,-0.14578050759040592,0.47000188570544105,-0.0005687792065910361,9.81003175366323
1.5760000000000012,-0.14484617963577515,0.46716397731538645,-0.0005656841818148569,9.810031347939033
1.5780000000000012,-0.14391749661284045,0.4643415114673192,-0.0005626024812265635,9.810030947251239
1.5800000000000012,-0.14299442776947932,0.46153442168056674,-0.0005595340879265016,9.810030551539707
1.5820000000000012,-0.14207694248636174,0.4587426415587765,-0.0005564789844481471,9.81003016074498
1.5840000000000012,-0.14116501027677628,0.45596610479274435,-0.0005534371527681319,9.810029774808267
1.5860000000000012,-0.14025860078644986,0.4532047451631933,-0.0005504085743161429,9.810029393671448
1.5880000000000012,-0.13935768379336314,0.45045849654350234,-0.0005473932299846582,9.810029017277058
1.5900000000000012,-0.13846222920755838,0.44772729290238583,-0.0005443911001387003,9.810028645568286
1.5920000000000012,-0.13757220707094528,0.44501106830652876,-0.0005414021646252707,9.810028278488964
1.5940000000000012,-0.13668758755709898,0.4423097569231677,-0.0005384264027827974,9.810027915983563
1.5960000000000012,-0.1358083409710537,0.439623293022628,-0.0005354637934504355,9.810027557997184
1.5980000000000012,-0.13493443774909208,0.4369516109808186,-0.0005325143149772851,9.810027204475555
1.6000000000000012,-0.13406584845852873,0.43429464528167516,-0.0005295779452314311,9.81002685536502
1.6020000000000012,-0.13320254379748958,0.4316523305195575,-0.0005266546616088854,9.810026510612538
1.6040000000000012,-0.1323444945946864,0.42902460140161225,-0.0005237444410425094,9.810026170165669
1.6060000000000012,-0.13149167180918625,0.4264113927500725,-0.0005208472600106264,9.810025833972576
1.6080000000000012,-0.13064404653017717,0.4238126395045372,-0.0005179630945457876,9.810025501982008
1.6100000000000012,-0.1298015899767288,0.421228276724187,-0.0005150919202431816,9.810025174143313
1.6120000000000012,-0.12896427349754885,0.4186582395899728,-0.0005122337122691299,9.810024850406403
1.6140000000000012,-0.12813206857073536,0.4161024634067489,-0.0005093884453693243,9.81002453072178
1.6160000000000012,-0.1273049468035246,0.41356088360537957,-0.0005065560938771049,9.810024215040501
1.6180000000000012,-0.12648287993203505,0.4110334357447884,-0.000503736631721481,9.810023903314192
1.6200000000000012,-0.12566583982100707,0.40852005551398135,-0.0005009300324351831,9.810023595495036
1.6220000000000012,-0.12485379846353904,0.4060206787340199,-0.0004981362691625218,9.81002329153576
1.6240000000000012,-0.12404672798081912,0.4035352413599644,-0.0004953553146672387,9.81002299138964
1.6260000000000012,-0.12324460062185358,0.40106367948276705,-0.000492587141340148,9.810022695010488
1.6280000000000012,-0.12244738876319132,0.3986059293311393,-0.0004898317212067909,9.810022402352653
1.6300000000000012,-0.1216550649086446,0.3961619272733649,-0.00048708902593485367,9.810022113371003
1.6320000000000012,-0.12086760168900637,0.3937316098190939,-0.0004843590268416593,9.810021828020934
1.6340000000000012,-0.12008497186176421,0.39131491362108844,-0.0004816416949014555,9.810021546258357
1.6360000000000012,-0.11930714831081038,0.38891177547693256,-0.0004789370007526111,9.81002126803969
1.6380000000000012,-0.11853410404614895,0.38652213233071137,-0.0004762449147047883,9.810020993321858
1.6400000000000012,-0.11776581220359963,0.3841459212746454,-0.00047356540674589435,9.810020722062283
1.6420000000000012,-0.11700224604449823,0.3817830795507048,-0.00047089844654913705,9.810020454218884
1.6440000000000012,-0.11624337895539386,0.3794335445521679,-0.00046824400347975255,9.810020189750068
1.6460000000000012,-0.11548918444774353,0.3770972538251693,-0.00046560204660188367,9.810019928614723
1.6480000000000012,-0.11473963615760313,0.3747741450701953,-0.0004629725446852022,9.810019670772217
1.6500000000000012,-0.11399470784531603,0.3724641561435584,-0.0004603554662115433,9.810019416182389
1.6520000000000012,-0.11325437339519838,0.3701672250588244,-0.0004577507793813093,9.810019164805547
1.6540000000000012,-0.11251860681522195,0.3678832899882261,-0.0004551584521200079,9.810018916602463
1.6560000000000012,-0.1117873822366939,0.3656122892640292,-0.0004525784520845186,9.810018671534362
1.6580000000000013,-0.11106067391393415,0.3633541613798786,-0.0004500107466694084,9.810018429562929
1.6600000000000013,-0.11033845622394996,0.36110884499209855,-0.0004474553030130203,9.810018190650286
1.6620000000000013,-0.109620703666108,0.3588762789209762,-0.0004449120880036031,9.810017954759008
1.6640000000000013,-0.10890739086180397,0.35665640215200983,-0.00044238106828534303,9.810017721852105
1.6660000000000013,-0.10819849255412974,0.3544491538371265,-0.0004398622102642861,9.810017491893017
1.6680000000000013,-0.10749398360753798,0.3522544732958675,-0.0004373554801141615,9.810017264845614
1.6700000000000013,-0.10679383900750489,0.35007230001655276,-0.0004348608437822112,9.810017040674191
1.6720000000000013,-0.10609803386019007,0.34790257365740407,-0.00043237826699482184,9.810016819343462
1.6740000000000013,-0.10540654339209474,0.34574523404765106,-0.0004299077152631766,9.810016600818553
1.6760000000000013,-0.10471934294971755,0.34360022118860567,-0.000427449153888823,9.810016385065003
1.6780000000000013,-0.10403640799920812,0.34146747525470666,-0.0004250025479691339,9.810016172048751
1.6800000000000013,-0.10335771412601903,0.3393469365945394,-0.0004225678624026974,9.810015961736145
1.6820000000000013,-0.1026832370345554,0.3372385457318213,-0.0004201450618945956,9.810015754093923
1.6840000000000013,-0.10201295254782264,0.33514224336637966,-0.00041773411096178437,9.810015549089218
1.6860000000000013,-0.10134683660707247,0.3330579703750792,-0.00041533497393816,9.81001534668955
1.6880000000000013,-0.10068486527144699,0.3309856678127435,-0.0004129476149797597,9.810015146862822
1.6900000000000013,-0.10002701471762093,0.3289252769130342,-0.0004105719980697143,9.810014949577315
1.6920000000000013,-0.09937326123944229,0.32687673908932086,-0.0004082080870233102,9.810014754801688
1.6940000000000013,-0.09872358124757125,0.324839995935513,-0.00040585584549282863,9.81001456250497
1.6960000000000013,-0.0980779512691175,0.3228149892268821,-0.0004035152369724834,9.810014372656555
1.6980000000000013,-0.09743634794727582,0.3208016609208372,-0.00040118622480306504,9.810014185226198
1.7000000000000013,-0.09679874804096045,0.31879995315770226,-0.0003988687721767658,9.810014000184019
1.7020000000000013,-0.09616512842443753,0.3168098082614492,-0.00039656284214173573,9.810013817500485
1.7040000000000013,-0.09553546608695669,0.31483116874042394,-0.0003942683976067467,9.81001363714642
1.7060000000000013,-0.09490973813238064,0.3128639772880359,-0.00039198540134564386,9.81001345909299
1.7080000000000013,-0.09428792177881377,0.3109081767834348,-0.0003897138160018363,9.810013283311706
1.7100000000000013,-0.09366999435822944,0.30896371029215675,-0.00038745360409263947,9.810013109774415
1.7120000000000013,-0.09305593331609592,0.3070305210667599,-0.0003852047280136746,9.810012938453307
1.7140000000000013,-0.09244571621100126,0.30510855254742597,-0.00038296715004307097,9.810012769320892
1.7160000000000013,-0.09183932071427613,0.30319774836255453,-0.00038074083234581734,9.810012602350016
1.7180000000000013,-0.0912367246096175,0.30129805232931317,-0.00037852573697765924,9.810012437513846
1.7200000000000013,-0.0906379057927091,0.29940940845419944,-0.0003763218258894551,9.810012274785871
1.7220000000000013,-0.09004284227084201,0.29753176093354916,-0.00037412906093101626,9.810012114139894
1.7240000000000013,-0.08945151216253393,0.295665054154053,-0.0003719474038552284,9.810011955550033
1.7260000000000013,-0.08886389369714746,0.29380923269323145,-0.0003697768163218756,9.810011798990713
1.7280000000000013,-0.08827996521450764,0.29196424131990695,-0.00036761725990159047,9.810011644436669
1.7300000000000013,-0.08769970516451837,0.290130024994636,-0.0003654686960795142,9.810011491862937
1.7320000000000013,-0.08712309210677807,0.28830652887015107,-0.0003633310862592373,9.81001134124485
1.7340000000000013,-0.08655010471019456,0.2864936982917573,-0.0003612043917663823,9.810011192558038
1.7360000000000013,-0.0859807217525991,0.28469147879772577,-0.0003590885738522908,9.810011045778428
1.7380000000000013,-0.08541492212035978,0.2828998161196615,-0.0003569835936975993,9.810010900882228
1.7400000000000013,-0.08485268480799407,0.28111865618285853,-0.0003548894124158052,9.810010757845935
1.7420000000000013,-0.08429398891778078,0.27934794510663535,-0.00035280599105676257,9.810010616646332
1.7440000000000013,-0.08373881365937148,0.27758762920464886,-0.0003507332906100766,9.810010477260478
1.7460000000000013,-0.08318713834940109,0.275837654985198,-0.0003486712720085412,9.810010339665709
1.7480000000000013,-0.08263894241109807,0.2740979691515068,-0.0003466198961314562,9.810010203839633
1.7500000000000013,-0.08209420537389409,0.27236851860199174,-0.00034457912380794374,9.81001006976013
1.7520000000000013,-0.08155290687303306,0.2706492504305105,-0.0003425489158201552,9.810009937405342
1.7540000000000013,-0.08101502664917987,0.2689401119265965,-0.00034052923290647536,9.81000980675368
1.7560000000000013,-0.08048054454802853,0.2672410505756783,-0.0003385200357646817,9.810009677783814
1.7580000000000013,-0.07994944051990995,0.2655520140592838,-0.0003365212850550579,9.810009550474671
1.7600000000000013,-0.07942169461939949,0.26387295025522245,-0.00033453294140339167,9.810009424805433
1.7620000000000013,-0.07889728700492397,0.262203807237763,-0.00033255496540405063,9.810009300755535
1.7640000000000013,-0.07837619793836842,0.2605445332777817,-0.0003305873176228432,9.810009178304657
1.7660000000000013,-0.07785840778468257,0.25889507684291974,-0.0003286299586001064,9.810009057432731
1.7680000000000013,-0.0773438970114872,0.25725538659769287,-0.0003266828488533769,9.810008938119928
1.7700000000000014,-0.07683264618867995,0.25562541140362116,-0.0003247459488804113,9.81000882034666
1.7720000000000014,-0.07632463598804133,0.25400510031931167,-0.00032281921916177273,9.810008704093578
1.7740000000000014,-0.07581984718284022,0.25239440260055884,-0.00032090262016375723,9.810008589341566
1.7760000000000014,-0.07531826064743942,0.2507932677004059,-0.000318996112340974,9.810008476071742
1.7780000000000014,-0.074819857356901,0.2492016452692106,-0.0003170996561390883,9.810008364265451
1.7800000000000014,-0.07432461838659163,0.24761948515468385,-0.00031521321199737273,9.810008253904268
1.7820000000000014,-0.07383252491178778,0.24604673740192298,-0.0003133367403512989,9.810008144969991
1.7840000000000014,-0.07334355820728093,0.24448335225343168,-0.0003114702016350818,9.810008037444641
1.7860000000000014,-0.07285769964698267,0.24292928014912557,-0.00030961355628417696,9.810007931310452
1.7880000000000014,-0.07237493070353002,0.24138447172632882,-0.0003077667647377585,9.810007826549882
1.7900000000000014,-0.0718952329478905,0.23984887781975095,-0.0003059297874410923,9.810007723145597
1.7920000000000014,-0.07141858804896759,0.23832244946146014,-0.00030410258484795186,9.81000762108048
1.7940000000000014,-0.07094497777320591,0.2368051378808391,-0.0003022851174229457,9.810007520337619
1.7960000000000014,-0.07047438398419686,0.23529689450453056,-0.000300477345643813,9.81000742090031
1.7980000000000014,-0.07000678864228414,0.233797670956372,-0.0002986792300036967,9.810007322752055
1.8000000000000014,-0.06954217380416947,0.2323074190573215,-0.00029689073101340537,9.81000722587655
1.8020000000000014,-0.06908052162251876,0.23082609082536687,-0.0002951118092035599,9.810007130257702
1.8040000000000014,-0.06862181434556791,0.22935363847542461,-0.0002933424251267561,9.810007035879607
1.8060000000000014,-0.06816603431672943,0.22789001441923723,-0.0002915825393597438,9.81000694272656
1.8080000000000014,-0.06771316397419894,0.22643517126524337,-0.00028983211250541716,9.810006850783042
1.8100000000000014,-0.06726318585056203,0.22498906181845713,-0.00028809110519497456,9.810006760033732
1.8120000000000014,-0.06681608257240139,0.2235516390803207,-0.00028635947808987577,9.810006670463494
1.8140000000000014,-0.06637183685990426,0.2221228562485537,-0.0002846371918838273,9.810006582057378
1.8160000000000014,-0.06593043152647027,0.2207026667169948,-0.00028292420730475793,9.810006494800614
1.8180000000000014,-0.06549184947831943,0.21929102407542767,-0.00028122048511670635,9.810006408678621
1.8200000000000014,-0.06505607371410063,0.2178878821094061,-0.00027952598612177547,9.81000632367699
1.8220000000000014,-0.06462308732450052,0.21649319480005877,-0.0002778406711619113,9.810006239781494
1.8240000000000014,-0.06419287349185274,0.21510691632389006,-0.00027616450112073233,9.81000615697808
1.8260000000000014,-0.0637654154897476,0.21372900105258058,-0.00027449743692541497,9.810006075252863
1.8280000000000014,-0.06334069668264206,0.21235940355275656,-0.0002728394395483057,9.810005994592139
1.8300000000000014,-0.06291870052547051,0.21099807858577407,-0.0002711904700087517,9.810005914982364
1.8320000000000014,-0.06249941056325554,0.2096449811074873,-0.0002695504893748483,9.810005836410166
1.8340000000000014,-0.06208281043071956,0.20830006626799155,-0.0002679194587649359,9.810005758862337
1.8360000000000014,-0.06166888385189679,0.20696328941138842,-0.0002662973393494361,9.81000568232583
1.8380000000000014,-0.061257614639745765,0.20563460607551434,-0.0002646840923523205,9.810005606787762
1.8400000000000014,-0.060848986695762386,0.204313971991678,-0.0002630796790527557,9.810005532235406
1.8420000000000014,-0.06044298400959363,0.2030013430843878,-0.00026148406078667624,9.8100054586562
1.8440000000000014,-0.0600395906586515,0.2016966754710616,-0.0002598971989482531,9.810005386037723
1.8460000000000014,-0.059638790807728013,0.200399925461742,-0.00025831905499143666,9.810005314367725
1.8480000000000014,-0.05924056870861042,0.19911104955879727,-0.0002567495904314352,9.810005243634095
1.8500000000000014,-0.05884490869969718,0.19783000445661206,-0.00025518876684611216,9.810005173824875
1.8520000000000014,-0.058451795205614644,0.1965567470412763,-0.0002536365458774164,9.81000510492826
1.8540000000000014,-0.058061212736834095,0.19529123439027038,-0.000252092889232846,9.810005036932587
1.8560000000000014,-0.05767314588928984,0.19403342377213184,-0.0002505577586867213,9.810004969826338
1.8580000000000014,-0.057287579343997586,0.1927832726461218,-0.00024903111608153916,9.810004903598138
1.8600000000000014,-0.05690449786667381,0.1915407386618926,-0.00024751292332937224,9.810004838236754
1.8620000000000014,-0.05652388630735557,0.19030577965913112,-0.0002460031424130443,9.810004773731094
1.8640000000000014,-0.056145729600021135,0.18907835366720965,-0.0002445017353874513,9.810004710070203
1.8660000000000014,-0.055770012762211475,0.18785841890482827,-0.00024300866438080933,9.81000464724326
1.8680000000000014,-0.055396720894652175,0.18664593377965014,-0.0002415238915958965,9.810004585239579
1.8700000000000014,-0.055025839180876335,0.18544085688792053,-0.00024004737931113303,9.810004524048612
1.8720000000000014,-0.05465735288684814,0.18424314701410002,-0.00023857908988188107,9.810004463659938
1.8740000000000014,-0.05429124736058719,0.1830527631304735,-0.00023711898574150332,9.810004404063266
1.8760000000000014,-0.053927508031793664,0.18186966439676563,-0.0002356670294025383,9.810004345248434
1.8780000000000014,-0.05356612041147417,0.1806938101597432,-0.00023422318345777586,9.810004287205405
1.8800000000000014,-0.05320707009156854,0.17952515995281404,-0.00023278741058132147,9.810004229924273
1.8820000000000014,-0.0528503427445773,0.17836367349562152,-0.00023135967352965739,9.810004173395248
1.8840000000000015,-0.05249592412319002,0.1772093106936391,-0.00022993993514274272,9.810004117608667
1.8860000000000015,-0.052143800059914536,0.17606203163774375,-0.0002285281583449064,9.81000406255499
1.8880000000000015,-0.05179395646670694,0.174921796603805,-0.00022712430614595493,9.810004008224789
1.8900000000000015,-0.05144637933460243,0.17378856605225165,-0.00022572834164206503,9.81000395460876
1.8920000000000015,-0.05110105473334713,0.1726623006276442,-0.00022434022801677057,9.810003901697714
1.8940000000000015,-0.05075796881103067,0.17154296115823614,-0.00022295992854185864,9.810003849482575
1.8960000000000015,-0.05041710779371961,0.17043050865553847,-0.0002215874065783388,9.810003797954382
1.8980000000000015,-0.05007845798509186,0.1693249043138677,-0.0002202226255772501,9.810003747104288
1.9000000000000015,-0.04974200576607205,0.16822610950990177,-0.00021886554908058737,9.810003696923555
1.9020000000000015,-0.0494077375944676,0.1671340858022266,-0.00021751614072216098,9.810003647403555
1.9040000000000015,-0.04907564000460585,0.1660487949308766,-0.00021617436422840825,9.810003598535769
1.9060000000000015,-0.048745699606972115,0.164970198816867,-0.00021484018341914163,9.81000355031178
1.9080000000000015,-0.048417903087848636,0.16389825956173856,-0.0002135135622084686,9.810003502723289
1.9100000000000015,-0.048092237208954475,0.16283293944707783,-0.00021219446460545564,9.810003455762086
1.9120000000000015,-0.04776868880708639,0.1617742009340507,-0.0002108828547149708,9.810003409420075
1.9140000000000015,-0.04744724479376055,0.16072200666291728,-0.00020957869673834365,9.810003363689257
1.9160000000000015,-0.04712789215485544,0.15967631945255753,-0.00020828195497416186,9.810003318561735
1.9180000000000015,-0.04681061795025548,0.15863710229997952,-0.00020699259381890467,9.810003274029713
1.9200000000000015,-0.0464954093134958,0.15760431837983854,-0.00020571057776771064,9.810003230085488
1.9220000000000015,-0.04618225345140793,0.15657793104393525,-0.00020443587141494388,9.810003186721463
1.9240000000000015,-0.04587113764376647,0.15555790382072812,-0.00020316843945493,9.810003143930125
1.9260000000000015,-0.04556204924293681,0.15454420041483283,-0.00020190824668256933,9.810003101704067
1.9280000000000015,-0.04525497567352377,0.15353678470652027,-0.00020065525799396093,9.81000306003597
1.9300000000000015,-0.04494990443202135,0.15253562075120913,-0.0001994094383869706,9.810003018918604
1.9320000000000015,-0.04464682308646341,0.15154067277896197,-0.00019817075296186897,9.810002978344837
1.9340000000000015,-0.04434571927607547,0.15055190519397094,-0.00019693916692186146,9.810002938307626
1.9360000000000015,-0.04404658071092737,0.14956928257404822,-0.0001957146455736961,9.810002898800011
1.9380000000000015,-0.04374939517158716,0.1485927696701066,-0.0001944971543281686,9.810002859815128
1.9400000000000015,-0.043454150508775886,0.14762233140563846,-0.00019328665870063004,9.810002821346194
1.9420000000000015,-0.04316083464302349,0.14665793287619977,-0.0001920831243115643,9.810002783386514
1.9440000000000015,-0.04286943556432572,0.1456995393488793,-0.00019088651688701076,9.810002745929477
1.9460000000000015,-0.042579941331802186,0.14474711626177456,-0.0001896968022590791,9.810002708968558
1.9480000000000015,-0.04229234007335525,0.1438006292234656,-0.00018851394636645522,9.810002672497312
1.9500000000000015,-0.042006619985330285,0.14286004401248104,-0.00018733791525482493,9.810002636509376
1.9520000000000015,-0.04172276933217677,0.14192532657675846,-0.0001861686750772515,9.81000260099847
1.9540000000000015,-0.04144077644611053,0.14099644303311928,-0.00018500619209472504,9.810002565958388
1.9560000000000015,-0.04116062972677709,0.1400733596667204,-0.00018385043267646253,9.810002531383013
1.9580000000000015,-0.04088231764091604,0.13915604293052236,-0.00018270136330040274,9.810002497266295
1.9600000000000015,-0.04060582872202654,0.13824445944474098,-0.00018155895055352268,9.810002463602265
1.9620000000000015,-0.04033115157003393,0.13733857599630558,-0.00018042316113223785,9.810002430385032
1.9640000000000015,-0.04005827485095731,0.13643835953831276,-0.0001792939618427687,9.810002397608775
1.9660000000000015,-0.039787187296578354,0.13554377718947921,-0.0001781713196014876,9.810002365267755
1.9680000000000015,-0.039517877704111165,0.134654796233591,-0.000177055201435248,9.810002333356293
1.9700000000000015,-0.03925033493587326,0.13377138411895292,-0.0001759455744817155,9.810002301868797
1.9720000000000015,-0.038984547918957585,0.13289350845783693,-0.0001748424059896921,9.810002270799737
1.9740000000000015,-0.038720505644905735,0.1320211370259258,-0.0001737456633193982,9.810002240143657
1.9760000000000015,-0.03845819716938224,0.13115423776175372,-0.00017265531394272107,9.810002209895167
1.9780000000000015,-0.03819761161184992,0.130292778766158,-0.00017157132544359409,9.810002180048947
1.9800000000000015,-0.037938738155246496,0.12943672830171157,-0.00017049366551816236,9.810002150599749
1.9820000000000015,-0.037681566045662154,0.1285860547921704,-0.0001694223019751259,9.810002121542386
1.9840000000000015,-0.03742608459201835,0.1277407268219028,-0.00016835720273587437,9.810002092871741
1.9860000000000015,-0.03717228316574767,0.12690071313533777,-0.00016729833583484515,9.810002064582761
1.9880000000000015,-0.036920151200474885,0.12606598263639213,-0.00016624566941963906,9.810002036670458
1.9900000000000015,-0.036669678191699064,0.12523650438791006,-0.00016519917175128462,9.810002009129906
1.9920000000000015,-0.03642085369647687,0.12441224761109682,-0.0001641588112044313,9.810001981956246
1.9940000000000015,-0.03617366733310697,0.12359318168495162,-0.0001631245562675411,9.810001955144676
1.9960000000000016,-0.035928108780815565,0.1227792761457004,-0.000162096375543073,9.81000192869046
1.9980000000000016,-0.03568416777944311,0.12197050068622514,-0.0001610742377476321,9.810001902588917
2.0000000000000013,-0.03544183412913213,0.1211668251554934,-0.00016005811171212114,9.810001876835432
2.002000000000001,-0.03520109769001615,0.12036821955799555,-0.00015904796638197775,9.810001851425445
2.004000000000001,-0.03496194838190983,0.119574654053163,-0.00015804377081719617,9.810001826354458
2.0060000000000007,-0.034724376184000226,0.11878609895480331,-0.00015704549419253734,9.810001801618025
2.0080000000000005,-0.034488371134539175,0.1180025247305262,-0.0001560531057976345,9.810001777211765
2.0100000000000002,-0.034253923330536826,0.11722390200116975,-0.00015506657503710185,9.810001753131344
2.012,-0.03402102292745638,0.11645020154022424,-0.00015408587143060605,9.81000172937249
2.014,-0.03378966013890985,0.11568139427326606,-0.00015311096461305992,9.810001705930985
2.0159999999999996,-0.0335598252363551,0.11491745127737378,-0.00015214182433460205,9.810001682802662
2.0179999999999993,-0.03333150854879398,0.11415834378055666,-0.0001511784204607171,9.81000165998341
2.019999999999999,-0.03310470046247163,0.1134040431611794,-0.00015022072297230784,9.810001637469174
2.021999999999999,-0.03287939142057686,0.11265452094738515,-0.00014926870196574652,9.810001615255942
2.0239999999999987,-0.032655571922943806,0.11190974881652596,-0.00014832232765300108,9.810001593339763
2.0259999999999985,-0.03243323252575466,0.11116969859457447,-0.00014738157036154709,9.810001571716732
2.0279999999999982,-0.03221236384124355,0.11043434225555564,-0.0001464464005345009,9.810001550382994
2.029999999999998,-0.03199295653740162,0.10970365192096729,-0.00014551678873062036,9.810001529334745
2.031999999999998,-0.03177500133768321,0.10897759985920509,-0.00014459270562434826,9.81000150856823
2.0339999999999976,-0.03155848902071323,0.10825615848498202,-0.0001436741220057884,9.810001488079743
2.0359999999999974,-0.031343410419995735,0.10753930035875346,-0.00014276100878073497,9.810001467865625
2.037999999999997,-0.03112975642362345,0.10682699818613986,-0.0001418533369706807,9.810001447922263
2.039999999999997,-0.03091751797398876,0.10611922481734963,-0.0001409510777127972,9.810001428246089
2.0419999999999967,-0.030706686067495555,0.10541595324660188,-0.00014005420225993116,9.810001408833587
2.0439999999999965,-0.030497251754272457,0.10471715661154482,-0.00013916268198052432,9.810001389681283
2.0459999999999963,-0.030289206137887076,0.10402280819268846,-0.00013827648835869626,9.810001370785745
2.047999999999996,-0.03008254037506144,0.10333288141281859,-0.00013739559299410673,9.810001352143589
2.049999999999996,-0.02987724567538859,0.1026473498364251,-0.0001365199676019689,9.810001333751474
2.0519999999999956,-0.029673313301050337,0.10196618716912369,-0.00013564958401298104,9.810001315606105
2.0539999999999954,-0.029470734566536188,0.10128936725707748,-0.00013478441417324387,9.81000129770422
2.055999999999995,-0.029269500838363324,0.10061686408642982,-0.00013392443014430331,9.81000128004261
2.057999999999995,-0.029069603534797882,0.09994865178271826,-0.00013306960410296013,9.810001262618101
2.0599999999999947,-0.028871034125577278,0.0992847046103028,-0.0001322199083412393,9.810001245427564
2.0619999999999945,-0.028673784131633694,0.09862499697179315,-0.00013137531526633364,9.810001228467906
2.0639999999999943,-0.028477845124818754,0.09796950340747043,-0.00013053579740047593,9.81000121173608
2.065999999999994,-0.02828320872762931,0.09731819859471882,-0.0001297013273809113,9.810001195229072
2.067999999999994,-0.028089866612934413,0.0966710573474472,-0.00012887187795974746,9.810001178943914
2.0699999999999936,-0.02789781050370338,0.09602805461551532,-0.00012804742200384447,9.810001162877667
2.0719999999999934,-0.02770703217273505,0.0953891654841632,-0.0001272279324947259,9.810001147027439
2.073999999999993,-0.027517523442388173,0.09475436517344059,-0.00012641338252848645,9.810001131390372
2.075999999999993,-0.027329276184312905,0.094123629037632,-0.00012560374531563252,9.810001115963646
2.0779999999999927,-0.02714228231918353,0.09349693256468941,-0.00012479899418099617,9.810001100744476
2.0799999999999925,-0.026956533816432215,0.09287425137565841,-0.00012399910256356752,9.810001085730113
2.0819999999999923,-0.026772022693983998,0.09225556122410877,-0.00012320404401636176,9.810001070917846
2.083999999999992,-0.026588741017992867,0.09164083799556604,-0.00012241379220628552,9.810001056304996
2.085999999999992,-0.026406680902578965,0.09103005770695101,-0.00012162832091407779,9.810001041888922
2.0879999999999916,-0.026225834509566972,0.09042319650599585,-0.00012084760403397962,9.810001027667017
2.0899999999999914,-0.026046194048225592,0.08982023067069014,-0.00012007161557372038,9.810001013636704
2.091999999999991,-0.025867751775008167,0.08922113660871253,-0.00011930032965433641,9.810000999795445
2.093999999999991,-0.02569049999329444,0.08862589085686576,-0.00011853372051000733,9.81000098614073
2.0959999999999908,-0.02551443105313343,0.08803447008050491,-0.00011777176248780675,9.810000972670087
2.0979999999999905,-0.025339537350987464,0.08744685107298245,-0.00011701443004762601,9.810000959381071
2.0999999999999903,-0.025165811329477348,0.08686301075508533,-0.00011626169776199184,9.81000094627127
2.10199999999999,-0.024993245477128417,0.08628292617446671,-0.00011551354031582878,9.810000933338307
2.10399999999999,-0.024821832328118246,0.0857065745050865,-0.00011476993250626375,9.810000920579833
2.1059999999999897,-0.024651564462024926,0.08513393304665952,-0.00011403084924254845,9.810000907993528
2.1079999999999894,-0.024482434503576754,0.08456497922408501,-0.00011329626554572986,9.810000895577106
2.109999999999989,-0.024314435122402955,0.08399969058689828,-0.00011256615654856364,9.810000883328309
2.111999999999989,-0.02414755903278554,0.08343804480870669,-0.00011184049749523466,9.810000871244906
2.1139999999999888,-0.023981798993412268,0.08288001968663576,-0.00011111926374117746,9.8100008593247
2.1159999999999886,-0.023817147807130717,0.08232559314077526,-0.00011040243075287879,9.810000847565522
2.1179999999999883,-0.023653598320703476,0.08177474321362298,-0.00010968997410764074,9.810000835965228
2.119999999999988,-0.023491143424564404,0.08122744806953523,-0.00010898186949340628,9.810000824521701
2.121999999999988,-0.023329776052576058,0.08068368599417301,-0.00010827809270851248,9.810000813232858
2.1239999999999877,-0.02316948918178816,0.08014343539394791,-0.00010757861966143533,9.810000802096635
2.1259999999999875,-0.023010275832197204,0.0796066747954771,-0.00010688342637061243,9.810000791111005
2.1279999999999872,-0.022852129066507135,0.07907338284503272,-0.00010619248896419071,9.810000780273958
2.129999999999987,-0.022695041989891147,0.0785435383079957,-0.00010550578367980767,9.810000769583516
2.131999999999987,-0.022539007749754533,0.07801712006830952,-0.0001048232868643555,9.810000759037726
2.1339999999999866,-0.022384019535498664,0.0774941071279319,-0.00010414497497370401,9.810000748634655
2.1359999999999864,-0.02223007057828608,0.07697447860629401,-0.00010347082457249203,9.810000738372405
2.137999999999986,-0.02207715415080657,0.07645821373975666,-0.00010280081233387064,9.810000728249095
2.139999999999986,-0.021925263567044426,0.07594529188106951,-0.00010213491503926206,9.810000718262875
2.1419999999999857,-0.02177439218204676,0.07543569249883275,-0.00010147310957812677,9.810000708411911
2.1439999999999855,-0.021624533391692853,0.0749293951769553,-0.0001008153729476802,9.8100006986944
2.1459999999999853,-0.021475680632464616,0.07442637961411519,-0.00010016168225261343,9.810000689108563
2.147999999999985,-0.02132782738121816,0.07392662562322903,-9.951201470489762e-05,9.810000679652637
2.149999999999985,-0.021180967154956334,0.0734301131309124,-9.886634762347273e-05,9.81000067032489
2.1519999999999846,-0.021035093510602444,0.07293682217694689,-9.822465843399206e-05,9.810000661123608
2.1539999999999844,-0.02089020004477495,0.07244673291374844,-9.758692466856381e-05,9.810000652047101
2.155999999999984,-0.020746280393563275,0.07195982560583657,-9.695312396548479e-05,9.810000643093703
2.157999999999984,-0.020603328232304666,0.07147608062930487,-9.632323406897204e-05,9.810000634261767
2.1599999999999837,-0.020461337275362083,0.07099547847129026,-9.569723282886258e-05,9.81000062554967
2.1619999999999835,-0.02032030127590319,0.07051799972944571,-9.507509820033309e-05,9.810000616955806
2.1639999999999833,-0.020180214025680352,0.07004362511141947,-9.445680824367753e-05,9.810000608478596
2.165999999999983,-0.020041069354811702,0.06957233543432444,-9.384234112395332e-05,9.810000600116478
2.167999999999983,-0.019902861131563258,0.06910411162422071,-9.323167511076052e-05,9.810000591867912
2.1699999999999826,-0.019765583262132083,0.06863893471558837,-9.262478857788932e-05,9.810000583731377
2.1719999999999824,-0.019629229690430447,0.06817678585081656,-9.202166000313945e-05,9.810000575705372
2.173999999999982,-0.019493794397871102,0.06771764627967294,-9.142226796789166e-05,9.81000056778842
2.175999999999982,-0.019359271403153508,0.06726149735879516,-9.082659115691662e-05,9.810000559979056
2.1779999999999817,-0.019225654762051163,0.06680832055117342,-9.023460835806164e-05,9.810000552275842
2.1799999999999815,-0.019092938567199902,0.06635809742563421,-8.964629846193266e-05,9.810000544677353
2.1819999999999813,-0.01896111694788724,0.06591080965632852,-8.906164046160951e-05,9.810000537182184
2.183999999999981,-0.01883018406984279,0.06546643902222324,-8.848061345237586e-05,9.810000529788953
2.185999999999981,-0.018700134135029616,0.06502496740658827,-8.790319663138594e-05,9.810000522496289
2.1879999999999806,-0.018570961381436643,0.06458637679648466,-8.732936929732138e-05,9.810000515302844
2.1899999999999804,-0.01844266008287211,0.06415064928226606,-8.675911085018184e-05,9.810000508207288
2.19199999999998,-0.018315224548757975,0.06371776705706797,-8.619240079091729e-05,9.810000501208307
2.19399999999998,-0.018188649123925368,0.06328771241630479,-8.562921872113001e-05,9.810000494304605
2.1959999999999797,-0.01806292818841103,0.06286046775717014,-8.506954434279838e-05,9.8100004874949
2.1979999999999795,-0.01793805615725476,0.06243601557813276,-8.45133574579256e-05,9.81000048077793
2.1999999999999793,-0.01781402748029788,0.06201433847843913,-8.396063796824963e-05,9.810000474152453
2.201999999999979,-0.017690836641982656,0.06159541915761484,-8.341136587492045e-05,9.810000467617234
2.203999999999979,-0.01756847816115272,0.0611792404149672,-8.286552127817102e-05,9.810000461171065
2.2059999999999786,-0.01744694659085452,0.060765785149098896,-8.232308437709313e-05,9.810000454812746
2.2079999999999784,-0.017326236518139717,0.06035503635740383,-8.178403546919518e-05,9.810000448541098
2.209999999999978,-0.017206342563868555,0.05994697713558084,-8.124835495014276e-05,9.810000442354951
2.211999999999978,-0.017087259382514264,0.05954159067714505,-8.071602331345066e-05,9.810000436253162
2.2139999999999778,-0.016968981661968384,0.059138860272940456,-8.018702115017277e-05,9.81000043023459
2.2159999999999775,-0.016851504123347086,0.058738769310650224,-7.966132914854758e-05,9.810000424298117
2.2179999999999773,-0.016734821520798464,0.05834130127431253,-7.913892809368315e-05,9.81000041844264
2.219999999999977,-0.016618928641310784,0.057946439743837515,-7.861979886724063e-05,9.810000412667064
2.221999999999977,-0.016503820304521737,0.057554168394526525,-7.81039224471182e-05,9.810000406970317
2.2239999999999767,-0.01638949136252856,0.05716447099658897,-7.759127990709751e-05,9.810000401351337
2.2259999999999764,-0.016275936699699216,0.05677733141467048,-7.708185241658892e-05,9.810000395809075
2.227999999999976,-0.01616315123248448,0.05639273360736864,-7.657562124022545e-05,9.810000390342497
2.229999999999976,-0.016051129909230955,0.05601066162675894,-7.607256773754843e-05,9.810000384950582
2.231999999999976,-0.0159398677099951,0.05563109961792712,-7.557267336274532e-05,9.810000379632328
2.2339999999999756,-0.015829359646358124,0.05525403181848957,-7.507591966423764e-05,9.810000374386735
2.2359999999999753,-0.01571960076124187,0.054879442558126816,-7.458228828439517e-05,9.81000036921283
2.237999999999975,-0.01561058612872564,0.05450731625811497,-7.409176095920502e-05,9.810000364109642
2.239999999999975,-0.015502310853863922,0.05413763743085924,-7.360431951795052e-05,9.810000359076218
2.2419999999999747,-0.01539477007250507,0.05377039067942421,-7.31199458828296e-05,9.810000354111617
2.2439999999999745,-0.015287958951110923,0.0534055606970741,-7.263862206866793e-05,9.810000349214908
2.2459999999999742,-0.0151818726865773,0.05304313226681182,-7.216033018260146e-05,9.810000344385177
2.247999999999974,-0.015076506506055472,0.05268309026091483,-7.168505242369976e-05,9.810000339621519
2.249999999999974,-0.014971855666774522,0.052325419640475344,-7.121277108262177e-05,9.81000033492304
2.2519999999999736,-0.014867915455864624,0.05197010545494828,-7.074346854133969e-05,9.81000033028886
2.2539999999999734,-0.014764681190181237,0.05161713284169487,-7.027712727279212e-05,9.81000032571811
2.255999999999973,-0.014662148216130192,0.05126648702552283,-6.981372984048335e-05,9.810000321209936
2.257999999999973,-0.014560311909493702,0.05091815331824438,-6.93532588982599e-05,9.810000316763487
2.2599999999999727,-0.014459167675257274,0.0505721171182153,-6.889569718985839e-05,9.810000312377934
2.2619999999999725,-0.01435871094743749,0.05022836390989179,-6.844102754863257e-05,9.810000308052448
2.2639999999999723,-0.014258937188910721,0.04988687926338404,-6.798923289722317e-05,9.810000303786222
2.265999999999972,-0.014159841891242704,0.04954764883400745,-6.754029624718449e-05,9.810000299578448
2.267999999999972,-0.014061420574519022,0.04921065836184179,-6.709420069867878e-05,9.81000029542834
2.2699999999999716,-0.01396366878717644,0.04887589367129129,-6.665092944016591e-05,9.810000291335117
2.2719999999999714,-0.013866582105835171,0.04854334067063488,-6.62104657479576e-05,9.810000287298006
2.273999999999971,-0.013770156135131979,0.04821298535159632,-6.577279298597926e-05,9.810000283316253
2.275999999999971,-0.013674386507554164,0.047884813788906584,-6.533789460542723e-05,9.8100002793891
2.2779999999999707,-0.013579268883274436,0.04755881213986513,-6.490575414439068e-05,9.810000275515815
2.2799999999999705,-0.013484798949986622,0.04723496664390674,-6.447635522751981e-05,9.810000271695666
2.2819999999999703,-0.01339097242274228,0.04691326362217052,-6.404968156569797e-05,9.81000026792793
2.28399999999997,-0.013297785043788138,0.04659368947707229,-6.362571695573327e-05,9.810000264211899
2.28599999999997,-0.013205232582404396,0.046276230691871374,-6.320444527996869e-05,9.810000260546873
2.2879999999999696,-0.013113310834743902,0.04596087383024629,-6.278585050597277e-05,9.81000025693216
2.2899999999999694,-0.013022015623672169,0.045647605535866005,-6.236991668616003e-05,9.810000253367077
2.291999999999969,-0.012931342798608223,0.04533641253197336,-6.195662795753195e-05,9.810000249850951
2.293999999999969,-0.01284128823536631,0.045027281620956316,-6.154596854126063e-05,9.810000246383117
2.2959999999999687,-0.012751847835998437,0.04472019968393584,-6.113792274244138e-05,9.810000242962921
2.2979999999999685,-0.012663017528637768,0.044415153680336016,-6.0732474949623874e-05,9.810000239589716
2.2999999999999683,-0.012574793267342808,0.04411213064747749,-6.0329609634591586e-05,9.810000236262864
2.301999999999968,-0.012487171031942499,0.0438111177001553,-5.992931135194153e-05,9.810000232981736
2.303999999999968,-0.012400146827882033,0.04351210203023459,-5.9531564738850664e-05,9.810000229745711
2.3059999999999676,-0.012313716686069578,0.043215070906227324,-5.913635451460739e-05,9.810000226554175
2.3079999999999674,-0.012227876662723798,0.042920011672891244,-5.874366548037528e-05,9.810000223406526
2.309999999999967,-0.012142622839222163,0.04262691175081666,-5.8353482518800606e-05,9.810000220302166
2.311999999999967,-0.012057951321950117,0.04233575863602315,-5.796579059371272e-05,9.810000217240507
2.3139999999999668,-0.011973858242151018,0.042046539899549665,-5.758057474973256e-05,9.81000021422097
2.3159999999999665,-0.011890339755776903,0.04175924318705898,-5.719782011202342e-05,9.81000021124298
2.3179999999999663,-0.011807392043340045,0.04147385621842892,-5.6817511885872795e-05,9.810000208305974
2.319999999999966,-0.011725011309765334,0.041190366787355714,-5.643963535639448e-05,9.810000205409391
2.321999999999966,-0.011643193784243425,0.04090876276095296,-5.6064175888160736e-05,9.810000202552686
2.3239999999999656,-0.011561935720084703,0.04062903207936162,-5.569111892494126e-05,9.810000199735315
2.3259999999999654,-0.011481233394574002,0.040351162755349,-5.532044998930025e-05,9.81000019695674
2.327999999999965,-0.011401083108826177,0.04007514287391322,-5.495215468223299e-05,9.810000194216435
2.329999999999965,-0.011321481187642375,0.039800960591900976,-5.458621868294e-05,9.810000191513879
2.3319999999999648,-0.011242423979367153,0.03952860413761094,-5.4222627748414973e-05,9.810000188848559
2.3339999999999645,-0.011163907855746346,0.03925806181040378,-5.386136771309255e-05,9.810000186219964
2.3359999999999643,-0.011085929211785701,0.03898932198032326,-5.350242448860082e-05,9.8100001836276
2.337999999999964,-0.011008484465610298,0.03872237308770294,-5.3145784063334705e-05,9.810000181070968
2.339999999999964,-0.010931570058324713,0.038457203642791704,-5.2791432502222136e-05,9.810000178549583
2.3419999999999637,-0.010855182453873992,0.03819380222536048,-5.243935594625944e-05,9.810000176062964
2.3439999999999634,-0.01077931813890532,0.03793215748433551,-5.208954061232965e-05,9.810000173610637
2.3459999999999632,-0.010703973622630503,0.0376722581374095,-5.174197279275174e-05,9.810000171192137
2.347999999999963,-0.01062914543668916,0.03741409297067157,-5.1396638855024865e-05,9.810000168807
2.349999999999963,-0.010554830135012704,0.03715765083822946,-5.105352524146595e-05,9.810000166454772
2.3519999999999626,-0.010481024293689035,0.03690292066183509,-5.071261846886771e-05,9.810000164135005
2.3539999999999623,-0.010407724510828005,0.03664989143051452,-5.0373905128188316e-05,9.810000161847253
2.355999999999962,-0.0103349274064276,0.03639855220020009,-5.003737188424742e-05,9.81000015959108
2.357999999999962,-0.010262629622240881,0.03614889209335938,-4.9703005475368106e-05,9.810000157366057
2.3599999999999617,-0.010190827821643631,0.03590090029862613,-4.937079271302518e-05,9.810000155171759
2.3619999999999615,-0.01011951868950275,0.03565456607044033,-4.904072048157553e-05,9.810000153007763
2.3639999999999612,-0.010048698932045387,0.035409878728680316,-4.8712775737882585e-05,9.810000150873659
2.365999999999961,-0.009978365276728778,0.035166827658303826,-4.838694551102476e-05,9.810000148769037
2.367999999999961,-0.009908514472110806,0.034925402308986844,-4.8063216901959e-05,9.810000146693493
2.3699999999999606,-0.009839143287721277,0.03468559219476464,-4.774157708319429e-05,9.810000144646631
2.3719999999999604,-0.009770248513933924,0.034447386893676164,-4.742201329848252e-05,9.81000014262806
2.37399999999996,-0.009701826961839114,0.034210776047403905,-4.710451286244236e-05,9.810000140637392
2.37599999999996,-0.009633875463117256,0.03397574936092832,-4.678906316032928e-05,9.810000138674244
2.3779999999999597,-0.009566390869912927,0.03374229660216552,-4.647565164759952e-05,9.810000136738244
2.3799999999999595,-0.00949937005470967,0.03351040760162601,-4.616426584969465e-05,9.810000134829016
2.3819999999999593,-0.009432809910205548,0.03328007225206136,-4.585489336167024e-05,9.810000132946197
2.383999999999959,-0.009366707349189318,0.033051280508115094,-4.5547521847858494e-05,9.810000131089424
2.385999999999959,-0.009301059304417353,0.03282402238598269,-4.524213904161321e-05,9.810000129258341
2.3879999999999586,-0.009235862728491232,0.03259828796306032,-4.493873274491163e-05,9.810000127452598
2.3899999999999584,-0.00917111459373602,0.03237406737760694,-4.463729082809022e-05,9.810000125671845
2.391999999999958,-0.00910681189207921,0.0321513508284042,-4.433780122953761e-05,9.810000123915744
2.393999999999958,-0.009042951634930385,0.03193012857441187,-4.404025195532061e-05,9.810000122183952
2.3959999999999577,-0.008979530853061515,0.03171039093443546,-4.374463107893007e-05,9.81000012047614
2.3979999999999575,-0.008916546596487945,0.031492128286785055,-4.345092674091247e-05,9.81000011879198
2.3999999999999573,-0.008853995934350054,0.03127533106894509,-4.315912714860444e-05,9.810000117131144
2.401999999999957,-0.008791875954795575,0.031059989777239803,-4.2869220575805246e-05,9.810000115493317
2.403999999999957,-0.00873018376486258,0.030846094966498663,-4.258119536243064e-05,9.810000113878182
2.4059999999999566,-0.008668916490363119,0.03063363724973062,-4.2295039914248584e-05,9.810000112285426
2.4079999999999564,-0.008608071275767534,0.030422607297791778,-4.2010742702525334e-05,9.810000110714745
2.409999999999956,-0.00854764528408941,0.030212995839062968,-4.172829226376586e-05,9.810000109165834
2.411999999999956,-0.008487635696771167,0.03000479365912072,-4.144767719936387e-05,9.810000107638395
2.4139999999999557,-0.008428039713570337,0.029797991600414884,-4.1168886175308925e-05,9.810000106132135
2.4159999999999555,-0.00836885455244645,0.029592580561945084,-4.089190792186463e-05,9.810000104646761
2.4179999999999553,-0.008310077449448564,0.029388551498941692,-4.0616731233282684e-05,9.81000010318199
2.419999999999955,-0.008251705658603474,0.029185895422545627,-4.0343344967483266e-05,9.810000101737534
2.421999999999955,-0.00819373645180449,0.028984603399491497,-4.007173804576223e-05,9.81000010031312
2.4239999999999546,-0.00813616711870091,0.02878466655178965,-3.980189945246434e-05,9.810000098908468
2.4259999999999544,-0.008078994966588081,0.028586076056414847,-3.953381823471866e-05,9.810000097523309
2.427999999999954,-0.008022217320298104,0.028388823144988303,-3.926748350208185e-05,9.810000096157376
2.429999999999954,-0.007965831522091165,0.028192899103469695,-3.9002884426275655e-05,9.810000094810402
2.4319999999999538,-0.007909834931547472,0.027998295271848057,-3.8740010240899707e-05,9.81000009348213
2.4339999999999535,-0.007854224925459818,0.027805003043827152,-3.847885024106239e-05,9.8100000921723
2.4359999999999533,-0.00779899889772676,0.027613013866528546,-3.821939378319749e-05,9.81000009088066
2.437999999999953,-0.007744154259246417,0.02742231924017143,-3.7961630284600646e-05,9.81000008960696
2.439999999999953,-0.007689688437810847,0.027232910717785688,-3.77055492233277e-05,9.810000088350954
2.4419999999999527,-0.00763559887800106,0.027044779904893932,-3.745114013772443e-05,9.810000087112396
2.4439999999999524,-0.007581883041082626,0.02685791845921679,-3.7198392626204286e-05,9.81000008589105
2.445999999999952,-0.007528538404901867,0.026672318090379336,-3.694729634702289e-05,9.810000084686678
2.447999999999952,-0.007475562463782667,0.02648797055959976,-3.6697841017836405e-05,9.810000083499045
2.4499999999999518,-0.007422952728423858,0.026304867679404643,-3.645001641554448e-05,9.81000008232792
2.4519999999999516,-0.007370706725797204,0.026123001313326517,-3.620381237591822e-05,9.810000081173078
2.4539999999999513,-0.007318821999045982,0.025942363375611364,-3.595921879332375e-05,9.810000080034294
2.455999999999951,-0.007267296107384124,0.025762945830928367,-3.57162256204566e-05,9.810000078911349
2.457999999999951,-0.007216126625995974,0.0255847406940752,-3.54748228680097e-05,9.810000077804022
2.4599999999999507,-0.0071653111459365855,0.025407740029693305,-3.523500060443962e-05,9.810000076712099
2.4619999999999505,-0.0071148472740326305,0.02523193595197764,-3.499674895565333e-05,9.810000075635367
2.4639999999999502,-0.007064732632783856,0.02505732062438749,-3.476005810469499e-05,9.810000074573619
2.46599999999995,-0.007014964860265128,0.02488388625936399,-3.4524918291488934e-05,9.810000073526645
2.46799999999995,-0.0069655416100290355,0.02471162511804648,-3.4291319812557826e-05,9.810000072494246
2.4699999999999496,-0.006916460551009059,0.024540529509988907,-3.4059253020724456e-05,9.810000071476217
2.4719999999999493,-0.006867719367423297,0.024370591792880623,-3.3828708324849365e-05,9.810000070472363
2.473999999999949,-0.006819315758678766,0.024201804372264983,-3.35996761895274e-05,9.810000069482488
2.475999999999949,-0.006771247439276242,0.024034159701262388,-3.337214713481997e-05,9.810000068506397
2.4779999999999487,-0.006723512138715654,0.023867650280294403,-3.314611173598555e-05,9.810000067543902
2.4799999999999485,-0.006676107601402043,0.02370226865680458,-3.2921560623156695e-05,9.810000066594814
2.4819999999999482,-0.006629031586552068,0.023538007424988138,-3.269848448110243e-05,9.81000006565895
2.483999999999948,-0.006582281868101031,0.023374859225518293,-3.2476874048939974e-05,9.810000064736126
2.485999999999948,-0.0065358562346104765,0.02321281674527708,-3.225672011987967e-05,9.810000063826163
2.4879999999999476,-0.006489752489176316,0.023051872717080563,-3.20380135408945e-05,9.810000062928884
2.4899999999999474,-0.0064439684493374895,0.02289201991941406,-3.182074521248642e-05,9.81000006204411
2.491999999999947,-0.006398501946985156,0.022733251176166258,-3.160490608842715e-05,9.810000061171674
2.493999999999947,-0.00635335082827244,0.022575559356358892,-3.1390487175432194e-05,9.810000060311403
2.4959999999999467,-0.00630851295352466,0.022418937373889693,-3.1177479532973785e-05,9.810000059463128
2.4979999999999465,-0.006263986197150133,0.022263378187263202,-3.096587427293897e-05,9.810000058626684
2.4999999999999463,-0.006219768447551472,0.022108874799330384,-3.075566255937519e-05,9.81000005780191
2.501999999999946,-0.0061758576070374185,0.0219554202570272,-3.054683560820866e-05,9.81000005698864
2.503999999999946,-0.006132251591735176,0.021803007651120882,-3.0339384687036127e-05,9.81000005618672
2.5059999999999456,-0.00608894833150328,0.021651630115947364,-3.013330111480253e-05,9.81000005539599
2.5079999999999454,-0.006045945769844973,0.021501280829154257,-2.9928576261526834e-05,9.810000054616298
2.509999999999945,-0.006003241863822072,0.02135195301145047,-2.972520154809018e-05,9.810000053847487
2.511999999999945,-0.0059608345839693684,0.021203639926351388,-2.952316844595862e-05,9.810000053089409
2.5139999999999447,-0.005918721914209521,0.02105633487992407,-2.932246847689256e-05,9.810000052341918
2.5159999999999445,-0.005876901851768447,0.020910031220536855,-2.9123093212692866e-05,9.810000051604863
2.5179999999999443,-0.005835372407091226,0.02076472233861009,-2.8925034274944846e-05,9.810000050878104
2.519999999999944,-0.0057941316037584895,0.020620401666369085,-2.872828333477437e-05,9.810000050161495
2.521999999999944,-0.005753177478403293,0.020477062677598135,-2.853283211260273e-05,9.810000049454896
2.5239999999999436,-0.005712508080628523,0.02033469888738574,-2.8338672377787113e-05,9.810000048758171
2.5259999999999434,-0.005672121472924741,0.020193303851890814,-2.814579594848595e-05,9.810000048071181
2.527999999999943,-0.0056320157305885426,0.020052871168098965,-2.7954194691398484e-05,9.810000047393794
2.529999999999943,-0.005592188941641402,0.019913394473569882,-2.776386052138986e-05,9.810000046725873
2.5319999999999427,-0.005552639206748987,0.019774867446208034,-2.7574785401366384e-05,9.81000004606729
2.5339999999999425,-0.005513364639140952,0.019637283804017785,-2.7386961341962238e-05,9.810000045417913
2.5359999999999423,-0.005474363364531216,0.019500637304867445,-2.7200380401312565e-05,9.810000044777619
2.537999999999942,-0.00543563352103872,0.01936492174624885,-2.701503468476401e-05,9.810000044146278
2.539999999999942,-0.0053971732591086355,0.0192301309650425,-2.6830916344633784e-05,9.810000043523766
2.5419999999999416,-0.005358980741434054,0.0190962588372904,-2.664801758004413e-05,9.810000042909964
2.5439999999999414,-0.005321054142878151,0.018963299277952397,-2.6466330636555895e-05,9.810000042304749
2.545999999999941,-0.0052833916503967895,0.018831246240680107,-2.6285847805988875e-05,9.810000041708001
2.547999999999941,-0.005245991462961619,0.0187000937175854,-2.6106561426166946e-05,9.810000041119602
2.5499999999999408,-0.0052088517914836005,0.01856983573900884,-2.5928463880650512e-05,9.81000004053944
2.5519999999999405,-0.005171970858737011,0.018440466373294797,-2.5751547598531262e-05,9.810000039967399
2.5539999999999403,-0.0051353468992838885,0.01831197972656098,-2.5575805054150823e-05,9.810000039403366
2.55599999999994,-0.005098978159398939,0.018184369942474687,-2.5401228766883132e-05,9.81000003884723
2.55799999999994,-0.005062862896994882,0.018057631202028964,-2.5227811300903175e-05,9.810000038298881
2.5599999999999397,-0.00502699938154825,0.017931757723315525,-2.5055545264905882e-05,9.810000037758211
2.5619999999999394,-0.00499138589402564,0.01780674376130537,-2.4884423311900155e-05,9.810000037225114
2.563999999999939,-0.004956020726810384,0.01768258360762833,-2.471443813897769e-05,9.810000036699487
2.565999999999939,-0.0049209021836296805,0.017559271590351477,-2.4545582487057587e-05,9.81000003618122
2.5679999999999388,-0.004886028579482158,0.01743680207376088,-2.4377849140654967e-05,9.810000035670217
2.5699999999999386,-0.004851398240565875,0.017315169458142234,-2.421123092762582e-05,9.810000035166375
2.5719999999999383,-0.004817009504206739,0.017194368179567054,-2.404572071896166e-05,9.810000034669594
2.573999999999938,-0.004782860718787379,0.017074392709679944,-2.3881311428584185e-05,9.810000034179776
2.575999999999938,-0.004748950243676425,0.01695523755547814,-2.3717996013041415e-05,9.810000033696825
2.5779999999999377,-0.004715276449158224,0.016836897259100998,-2.3555767471302954e-05,9.810000033220646
2.5799999999999375,-0.004681837716362976,0.016719366397623944,-2.3394618844594154e-05,9.810000032751143
2.5819999999999372,-0.004648632437197298,0.0166026395828391,-2.3234543216068036e-05,9.810000032288226
2.583999999999937,-0.004615659014275197,0.016486711461050334,-2.307553371062724e-05,9.8100000318318
2.585999999999937,-0.004582915860849461,0.016371576712868298,-2.2917583494735098e-05,9.810000031381776
2.5879999999999366,-0.004550401400743473,0.016257230052993277,-2.2760685776077044e-05,9.810000030938067
2.5899999999999364,-0.004518114068283429,0.016143666230021312,-2.2604833803472056e-05,9.810000030500582
2.591999999999936,-0.0044860523082309684,0.016030880026230387,-2.245002086654862e-05,9.810000030069238
2.593999999999936,-0.00445421457571621,0.015918866257379885,-2.2296240295558047e-05,9.810000029643946
2.5959999999999357,-0.0044225993361711935,0.01580761977250786,-2.2143485461151958e-05,9.810000029224625
2.5979999999999355,-0.004391205065263733,0.015697135453729402,-2.1991749774160062e-05,9.810000028811189
2.5999999999999353,-0.0043600302488316575,0.015587408216038308,-2.184102668539433e-05,9.81000002840356
2.601999999999935,-0.004329073382817456,0.01547843300710103,-2.169130968535446e-05,9.810000028001651
2.603999999999935,-0.0042983329732033245,0.015370204807065012,-2.15425923040837e-05,9.810000027605389
2.6059999999999346,-0.004267807535946604,0.015262718628360372,-2.139486811093884e-05,9.810000027214691
2.6079999999999344,-0.0042374955969155985,0.015155969515502701,-2.1248130714362183e-05,9.810000026829481
2.609999999999934,-0.004207395691825811,0.015049952544893639,-2.1102373761615572e-05,9.810000026449682
2.611999999999934,-0.004177506366176531,0.0149446628246403,-2.095759093871728e-05,9.81000002607522
2.6139999999999337,-0.00414782617518784,0.01484009549434587,-2.0813775970042377e-05,9.810000025706021
2.6159999999999335,-0.004118353683737982,0.014736245724929032,-2.067092261823648e-05,9.81000002534201
2.6179999999999333,-0.0040890874663011305,0.014633108718425648,-2.0529024683918788e-05,9.810000024983113
2.619999999999933,-0.0040600261068855096,0.014530679707810388,-2.038807600559969e-05,9.810000024629263
2.621999999999933,-0.004031168198971921,0.014428953956793996,-2.0248070459311996e-05,9.810000024280386
2.6239999999999326,-0.004002512345452632,0.0143279267596438,-2.0109001958493623e-05,9.810000023936416
2.6259999999999324,-0.0039740571585706345,0.014227593440998706,-1.9970864453796916e-05,9.810000023597281
2.627999999999932,-0.003945801259859277,0.014127949355678635,-1.9833651932826243e-05,9.810000023262917
2.629999999999932,-0.003917743280082275,0.014028989888501726,-1.969735841994967e-05,9.810000022933256
2.6319999999999317,-0.0038898818591740713,0.013930710454101531,-1.956197797610247e-05,9.81000002260823
2.6339999999999315,-0.003862215646180579,0.013833106496746437,-1.942750469860382e-05,9.81000002228778
2.6359999999999313,-0.003834743299200269,0.013736173490154635,-1.9293932720913125e-05,9.810000021971836
2.637999999999931,-0.003807463485325642,0.01363990693731355,-1.9161256212425694e-05,9.81000002166034
2.639999999999931,-0.0037803748805850333,0.01354430237030479,-1.902946937832085e-05,9.810000021353227
2.6419999999999306,-0.003753476169884786,0.013449355350123555,-1.889856645933741e-05,9.810000021050435
2.6439999999999304,-0.0037267660469517895,0.013355061466498055,-1.8768541731537674e-05,9.810000020751907
2.64599999999993,-0.0037002432142763577,0.013261416337716686,-1.863938950614951e-05,9.810000020457583
2.64799999999993,-0.0036739063830554513,0.013168415610452977,-1.8511104129373418e-05,9.8100000201674
2.6499999999999297,-0.0036477542731362723,0.013076054959589436,-1.838367998216594e-05,9.810000019881306
2.6519999999999295,-0.0036217856129601832,0.012984330088044723,-1.8257111480051358e-05,9.81000001959924
2.6539999999999293,-0.003595999139506985,0.012893236726599713,-1.813139307291022e-05,9.810000019321148
2.655999999999929,-0.003570393598239521,0.012802770633731309,-1.8006519244845813e-05,9.810000019046972
2.657999999999929,-0.0035449677430486556,0.012712927595432964,-1.7882484513889773e-05,9.810000018776659
2.6599999999999286,-0.0035197203361985495,0.012623703425052937,-1.7759283431898886e-05,9.810000018510156
2.6619999999999284,-0.0034946501482723017,0.012535093963123677,-1.7636910584341076e-05,9.810000018247408
2.663999999999928,-0.0034697559581179207,0.01244709507719009,-1.751536059005953e-05,9.810000017988362
2.665999999999928,-0.003445036552794621,0.012359702661650011,-1.7394628101164195e-05,9.810000017732968
2.6679999999999278,-0.0034204907275194583,0.012272912637581384,-1.7274707802763934e-05,9.810000017481174
2.6699999999999275,-0.0033961172856142945,0.012186720952581599,-1.715559441282596e-05,9.81000001723293
2.6719999999999273,-0.003371915038453087,0.012101123580603538,-1.7037282681988636e-05,9.810000016988186
2.673999999999927,-0.0033478828054095064,0.012016116521790495,-1.6919767393351682e-05,9.810000016746894
2.675999999999927,-0.003324019413804876,0.01193169580231554,-1.680304336230731e-05,9.810000016509004
2.6779999999999267,-0.0033003236988564367,0.011847857474219754,-1.66871054363489e-05,9.81000001627447
2.6799999999999264,-0.003276794503625926,0.011764597615254925,-1.657194849492052e-05,9.810000016043244
2.681999999999926,-0.003253430678968492,0.011681912328717351,-1.645756744915675e-05,9.81000001581528
2.683999999999926,-0.0032302310834818946,0.011599797743298286,-1.6343957241800964e-05,9.810000015590532
2.685999999999926,-0.003207194583456055,0.011518250012919968,-1.623111284695143e-05,9.810000015368956
2.6879999999999256,-0.0031843200528228876,0.011437265316583836,-1.61190292699363e-05,9.810000015150507
2.6899999999999253,-0.00316160637310647,0.011356839858208788,-1.6007701547065975e-05,9.810000014935142
2.691999999999925,-0.003139052433373512,0.011276969866479391,-1.5897124745489018e-05,9.810000014722815
2.693999999999925,-0.0031166571301841192,0.011197651594696323,-1.5787293963064492e-05,9.81000001451349
2.6959999999999247,-0.003094419367542885,0.01111888132061683,-1.567820432811226e-05,9.810000014307116
2.6979999999999245,-0.003072338056850275,0.011040655346305174,-1.556985099926643e-05,9.810000014103657
2.6999999999999242,-0.0030504121168543107,0.010962969997981945,-1.546222916530817e-05,9.810000013903073
2.701999999999924,-0.0030286404736025634,0.0108858216258734,-1.5355334044988656e-05,9.81000001370532
2.703999999999924,-0.0030070220603944397,0.0108092066040619,-1.5249160886856466e-05,9.810000013510361
2.7059999999999236,-0.0029855558177337626,0.010733121330338545,-1.514370496910043e-05,9.810000013318158
2.7079999999999234,-0.002964240693281667,0.010657562226048092,-1.5038961599296311e-05,9.81000001312867
2.709999999999923,-0.0029430756418097567,0.010582525735954883,-1.4934926114382343e-05,9.810000012941858
2.711999999999923,-0.0029220596251535837,0.01050800832808664,-1.4831593880376172e-05,9.810000012757685
2.7139999999999227,-0.0029011916121664005,0.010434006493591554,-1.4728960292232951e-05,9.810000012576117
2.7159999999999225,-0.0028804705786732126,0.01036051674659425,-1.4627020773681963e-05,9.810000012397115
2.7179999999999223,-0.002859895507425109,0.010287535624051764,-1.4525770777055097e-05,9.810000012220645
2.719999999999922,-0.0028394653880538753,0.010215059685617277,-1.4425205783194357e-05,9.810000012046668
2.721999999999922,-0.0028191792170269053,0.010143085513485008,-1.4325321301138252e-05,9.81000001187515
2.7239999999999216,-0.0027990359976023844,0.010071609712260595,-1.4226112868086644e-05,9.81000001170606
2.7259999999999214,-0.00277903473978475,0.01000062890881706,-1.4127576049195685e-05,9.81000001153936
2.727999999999921,-0.002759174460280445,0.009930139752153018,-1.4029706437388646e-05,9.810000011375019
2.729999999999921,-0.0027394541824539323,0.009860138913256385,-1.3932499653221184e-05,9.810000011213
2.7319999999999207,-0.002719872936283998,0.009790623084967014,-1.3835951344725672e-05,9.810000011053276
2.7339999999999205,-0.0027004297583203213,0.009721588981838211,-1.3740057187234847e-05,9.810000010895811
2.7359999999999203,-0.0026811236916403206,0.009653033340000455,-1.364481288322252e-05,9.810000010740573
2.73799999999992,-0.0026619537858062633,0.00958495291702846,-1.3550214162173324e-05,9.810000010587533
2.73999999999992,-0.002642919096822656,0.009517344491803793,-1.345625678039442e-05,9.810000010436658
2.7419999999999196,-0.0026240186870938936,0.00945020486438082,-1.3362936520856753e-05,9.81000001028792
2.7439999999999194,-0.0026052516253821795,0.00938353085585709,-1.3270249193077956e-05,9.810000010141287
2.745999999999919,-0.0025866169867657073,0.009317319308235943,-1.3178190632910338e-05,9.810000009996731
2.747999999999919,-0.0025681138525971087,0.00925156708429912,-1.3086756702432732e-05,9.810000009854221
2.7499999999999187,-0.0025497413104621633,0.009186271067472699,-1.2995943289759746e-05,9.81000000971373
2.7519999999999185,-0.002531498454138766,0.009121428161698577,-1.2905746308905706e-05,9.810000009575228
2.7539999999999183,-0.002513384383556145,0.009057035291310396,-1.2816161699691106e-05,9.810000009438687
2.755999999999918,-0.0024953982047543556,0.008993089400895056,-1.2727185427478197e-05,9.810000009304082
2.757999999999918,-0.002477539029844016,0.008929587455169731,-1.2638813483073841e-05,9.810000009171382
2.7599999999999176,-0.002459805976966296,0.00886652643886001,-1.2551041882637667e-05,9.810000009040563
2.7619999999999174,-0.002442198170253166,0.008803903356564734,-1.2463866667432352e-05,9.810000008911597
2.763999999999917,-0.002424714739787898,0.008741715232634126,-1.2377283903715865e-05,9.81000000878446
2.765999999999917,-0.002407354821565798,0.008679959111050139,-1.2291289682651857e-05,9.810000008659124
2.7679999999999167,-0.0023901175574552068,0.008618632055295727,-1.220588012008728e-05,9.810000008535566
2.7699999999999165,-0.002373002095158745,0.008557731148230767,-1.2121051356397096e-05,9.810000008413757
2.7719999999999163,-0.002356007588174789,0.008497253491977934,-1.203679955643433e-05,9.810000008293677
2.773999999999916,-0.0023391331957592094,0.008437196207789764,-1.195312090926044e-05,9.8100000081753
2.775999999999916,-0.002322378082887334,0.008377556435937869,-1.1870011628117746e-05,9.810000008058601
2.7779999999999156,-0.0023057414202161657,0.008318331335584413,-1.1787467950195277e-05,9.810000007943556
2.7799999999999154,-0.0022892223840468295,0.008259518084668,-1.1705486136549145e-05,9.810000007830144
2.781999999999915,-0.0022728201562872636,0.008201113879782928,-1.1624062471940838e-05,9.81000000771834
2.783999999999915,-0.0022565339244151445,0.00814311593605952,-1.1543193264681285e-05,9.810000007608123
2.7859999999999148,-0.0022403628814410526,0.00808552148704559,-1.1462874846479405e-05,9.810000007499468
2.7879999999999145,-0.0022243062258718643,0.008028327784596759,-1.1383103572383616e-05,9.810000007392356
2.7899999999999143,-0.0022083631616743628,0.007971532098751266,-1.1303875820543459e-05,9.810000007286765
2.791999999999914,-0.002192532898239122,0.00791513171762029,-1.1225187992134868e-05,9.810000007182673
2.793999999999914,-0.0021768146503445833,0.007859123947269397,-1.1147036511182092e-05,9.810000007080056
2.7959999999999137,-0.0021612076381213635,0.007803506111609977,-1.1069417824483791e-05,9.810000006978898
2.7979999999999134,-0.002145711087016809,0.00774827555227737,-1.0992328401382144e-05,9.810000006879173
2.7999999999999132,-0.0021303242277597597,0.007693429628524514,-1.091576473370003e-05,9.810000006780866
2.801999999999913,-0.0021150462963255372,0.007638965717111151,-1.0839723335621593e-05,9.810000006683955
2.803999999999913,-0.0020998765339011664,0.00758488121218529,-1.0764200743478407e-05,9.810000006588421
2.8059999999999126,-0.0020848141868508065,0.007531173525180165,-1.0689193515703657e-05,9.810000006494242
2.8079999999999123,-0.002069858506681403,0.007477840084701241,-1.0614698232667733e-05,9.810000006401403
2.809999999999912,-0.002055008750008583,0.007424878336409878,-1.0540711496468042e-05,9.81000000630988
2.811999999999912,-0.0020402641785227248,0.00737228574292916,-1.0467229930963951e-05,9.810000006219658
2.8139999999999117,-0.002025624058955281,0.007320059783722037,-1.0394250181491554e-05,9.81000000613072
2.8159999999999115,-0.0020110876630453,0.007268197954990498,-1.0321768914809345e-05,9.810000006043044
2.8179999999999112,-0.001996654267506162,0.007216697769569217,-1.0249782818975308e-05,9.810000005956615
2.819999999999911,-0.001982323153992528,0.007165556756816982,-1.0178288603192095e-05,9.810000005871414
2.821999999999911,-0.001968093609067508,0.007114772462510337,-1.0107282997670616e-05,9.810000005787424
2.8239999999999106,-0.001953964924170025,0.0070643424487416544,-1.0036762753537343e-05,9.810000005704627
2.8259999999999104,-0.0019399363955823997,0.007014264293812778,-9.9667246426853e-06,9.810000005623008
2.82799999999991,-0.0019260073243981314,0.006964535592134212,-9.897165457680966e-06,9.81000000554255
2.82999999999991,-0.0019121770164898914,0.006915153954119862,-9.82808201161503e-06,9.810000005463236
2.8319999999999097,-0.001898444782477725,0.006866117006082903,-9.759471137959144e-06,9.81000000538505
2.8339999999999095,-0.0018848099376974595,0.006817422390132738,-9.691329690428223e-06,9.810000005307975
2.8359999999999093,-0.0018712718021692912,0.006769067764084157,-9.623654542975416e-06,9.810000005231998
2.837999999999909,-0.001857829700566602,0.006721050801344332,-9.556442589529914e-06,9.8100000051571
2.839999999999909,-0.0018444829621849673,0.0066733691908175356,-9.489690743928381e-06,9.810000005083268
2.8419999999999086,-0.001831230920911347,0.006626020636809864,-9.42339593984102e-06,9.810000005010487
2.8439999999999084,-0.0018180729151934972,0.006579002858925101,-9.357555130590868e-06,9.810000004938741
2.845999999999908,-0.0018050082880095603,0.006532313591968323,-9.292165289055045e-06,9.810000004868018
2.847999999999908,-0.0017920363868378635,0.006485950585848411,-9.227223407546733e-06,9.810000004798301
2.8499999999999077,-0.0017791565636268978,0.006439911605482774,-9.162726497716889e-06,9.810000004729575
2.8519999999999075,-0.001766368174765507,0.006394194430695417,-9.098671590374513e-06,9.810000004661827
2.8539999999999073,-0.0017536705810532573,0.006348796856124991,-9.035055735413122e-06,9.810000004595047
2.855999999999907,-0.0017410631476709893,0.006303716691133947,-8.971876001744877e-06,9.810000004529215
2.857999999999907,-0.0017285452441515735,0.006258951759707716,-8.909129477115626e-06,9.81000000446432
2.8599999999999066,-0.0017161162443508524,0.006214499900360539,-8.846813267989e-06,9.810000004400349
2.8619999999999064,-0.0017037755264187632,0.006170358966044623,-8.784924499462434e-06,9.81000000433729
2.863999999999906,-0.0016915224727706494,0.006126526824057075,-8.723460315152312e-06,9.81000000427513
2.865999999999906,-0.0016793564700587577,0.006083001355945735,-8.662417877060936e-06,9.810000004213855
2.8679999999999057,-0.0016672769091439167,0.006039780457420542,-8.601794365500185e-06,9.810000004153453
2.8699999999999055,-0.0016552831850674002,0.005996862038258257,-8.541586978934606e-06,9.810000004093911
2.8719999999999053,-0.0016433746970229706,0.005954244022214944,-8.481792933906288e-06,9.810000004035219
2.873999999999905,-0.0016315508483291045,0.0059119243469329015,-8.42240946489137e-06,9.810000003977361
2.875999999999905,-0.0016198110464013963,0.005869900963854248,-8.363433824226211e-06,9.81000000392033
2.8779999999999046,-0.001608154702725129,0.005828171838133405,-8.304863282016016e-06,9.81000000386411
2.8799999999999044,-0.0015965812328280476,0.005786734948540705,-8.2466951259368e-06,9.81000000380869
2.881999999999904,-0.0015850900562532847,0.00574558828738152,-8.188926661207529e-06,9.810000003754064
2.883999999999904,-0.0015736805965324715,0.005704729860406516,-8.131555210456854e-06,9.810000003700216
2.8859999999999038,-0.0015623522811590187,0.005664157686726356,-8.074578113634171e-06,9.810000003647135
2.8879999999999035,-0.0015511045415615772,0.005623869798720844,-8.017992727852811e-06,9.81000000359481
2.8899999999999033,-0.0015399368130776564,0.005583864241960271,-7.961796427365579e-06,9.810000003543232
2.891999999999903,-0.001528848534927432,0.00554413907511235,-7.905986603372024e-06,9.810000003492389
2.893999999999903,-0.0015178391501877021,0.005504692369864664,-7.850560663996012e-06,9.810000003442273
2.8959999999999027,-0.0015069081057660322,0.005465522210834931,-7.795516034119782e-06,9.81000000339287
2.8979999999999024,-0.0014960548523750544,0.005426626695489011,-7.74085015530085e-06,9.810000003344173
2.899999999999902,-0.0014852788445069343,0.005388003934060044,-7.68656048569601e-06,9.810000003296171
2.901999999999902,-0.0014745795404080104,0.005349652049462023,-7.632644499917394e-06,9.810000003248854
2.9039999999999018,-0.0014639564020535924,0.005311569177208924,-7.579099688946215e-06,9.810000003202212
2.9059999999999016,-0.0014534088951229224,0.005273753465334938,-7.525923560053656e-06,9.810000003156237
2.9079999999999013,-0.0014429364889742993,0.005236203074311378,-7.473113636679393e-06,9.810000003110916
2.909999999999901,-0.001432538656620372,0.00519891617696359,-7.420667458304508e-06,9.810000003066243
2.911999999999901,-0.0014222148747035763,0.0051618909583978296,-7.368582580432607e-06,9.810000003022207
2.9139999999999007,-0.0014119646234717488,0.0051251256159137405,-7.316856574402909e-06,9.8100000029788
2.9159999999999004,-0.001401787386753884,0.005088618358932342,-7.265487027373602e-06,9.810000002936015
2.9179999999999002,-0.0013916826519360648,0.005052367408909614,-7.214471542137526e-06,9.810000002893839
2.9199999999999,-0.0013816499099375398,0.0050163709992622684,-7.163807737070269e-06,9.810000002852265
2.9219999999999,-0.001371688655186953,0.004980627375293521,-7.113493246073872e-06,9.810000002811284
2.9239999999998996,-0.0013617983855987326,0.0049451347941099994,-7.063525718415554e-06,9.810000002770892
2.9259999999998993,-0.0013519786025496378,0.004909891524547517,-7.013902818661141e-06,9.810000002731075
2.927999999999899,-0.0013422288108554483,0.004874895847094623,-6.96462222657919e-06,9.810000002691826
2.929999999999899,-0.0013325485187478158,0.004840146053816169,-6.915681637039948e-06,9.810000002653139
2.9319999999998987,-0.0013229372378512577,0.0048056404482790666,-6.8670787599347724e-06,9.810000002615004
2.9339999999998985,-0.0013133944831603083,0.004771377345474748,-6.818811320053208e-06,9.810000002577414
2.9359999999998982,-0.001303919773016805,0.004737355071751578,-6.770877057068137e-06,9.810000002540361
2.937999999999898,-0.0012945126290873463,0.00470357196472955,-6.723273725315739e-06,9.81000000250384
2.939999999999898,-0.0012851725763408741,0.004670026373236024,-6.6759990938085456e-06,9.81000000246784
2.9419999999998976,-0.0012758991430264115,0.004636716657231507,-6.629050946131584e-06,9.810000002432353
2.9439999999998974,-0.0012666918606509426,0.004603641187734306,-6.582427080321411e-06,9.810000002397375
2.945999999999897,-0.0012575502639574456,0.004570798346748524,-6.5361253087775685e-06,9.810000002362896
2.947999999999897,-0.0012484738909030572,0.004538186527194258,-6.490143458195051e-06,9.810000002328911
2.9499999999998967,-0.0012394622826373926,0.004505804132832268,-6.4444793694292576e-06,9.81000000229541
2.9519999999998965,-0.0012305149834809911,0.004473649578200822,-6.3991308974944e-06,9.810000002262392
2.9539999999998963,-0.0012216315409039195,0.0044417212885359296,-6.354095911369796e-06,9.810000002229843
2.955999999999896,-0.0012128115055044983,0.004410017699710411,-6.309372294014136e-06,9.81000000219776
2.957999999999896,-0.001204054430988181,0.00437853725815856,-6.264957942213021e-06,9.810000002166138
2.9599999999998956,-0.001195359874146564,0.0043472784208085586,-6.220850766509499e-06,9.810000002134968
2.9619999999998954,-0.0011867273948365405,0.004316239655011579,-6.1770486910925045e-06,9.810000002104243
2.963999999999895,-0.0011781565559595814,0.004285419438479738,-6.133549653781268e-06,9.810000002073958
2.965999999999895,-0.0011696469234411574,0.004254816259211869,-6.090351605868021e-06,9.810000002044106
2.9679999999998947,-0.0011611980662102968,0.004224428615430372,-6.047452512081088e-06,9.810000002014682
2.9699999999998945,-0.0011528095561792742,0.004194255015511421,-6.004850350468885e-06,9.810000001985678
2.9719999999998943,-0.0011444809682234372,0.0041642939779184835,-5.962543112317023e-06,9.810000001957091
2.973999999999894,-0.0011362118801611569,0.004134544031140287,-5.920528802111465e-06,9.810000001928913
2.975999999999894,-0.0011280018727339125,0.004105003713622123,-5.878805437422629e-06,9.810000001901138
2.9779999999998936,-0.0011198505295865182,0.004075671573697162,-5.837371048784558e-06,9.81000000187376
2.9799999999998934,-0.0011117574372474651,0.004046546169526629,-5.796223679670641e-06,9.810000001846776
2.981999999999893,-0.0011037221851093921,0.0040176260690366495,-5.755361386427763e-06,9.810000001820177
2.983999999999893,-0.001095744365409695,0.003988909849848458,-5.714782238131122e-06,9.810000001793957
2.9859999999998927,-0.0010878235732112618,0.003960396099216349,-5.674484316522115e-06,9.810000001768117
2.9879999999998925,-0.001079959406383322,0.003932083413970077,-5.634465715992992e-06,9.810000001742644
2.9899999999998923,-0.0010721514655824362,0.0039039704004428344,-5.5947245434045495e-06,9.810000001717537
2.991999999999892,-0.0010643993542336022,0.003876055674416971,-5.5552589180996715e-06,9.81000000169279
2.993999999999892,-0.0010567026785114916,0.003848337861055302,-5.516066971750634e-06,9.810000001668397
2.9959999999998916,-0.001049061047321802,0.0038208155948446097,-5.477146848339995e-06,9.810000001644354
2.9979999999998914,-0.0010414740722827418,0.0037934875195302733,-5.438496704037253e-06,9.810000001620656
2.999999999999891,-0.0010339413677066204,0.003766352288060878,-5.4001147071847526e-06,9.810000001597297
3.001999999999891,-0.0010264625505815744,0.003739408562522848,-5.361999038166794e-06,9.810000001574274
3.0039999999998908,-0.0010190372405534155,0.0037126550140795145,-5.3241478893245576e-06,9.81000000155158
3.0059999999998905,-0.0010116650599075886,0.0036860903229135045,-5.286559464905206e-06,9.810000001529211
3.0079999999998903,-0.0010043456335512503,0.003659713178169131,-5.2492319810069105e-06,9.810000001507163
3.00999999999989,-0.0009970785889954698,0.0036335222778903515,-5.212163665470401e-06,9.810000001485431
3.01199999999989,-0.0009898635563375415,0.0036075163289642645,-5.175352757828967e-06,9.810000001464012
3.0139999999998897,-0.000982700168243421,0.0035816940470601785,-5.1387975092048515e-06,9.8100000014429
3.0159999999998894,-0.0009755880599302679,0.003556054156576432,-5.102496182289442e-06,9.81000000142209
3.017999999999889,-0.0009685268691491135,0.0035305953905772425,-5.066447051207219e-06,9.810000001401578
3.019999999999889,-0.0009615162361676368,0.0035053164907384235,-5.030648401475989e-06,9.810000001381361
3.0219999999998888,-0.0009545558037530595,0.003480216207288663,-4.9950985299133225e-06,9.810000001361434
3.0239999999998886,-0.0009476452171551467,0.0034552932989563483,-4.959795744602167e-06,9.810000001341793
3.0259999999998883,-0.0009407841240893226,0.0034305465329119533,-4.924738364802814e-06,9.810000001322434
3.027999999999888,-0.0009339721747198995,0.0034059746847115383,-4.889924720873733e-06,9.810000001303353
3.029999999999888,-0.0009272090216434169,0.0033815765382413537,-4.855353154201168e-06,9.810000001284545
3.0319999999998877,-0.0009204943198720942,0.0033573508856613405,-4.821022017112803e-06,9.810000001266006
3.0339999999998875,-0.0009138277268173793,0.003333296527357488,-4.786929672888075e-06,9.810000001247737
3.0359999999998872,-0.000907208902273624,0.0033094122718775785,-4.7530744955774314e-06,9.810000001229726
3.037999999999887,-0.0009006375084018525,0.003285696935885765,-4.719454870030395e-06,9.810000001211975
3.039999999999887,-0.000894113209713649,0.0032621493441016346,-4.686069191745421e-06,9.810000001194481
3.0419999999998866,-0.0008876356730551465,0.0032387683292514637,-4.652915866853429e-06,9.810000001177235
3.0439999999998864,-0.0008812045675911187,0.003215552732013931,-4.619993312035934e-06,9.810000001160239
3.045999999999886,-0.0008748195647891781,0.0031925014009702617,-4.587299954489607e-06,9.810000001143486
3.047999999999886,-0.0008684803384040869,0.0031696131925455116,-4.554834231787265e-06,9.810000001126975
3.0499999999998857,-0.000862186564462165,0.0031468869709609273,-4.522594591860491e-06,9.8100000011107
3.0519999999998855,-0.0008559379212457989,0.0031243216081829816,-4.49057949294173e-06,9.810000001094657
3.0539999999998853,-0.0008497340892780564,0.0031019159838713054,-4.458787403490416e-06,9.810000001078848
3.055999999999885,-0.000843574751307403,0.0030796689853266153,-4.427216802115957e-06,9.810000001063264
3.057999999999885,-0.0008374595922925235,0.0030575795074397525,-4.39586617750951e-06,9.810000001047905
3.0599999999998846,-0.0008313882993872422,0.0030356464526407187,-4.364734028372672e-06,9.810000001032765
3.0619999999998844,-0.0008253605619255336,0.003013868730854361,-4.333818863418351e-06,9.810000001017844
3.063999999999884,-0.0008193760714066503,0.002992245259441654,-4.303119201205448e-06,9.810000001003138
3.065999999999884,-0.0008134345214803306,0.002970774963159817,-4.272633570183048e-06,9.810000000988643
3.0679999999998837,-0.0008075356079321212,0.002949456774104701,-4.242360508531438e-06,9.810000000974355
3.0699999999998835,-0.0008016790286687837,0.002928289631668693,-4.212298564174922e-06,9.810000000960274
3.0719999999998833,-0.0007958644837038129,0.00290727248248532,-4.1824462946413644e-06,9.810000000946395
3.073999999999883,-0.0007900916751430297,0.0028864042803915784,-4.152802267118946e-06,9.810000000932716
3.075999999999883,-0.0007843603071703002,0.0028656839863647884,-4.123365058221897e-06,9.810000000919231
3.0779999999998826,-0.0007786700860333148,0.0028451105684926797,-4.0941332541284975e-06,9.810000000905942
3.0799999999998824,-0.0007730207200294898,0.002824683001912456,-4.065105450366022e-06,9.810000000892845
3.081999999999882,-0.000767411919491948,0.002804400268770915,-4.036280251829874e-06,9.810000000879937
3.083999999999882,-0.0007618433967756032,0.002784261358172373,-4.007656272662215e-06,9.810000000867213
3.0859999999998817,-0.0007563148662433233,0.0027642652661398937,-3.979232136277798e-06,9.810000000854671
3.0879999999998815,-0.0007508260442521947,0.002744410995564321,-3.951006475249454e-06,9.810000000842312
3.0899999999998813,-0.0007453766491398815,0.002724697556156644,-3.9229779312276054e-06,9.81000000083013
3.091999999999881,-0.0007399664012110673,0.0027051239644070016,-3.895145154932083e-06,9.810000000818121
3.093999999999881,-0.0007345950227239888,0.002685689243539262,-3.8675068060912095e-06,9.810000000806289
3.0959999999998806,-0.0007292622378770641,0.002666392423462274,-3.840061553340303e-06,9.810000000794624
3.0979999999998804,-0.0007239677727956129,0.0026472325407255527,-3.8128080741667812e-06,9.810000000783127
3.09999999999988,-0.0007187113555186455,0.0026282086384838265,-3.785745054953424e-06,9.810000000771797
3.10199999999988,-0.0007134927159857644,0.0026093197664405353,-3.7588711907806116e-06,9.81000000076063
3.1039999999998797,-0.0007083115860241375,0.002590564980813485,-3.7321851854757364e-06,9.810000000749623
3.1059999999998795,-0.0007031676993355698,0.002571943344283887,-3.7056857514723196e-06,9.810000000738773
3.1079999999998793,-0.0006980607914836523,0.0025534539259586876,-3.679371609816205e-06,9.810000000728081
3.109999999999879,-0.0006929905998809956,0.00253509580132847,-3.653241490119443e-06,9.810000000717544
3.111999999999879,-0.0006879568637765557,0.0025168680522198138,-3.627294130448558e-06,9.810000000707157
3.1139999999998786,-0.0006829593242430383,0.0024987697667587377,-3.6015282773350525e-06,9.81000000069692
3.1159999999998784,-0.0006779977241643989,0.002480800039319733,-3.5759426856205284e-06,9.810000000686832
3.117999999999878,-0.0006730718082234073,0.002462957970495852,-3.5505361185368275e-06,9.810000000676888
3.119999999999878,-0.0006681813228893139,0.00244524266704664,-3.525307347533438e-06,9.810000000667088
3.1219999999998778,-0.000663326016405584,0.002427653241864894,-3.5002551523146144e-06,9.810000000657428
3.1239999999998775,-0.0006585056387777216,0.002410188813931244,-3.475378320736568e-06,9.810000000647907
3.1259999999998773,-0.0006537199417611775,0.0023928485082720507,-3.45067564873904e-06,9.810000000638524
3.127999999999877,-0.0006489686788493319,0.0023756314559228446,-3.4261459403369746e-06,9.810000000629277
3.129999999999877,-0.0006442516052615571,0.0023585367938873374,-3.4017880075597816e-06,9.810000000620162
3.1319999999998767,-0.0006395684779313686,0.0023415636650942115,-3.3776006703626196e-06,9.810000000611177
3.1339999999998764,-0.0006349190554946408,0.0023247112183638844,-3.3535827566479066e-06,9.810000000602324
3.135999999999876,-0.0006303030982779191,0.0023079786083608695,-3.3297331021215785e-06,9.810000000593599
3.137999999999876,-0.0006257203682867959,0.002291364995561649,-3.3060505503217497e-06,9.810000000585
3.139999999999876,-0.000621170629194373,0.0022748695462114638,-3.2825339525199315e-06,9.810000000576522
3.1419999999998756,-0.0006166536463298041,0.0022584914322844314,-3.2591821676569023e-06,9.810000000568168
3.1439999999998753,-0.000612169186666897,0.0022422298314536317,-3.235994062389121e-06,9.810000000559935
3.145999999999875,-0.0006077170188128077,0.002226083927044577,-3.2129685109450667e-06,9.81000000055182
3.147999999999875,-0.0006032969129968102,0.002210052907998652,-3.190104395091091e-06,9.810000000543821
3.1499999999998747,-0.0005989086410591371,0.002194135968836551,-3.167400604095007e-06,9.81000000053594
3.1519999999998745,-0.0005945519764398936,0.002178332309621722,-3.14485603468746e-06,9.81000000052817
3.1539999999998742,-0.0005902266941680461,0.0021626411359238025,-3.122469591020862e-06,9.810000000520514
3.155999999999874,-0.0005859325708504888,0.002147061658778737,-3.1002401845881683e-06,9.810000000512968
3.157999999999874,-0.0005816693846611842,0.0021315930946522173,-3.078166734176775e-06,9.810000000505529
3.1599999999998736,-0.0005774369153303714,0.002116234665406446,-3.0562481658574986e-06,9.8100000004982
3.1619999999998734,-0.0005732349441338465,0.002100985598262467,-3.0344834129215616e-06,9.810000000490975
3.163999999999873,-0.0005690632538823259,0.0020858451257602844,-3.012871415789602e-06,9.810000000483855
3.165999999999873,-0.000564921628910868,0.0020708124857289458,-2.9914111220311998e-06,9.810000000476837
3.1679999999998727,-0.0005608098550683656,0.002055886921251092,-2.9701014863198263e-06,9.810000000469921
3.1699999999998725,-0.0005567277197071216,0.0020410676806219673,-2.9489414703226032e-06,9.810000000463106
3.1719999999998723,-0.0005526750116724871,0.0020263540173172862,-2.9279300426876195e-06,9.810000000456387
3.173999999999872,-0.0005486515212925693,0.0020117451899588933,-2.907066179004186e-06,9.810000000449767
3.175999999999872,-0.0005446570403680062,0.0019972404622815233,-2.8863488617734155e-06,9.81000000044324
3.1779999999998716,-0.0005406913621618161,0.0019828391030951354,-2.865777080326414e-06,9.81000000043681
3.1799999999998714,-0.0005367542813893106,0.0019685403862527845,-2.8453498308027376e-06,9.810000000430472
3.181999999999871,-0.000532845594208078,0.0019543435906162736,-2.8250661161015234e-06,9.810000000424226
3.183999999999871,-0.00052896509820803,0.0019402480000240297,-2.804924945855668e-06,9.81000000041807
3.1859999999998707,-0.0005251125924015231,0.0019262529032534322,-2.784925336341082e-06,9.810000000412002
3.1879999999998705,-0.0005212878772135412,0.0019123575939909015,-2.765066310471123e-06,9.810000000406022
3.1899999999998703,-0.0005174907544719417,0.001898561370799771,-2.7453468977642727e-06,9.810000000400128
3.19199999999987,-0.0005137210273977808,0.0018848635370804008,-2.7257661342215427e-06,9.810000000394322
3.19399999999987,-0.0005099785005956848,0.0018712634010480222,-2.706323062402233e-06,9.810000000388596
3.1959999999998696,-0.0005062629800442967,0.0018577602756939607,-2.6870167313101306e-06,9.810000000382955
3.1979999999998694,-0.0005025742730867854,0.0018443534787557238,-2.6678461963773527e-06,9.810000000377393
3.199999999999869,-0.0004989121884214267,0.0018310423326793328,-2.6488105193583514e-06,9.810000000371915
3.201999999999869,-0.0004952765360922344,0.0018178261645960558,-2.6299087683845814e-06,9.810000000366513
3.2039999999998687,-0.0004916671274796627,0.001804704306285849,-2.6111400178672305e-06,9.81000000036119
3.2059999999998685,-0.00048808377529137005,0.0017916760941463353,-2.592503348460126e-06,9.810000000355945
3.2079999999998683,-0.0004845262935530465,0.0017787408691617844,-2.5739978470206394e-06,9.810000000350776
3.209999999999868,-0.0004809944975992979,0.0017658979768743065,-2.5556226065936293e-06,9.81000000034568
3.211999999999868,-0.00047748820406460346,0.0017531467673472922,-2.5373767263055935e-06,9.81000000034066
3.2139999999998676,-0.00047400723087431265,0.0017404865951454714,-2.5192593114448457e-06,9.81000000033571
3.2159999999998674,-0.00047055139723572916,0.0017279168192917056,-2.5012694732767094e-06,9.810000000330833
3.217999999999867,-0.00046712052362923276,0.0017154368032481532,-2.483406329131891e-06,9.810000000326026
3.219999999999867,-0.00046371443179947785,0.001703045914877494,-2.4656690022678233e-06,9.810000000321288
3.2219999999998667,-0.00046033294474664743,0.0016907435264152315,-2.448056621852766e-06,9.81000000031662
3.2239999999998665,-0.0004569758867177546,0.0016785290144464289,-2.430568322998487e-06,9.81000000031202
3.2259999999998663,-0.00045364308319801634,0.0016664017598691464,-2.4132032466408128e-06,9.810000000307484
3.227999999999866,-0.0004503343609022806,0.001654361147867854,-2.3959605395305676e-06,9.810000000303015
3.229999999999866,-0.0004470495477665091,0.0016424065678857338,-2.378839354210366e-06,9.810000000298611
3.2319999999998656,-0.00044378847293932624,0.0016305374135914428,-2.3618388489266205e-06,9.81000000029427
3.2339999999998654,-0.00044055096677361234,0.001618753082856956,-2.3449581876650357e-06,9.810000000289993
3.235999999999865,-0.0004373368608181659,0.0016070529777232213,-2.328196540046562e-06,9.810000000285777
3.237999999999865,-0.00043414598780941655,0.0015954365043746787,-2.311553081321351e-06,9.810000000281622
3.2399999999998648,-0.0004309781816631956,0.0015839030731104548,-2.295026992323464e-06,9.810000000277526
3.2419999999998645,-0.0004278332774665601,0.0015724520983177743,-2.278617459448799e-06,9.810000000273492
3.2439999999998643,-0.0004247111114696738,0.0015610829984431536,-2.262323674606172e-06,9.810000000269515
3.245999999999864,-0.00042161152107774433,0.0015497951959647053,-2.246144835178988e-06,9.810000000265594
3.247999999999864,-0.0004185343448430111,0.0015385881173666555,-2.2300801440102e-06,9.810000000261732
3.2499999999998637,-0.00041547942245679444,0.001527461193108324,-2.2141288093228707e-06,9.810000000257924
3.2519999999998634,-0.0004124465947415927,0.0015164138576008578,-2.1982900447263702e-06,9.810000000254174
3.2539999999998632,-0.00040943570364323584,0.001505445549178427,-2.1825630691584755e-06,9.810000000250476
3.255999999999863,-0.00040644659222308815,0.0014945557100738503,-2.166947106875688e-06,9.810000000246832
3.257999999999863,-0.00040347910465031076,0.001483743786388683,-2.1514413873792206e-06,9.81000000024324
3.2599999999998626,-0.000400533086194173,0.0014730092280688433,-2.136045145401602e-06,9.810000000239702
3.2619999999998623,-0.0003976083832164148,0.00146235148887913,-2.1207576208792423e-06,9.810000000236213
3.263999999999862,-0.00039470484316365707,0.0014517700263788512,-2.1055780589360244e-06,9.810000000232776
3.265999999999862,-0.00039182231455987766,0.0014412643018896928,-2.090505709777101e-06,9.81000000022939
3.2679999999998617,-0.00038896064699892155,0.0014308337804779944,-2.075539828743887e-06,9.81000000022605
3.2699999999998615,-0.0003861196911370763,0.0014204779309226203,-2.0606796762046906e-06,9.810000000222761
3.2719999999998612,-0.0003832992986856863,0.0014101962256950166,-2.045924517581272e-06,9.81000000021952
3.273999999999861,-0.00038049932240382533,0.001399988140930407,-2.0312736232737103e-06,9.810000000216323
3.275999999999861,-0.00037771961609101847,0.0013898531564034194,-2.0167262686333974e-06,9.810000000213174
3.2779999999998606,-0.0003749600345800066,0.0013797907555059279,-2.0022817339597027e-06,9.81000000021007
3.2799999999998604,-0.00037222043372956115,0.001369800425222679,-1.9879393044701434e-06,9.810000000207012
3.28199999999986,-0.0003695006704173583,0.001359881656101379,-1.9736982702059723e-06,9.810000000203997
3.28399999999986,-0.00036680060253289047,0.0013500339422338606,-1.9595579260612785e-06,9.810000000201027
3.2859999999998597,-0.0003641200889704315,0.0013402567812294927,-1.9455175717231177e-06,9.8100000001981
3.2879999999998595,-0.0003614589896220521,0.001330549674189699,-1.931576511622279e-06,9.810000000195215
3.2899999999998593,-0.00035881716537066724,0.0013209121256924482,-1.9177340549955097e-06,9.810000000192373
3.291999999999859,-0.0003561944780831603,0.0013113436437534782,-1.9039895156829628e-06,9.81000000018957
3.293999999999859,-0.00035359079060351655,0.0013018437398218635,-1.890342212312211e-06,9.81000000018681
3.2959999999998586,-0.0003510059667460386,0.0012924119287390245,-1.8767914680679002e-06,9.810000000184088
3.2979999999998584,-0.0003484398712885877,0.001283047728725432,-1.8633366107721324e-06,9.810000000181406
3.299999999999858,-0.00034589236996587075,0.0012737506613584504,-1.8499769728639287e-06,9.810000000178762
3.301999999999858,-0.0003433633294627881,0.0012645202515413159,-1.8367118912765874e-06,9.810000000176158
3.3039999999998577,-0.0003408526174078151,0.0012553560274865196,-1.823540707476029e-06,9.810000000173591
3.3059999999998575,-0.00033836010236642334,0.0012462575206958638,-1.810462767460702e-06,9.810000000171062
3.3079999999998573,-0.00033588565383455774,0.0012372242659327661,-1.7974774216722353e-06,9.81000000016857
3.309999999999857,-0.0003334291422321619,0.001228255801197886,-1.7845840249415723e-06,9.810000000166113
3.311999999999857,-0.0003309904388967303,0.0012193516677158293,-1.7717819365592936e-06,9.810000000163692
3.3139999999998566,-0.0003285694160769154,0.0012105114099074516,-1.7590705201819668e-06,9.810000000161306
3.3159999999998564,-0.0003261659469261866,0.0012017345753643771,-1.7464491437614284e-06,9.810000000158954
3.317999999999856,-0.00032377990549651523,0.0011930207148357038,-1.73391717961055e-06,9.810000000156636
3.319999999999856,-0.00032141116673211023,0.0011843693822025216,-1.7214740043303078e-06,9.810000000154353
3.3219999999998557,-0.0003190596064632032,0.0011757801344535396,-1.7091189987473778e-06,9.810000000152105
3.3239999999998555,-0.00031672510139986617,0.0011672525316684676,-1.6968515479380258e-06,9.810000000149886
3.3259999999998553,-0.0003144075291258768,0.0011587861369947504,-1.684671041175698e-06,9.810000000147701
3.327999999999855,-0.00031210676809261705,0.0011503805166298414,-1.6725768719398588e-06,9.810000000145546
3.329999999999855,-0.00030982269761303,0.0011420352397935056,-1.6605684378105118e-06,9.810000000143424
3.3319999999998546,-0.0003075551978556054,0.0011337498787123098,-1.6486451404988995e-06,9.810000000141333
3.3339999999998544,-0.0003053041498384061,0.00112552400859968,-1.6368063858271877e-06,9.81000000013927
3.335999999999854,-0.00030306943542314084,0.0011173572076326353,-1.6250515836690384e-06,9.81000000013724
3.337999999999854,-0.00030085093730928154,0.0011092490569296319,-1.6133801479010454e-06,9.810000000135238
3.3399999999998538,-0.00029864853902820477,0.001101199140538375,-1.6017914964658284e-06,9.810000000133265
3.3419999999998535,-0.0002964621249373908,0.0010932070454070131,-1.5902850512460808e-06,9.810000000131321
3.3439999999998533,-0.00029429158021464463,0.0010852723613730617,-1.578860238137428e-06,9.810000000129405
3.345999999999853,-0.00029213679085237764,0.001077394681133488,-1.5675164869072033e-06,9.810000000127516
3.347999999999853,-0.0002899976436519148,0.001069573600231417,-1.5562532312392801e-06,9.810000000125656
3.3499999999998527,-0.000287874026217838,0.0010618087170384052,-1.5450699087281471e-06,9.810000000123823
3.3519999999998524,-0.00028576582695238,0.0010540996327289608,-1.53396596078377e-06,9.810000000122015
3.353999999999852,-0.0002836729350498478,0.0010464459512661381,-1.5229408326601954e-06,9.810000000120235
3.355999999999852,-0.00028159524049108895,0.001038847279379383,-1.5119939733954205e-06,9.81000000011848
3.3579999999998518,-0.0002795326340379865,0.0010313032265512362,-1.5011248358502596e-06,9.810000000116752
3.3599999999998515,-0.00027748500722801387,0.0010238134049863129,-1.490332876545287e-06,9.810000000115048
3.3619999999998513,-0.00027545225236879576,0.0010163774296090878,-1.479617555822156e-06,9.810000000113368
3.363999999999851,-0.00027343426253272334,0.0010089949180361972,-1.468978337716409e-06,9.810000000111712
3.365999999999851,-0.00027143093155162145,0.0010016654905509578,-1.4584146898528966e-06,9.810000000110081
3.3679999999998507,-0.00026944215401142135,0.0009943887701000431,-1.44792608359083e-06,9.810000000108474
3.3699999999998504,-0.00026746782524688756,0.0009871643822668941,-1.4375119939052698e-06,9.810000000106891
3.3719999999998502,-0.0002655078413363884,0.000979991955249562,-1.4271718993166128e-06,9.81000000010533
3.37399999999985,-0.0002635620990966847,0.0009728711198518439,-1.4169052819693216e-06,9.810000000103791
3.37599999999985,-0.00026163049607775803,0.0009658015094633428,-1.406711627584864e-06,9.810000000102276
3.3779999999998496,-0.0002597129305576835,0.0009587827600373079,-1.3965904253879612e-06,9.810000000100782
3.3799999999998493,-0.0002578093015375354,0.0009518145100740177,-1.3865411680939847e-06,9.810000000099311
3.381999999999849,-0.00025591950873632484,0.000944896400605269,-1.376563351907856e-06,9.81000000009786
3.383999999999849,-0.0002540434525859671,0.0009380280751788665,-1.366656476522096e-06,9.81000000009643
3.3859999999998487,-0.0002521810342262853,0.000931209179840897,-1.356820045088753e-06,9.810000000095021
3.3879999999998485,-0.00025033215550006923,0.0009244393631080315,-1.3470535640768148e-06,9.810000000093632
3.3899999999998482,-0.00024849671894813195,0.0009177182759686341,-1.337356543454294e-06,9.810000000092264
3.391999999999848,-0.00024667462780443507,0.000911045571848417,-1.3277284964688641e-06,9.810000000090916
3.393999999999848,-0.0002448657859912209,0.0009044209066071167,-1.3181689397774064e-06,9.81000000008959
3.3959999999998476,-0.0002430700981141904,0.0008978439385152285,-1.3086773933496936e-06,9.81000000008828
3.3979999999998474,-0.00024128746945771995,0.000891314328235173,-1.2992533804204225e-06,9.810000000086989
3.399999999999847,-0.00023951780598009735,0.0008848317388113242,-1.2898964275404494e-06,9.810000000085719
3.401999999999847,-0.00023776101430879941,0.0008783958356489603,-1.280606064502039e-06,9.810000000084464
3.4039999999998467,-0.00023601700173579522,0.0008720062865020769,-1.2713818243629667e-06,9.81000000008323
3.4059999999998465,-0.000234285676212895,0.0008656627614501212,-1.2622232433442605e-06,9.810000000082015
3.4079999999998463,-0.0002325669463471212,0.0008593649328869132,-1.2531298608642983e-06,9.810000000080814
3.409999999999846,-0.00023086072139609753,0.0008531124755117829,-1.2441012195977604e-06,9.810000000079633
3.411999999999846,-0.0002291669112635071,0.0008469050662952253,-1.2351368652448108e-06,9.81000000007847
3.4139999999998456,-0.00022748542649454482,0.0008407423844811167,-1.2262363467122477e-06,9.810000000077322
3.4159999999998454,-0.00022581617827142228,0.000834624111561233,-1.2173992159811824e-06,9.810000000076192
3.417999999999845,-0.00022415907840888952,0.0008285499312663871,-1.2086250281612525e-06,9.810000000075078
3.419999999999845,-0.00022251403934980316,0.0008225195295431622,-1.1999133413810142e-06,9.81000000007398
3.4219999999998447,-0.0002208809741607153,0.0008165325945439424,-1.1912637168272192e-06,9.810000000072899
3.4239999999998445,-0.00021925979652749242,0.000810588816611401,-1.1826757187209317e-06,9.810000000071831
3.4259999999998443,-0.00021765042075096643,0.0008046878882629906,-1.1741489142925225e-06,9.810000000070781
3.427999999999844,-0.00021605276174262,0.000798829504173217,-1.1656828737304098e-06,9.810000000069746
3.429999999999844,-0.00021446673502029708,0.0007930133611614524,-1.1572771701913726e-06,9.810000000068726
3.4319999999998436,-0.00021289225670393757,0.0007872391581797485,-1.1489313798102155e-06,9.81000000006772
3.4339999999998434,-0.00021132924351135177,0.0007815065962928947,-1.140645081620671e-06,9.81000000006673
3.435999999999843,-0.00020977761275402373,0.0007758153786640157,-1.1324178575375155e-06,9.810000000065754
3.437999999999843,-0.00020823728233293007,0.0007701652105468163,-1.1242492924132858e-06,9.810000000064791
3.4399999999998427,-0.00020670817073440543,0.0007645557992623152,-1.1161389739186682e-06,9.810000000063843
3.4419999999998425,-0.00020519019702602324,0.0007589868541910907,-1.108086492596944e-06,9.810000000062908
3.4439999999998423,-0.0002036832808525077,0.0007534580867577698,-1.1000914418302639e-06,9.810000000061988
3.445999999999842,-0.00020218734243168326,0.0007479692104121943,-1.0921534177669725e-06,9.81000000006108
3.447999999999842,-0.00020070230255043772,0.0007425199406227729,-1.0842720193858415e-06,9.810000000060187
3.4499999999998416,-0.00019922808256072464,0.0007371099948565406,-1.0764468484092932e-06,9.810000000059306
3.4519999999998414,-0.00019776460437558846,0.0007317390925680784,-1.0686775093155275e-06,9.810000000058437
3.453999999999841,-0.00019631179046521822,0.0007264069551851117,-1.0609636093123638e-06,9.810000000057583
3.455999999999841,-0.00019486956385302335,0.0007211133060974312,-1.0533047583478208e-06,9.810000000056739
3.4579999999998408,-0.00019343784811174498,0.0007158578706391663,-1.0457005690445563e-06,9.81000000005591
3.4599999999998405,-0.00019201656735959402,0.0007106403760754913,-1.0381506566832051e-06,9.81000000005509
3.4619999999998403,-0.00019060564625640423,0.0007054605515948697,-1.030654639247755e-06,9.810000000054284
3.46399999999984,-0.000189205009999826,0.0007003181282891119,-1.0232121373323013e-06,9.810000000053488
3.46599999999984,-0.00018781458432153694,0.0006952128391445132,-1.0158227741718913e-06,9.810000000052705
3.4679999999998397,-0.00018643429548348647,0.0006901444190252342,-1.0084861755849136e-06,9.810000000051934
3.4699999999998394,-0.00018506407027415534,0.0006851126046655468,-1.0012019700148747e-06,9.810000000051174
3.471999999999839,-0.00018370383600485333,0.0006801171346509994,-9.939697884460673e-07,9.810000000050424
3.473999999999839,-0.00018235352050603197,0.0006751577494106617,-9.867892644434824e-07,9.810000000049685
3.4759999999998388,-0.00018101305212363096,0.0006702341912005069,-9.79660034091814e-07,9.810000000048957
3.4779999999998386,-0.00017968235971544847,0.0006653462040912248,-9.725817359834113e-07,9.810000000048241
3.4799999999998383,-0.00017836137264753198,0.0006604935339582501,-9.655540112306368e-07,9.810000000047534
3.481999999999838,-0.00017705002079059943,0.0006556759284662533,-9.585765034147696e-07,9.810000000046838
3.483999999999838,-0.00017574823451647887,0.0006508931370602765,-9.516488586091703e-07,9.810000000046152
3.4859999999998377,-0.0001744559446945784,0.0006461449109502236,-9.447707253265755e-07,9.810000000045475
3.4879999999998375,-0.00017317308268838103,0.0006414310030986737,-9.379417545028619e-07,9.810000000044809
3.4899999999998372,-0.00017189958035196138,0.0006367511682098012,-9.311615994925808e-07,9.810000000044152
3.491999999999837,-0.00017063537002652034,0.0006321051627205139,-9.244299160889906e-07,9.810000000043505
3.493999999999837,-0.00016938038453695489,0.0006274927447827266,-9.177463624430143e-07,9.810000000042868
3.4959999999998366,-0.0001681345571884459,0.0006229136742544974,-9.111105990812691e-07,9.810000000042239
3.4979999999998364,-0.00016689782176307016,0.0006183677126878416,-9.045222888859668e-07,9.810000000041619
3.499999999999836,-0.00016567011251644148,0.0006138546233143287,-8.979810970487502e-07,9.81000000004101
3.501999999999836,-0.00016445136417436235,0.0006093741710395435,-8.914866911241208e-07,9.810000000040409
3.5039999999998357,-0.00016324151192950942,0.0006049261224264674,-8.850387409569722e-07,9.810000000039816
3.5059999999998355,-0.0001620404914381384,0.0006005102456855077,-8.786369186842296e-07,9.810000000039231
3.5079999999998353,-0.00016084823881681382,0.0005961263106623105,-8.722808987106946e-07,9.810000000038658
3.509999999999835,-0.00015966469063915384,0.000591774088830006,-8.659703577343799e-07,9.810000000038091
3.511999999999835,-0.00015848978393261535,0.000587453353269266,-8.597049746330945e-07,9.810000000037531
3.5139999999998346,-0.00015732345617528096,0.0005831638786671963,-8.534844305630609e-07,9.810000000036982
3.5159999999998344,-0.00015616564529267955,0.0005789054413007188,-8.473084088819192e-07,9.810000000036439
3.517999999999834,-0.00015501628965462638,0.0005746778190266,-8.41176595145768e-07,9.810000000035904
3.519999999999834,-0.00015387532807208343,0.0005704807912714798,-8.350886771055803e-07,9.810000000035378
3.5219999999998337,-0.00015274269979404854,0.0005663141390174699,-8.290443446526422e-07,9.81000000003486
3.5239999999998335,-0.00015161834450445755,0.0005621776447955057,-8.23043289850921e-07,9.810000000034348
3.5259999999998333,-0.000150502202319109,0.0005580710926742677,-8.17085206918886e-07,9.810000000033844
3.527999999999833,-0.00014939421378261969,0.0005539942682446712,-8.111697921602007e-07,9.810000000033348
3.529999999999833,-0.0001482943198653866,0.0005499469586165423,-8.052967440315179e-07,9.810000000032858
3.5319999999998326,-0.00014720246196058264,0.0005459289524020003,-7.994657630594542e-07,9.810000000032376
3.5339999999998324,-0.000146118581881165,0.0005419400397088095,-7.936765518693352e-07,9.8100000000319
3.535999999999832,-0.00014504262185690642,0.0005379800121293011,-7.879288151633797e-07,9.810000000031433
3.537999999999832,-0.00014397452453145449,0.0005340486627259703,-7.822222596603167e-07,9.810000000030971
3.5399999999998317,-0.00014291423295940487,0.0005301457860248291,-7.765565941218518e-07,9.810000000030518
3.5419999999998315,-0.00014186169060338954,0.0005262711780076509,-7.709315293663511e-07,9.81000000003007
3.5439999999998313,-0.00014081684133119445,0.0005224246360975683,-7.653467782066237e-07,9.810000000029628
3.545999999999831,-0.00013977962941289182,0.0005186059591513179,-7.598020554619602e-07,9.810000000029193
3.547999999999831,-0.0001387499995179911,0.0005148149474503769,-7.542970779572014e-07,9.810000000028765
3.5499999999998306,-0.0001377278967126224,0.000511051402684345,-7.488315644331702e-07,9.810000000028342
3.5519999999998304,-0.00013671326645672493,0.0005073151279487286,-7.434052356191294e-07,9.810000000027927
3.55399999999983,-0.00013570605460125722,0.0005036059277338621,-7.380178142049311e-07,9.810000000027518
3.55599999999983,-0.00013470620738543178,0.0004999236079127209,-7.326690247997347e-07,9.810000000027113
3.5579999999998297,-0.0001337136714339699,0.0004962679757309508,-7.273585939148642e-07,9.810000000026715
3.5599999999998295,-0.00013272839375437167,0.0004926388397991123,-7.220862499711595e-07,9.810000000026323
3.5619999999998293,-0.00013175032173420403,0.0004890360100838177,-7.168517232933311e-07,9.810000000025935
3.563999999999829,-0.00013077940313841076,0.00048545929789665254,-7.116547460785753e-07,9.810000000025555
3.565999999999829,-0.00012981558610663792,0.00048190851588642025,-7.064950524020893e-07,9.81000000002518
3.5679999999998286,-0.000128858819150584,0.00047838347802695513,-7.01372378171792e-07,9.810000000024809
3.5699999999998284,-0.00012790905115136087,0.00047488399961158323,-6.962864611575671e-07,9.810000000024447
3.571999999999828,-0.00012696623135688122,0.00047140989723982763,-6.912370409322529e-07,9.810000000024086
3.573999999999828,-0.00012603030937925308,0.0004679609888140847,-6.862238589247273e-07,9.810000000023733
3.5759999999998278,-0.00012510123519220707,0.00046453709352300607,-6.812466583221215e-07,9.810000000023384
3.5779999999998275,-0.0001241789591285285,0.00046113803183928256,-6.763051841340031e-07,9.810000000023042
3.5799999999998273,-0.00012326343187751582,0.0004577636255063497,-6.713991831310023e-07,9.810000000022702
3.581999999999827,-0.00012235460448244788,0.0004544136975339562,-6.665284038829447e-07,9.810000000022368
3.583999999999827,-0.00012145242833808703,0.0004510880721804376,-6.616925966458819e-07,9.81000000002204
3.5859999999998267,-0.00012055685518817498,0.00044778657495604034,-6.568915134865345e-07,9.810000000021716
3.5879999999998264,-0.0001196678371229624,0.0004445090326063031,-6.521249081811611e-07,9.810000000021397
3.589999999999826,-0.00011878532657675377,0.0004412552731043017,-6.473925362134624e-07,9.810000000021082
3.591999999999826,-0.00011790927632547021,0.00043802512564178596,-6.426941547594027e-07,9.810000000020773
3.593999999999826,-0.00011703963948421405,0.00043481842062807193,-6.380295227595808e-07,9.810000000020468
3.5959999999998256,-0.0001161763695048783,0.0004316349896678843,-6.333984007527868e-07,9.810000000020167
3.5979999999998253,-0.00011531942017374894,0.0004284746655646796,-6.28800550996676e-07,9.81000000001987
3.599999999999825,-0.00011446874560913203,0.0004253372823084601,-6.242357374132168e-07,9.81000000001958
3.601999999999825,-0.00011362430025900262,0.0004222226750646943,-6.197037255456392e-07,9.810000000019292
3.6039999999998247,-0.00011278603889866065,0.00041913068017099367,-6.152042826025264e-07,9.810000000019008
3.6059999999998245,-0.00011195391662840856,0.00041606113512603386,-6.107371774139429e-07,9.810000000018729
3.6079999999998242,-0.00011112788887124495,0.00041301387858179916,-6.063021804243138e-07,9.810000000018453
3.609999999999824,-0.00011030791137057775,0.0004099887503336117,-6.018990636596504e-07,9.810000000018182
3.611999999999824,-0.00010949394018794413,0.000406985591316808,-5.975276007694853e-07,9.810000000017913
3.6139999999998236,-0.0001086859317007506,0.00040400424359676767,-5.931875669933694e-07,9.81000000001765
3.6159999999998234,-0.00010788384260003937,0.00040104455035561886,-5.888787390887729e-07,9.810000000017391
3.617999999999823,-0.00010708762988825021,0.00039810635589445433,-5.846008954339653e-07,9.810000000017135
3.619999999999823,-0.0001062972508770146,0.00039518950561782067,-5.803538159302381e-07,9.810000000016883
3.6219999999998227,-0.00010551266318495602,0.00039229384602928677,-5.761372820285855e-07,9.810000000016634
3.6239999999998225,-0.00010473382473551087,0.0003894192247225812,-5.71951076705776e-07,9.81000000001639
3.6259999999998223,-0.00010396069375476762,0.0003865654903716206,-5.677949844272332e-07,9.81000000001615
3.627999999999822,-0.00010319322876930439,0.00038373249273161806,-5.636687912349498e-07,9.810000000015911
3.629999999999822,-0.00010243138860406392,0.0003809200826202488,-5.59572284609463e-07,9.810000000015677
3.6319999999998216,-0.00010167513238022862,0.0003781281119176503,-5.55505253543779e-07,9.810000000015446
3.6339999999998214,-0.00010092441951311794,0.0003753564335553434,-5.514674884919033e-07,9.81000000001522
3.635999999999821,-0.00010017920971009435,0.0003726049015118007,-5.474587813919159e-07,9.810000000014997
3.637999999999821,-9.943946296848718e-05,0.00036987337080358364,-5.434789256385723e-07,9.810000000014774
3.6399999999998207,-9.870513957352979e-05,0.000367161697478695,-5.395277160803676e-07,9.810000000014558
3.6419999999998205,-9.797620009631879e-05,0.0003644697386055001,-5.356049489658367e-07,9.810000000014343
3.6439999999998203,-9.725260539177336e-05,0.00036179735227272685,-5.317104220147005e-07,9.810000000014131
3.64599999999982,-9.653431659662322e-05,0.0003591443975750633,-5.278439343258728e-07,9.810000000013924
3.64799999999982,-9.582129512739471e-05,0.0003565107346142653,-5.240052864601971e-07,9.81000000001372
3.6499999999998196,-9.511350267842964e-05,0.00035389622448253843,-5.201942803224147e-07,9.810000000013517
3.6519999999998194,-9.441090121990897e-05,0.0003513007292603222,-5.164107192049725e-07,9.810000000013318
3.653999999999819,-9.371345299588084e-05,0.00034872411201407403,-5.126544078320088e-07,9.810000000013122
3.655999999999819,-9.30211205223149e-05,0.00034616623678297514,-5.089251522776414e-07,9.810000000012929
3.6579999999998187,-9.233386658517699e-05,0.00034362696856895896,-5.052227599206235e-07,9.810000000012739
3.6599999999998185,-9.16516542384947e-05,0.0003411061733411431,-5.015470395617915e-07,9.810000000012552
3.6619999999998183,-9.097444680245407e-05,0.0003386037180203191,-4.978978013159648e-07,9.810000000012366
3.663999999999818,-9.030220786150281e-05,0.000336119470475628,-4.942748566406762e-07,9.810000000012185
3.665999999999818,-8.963490126247362e-05,0.00033365329951459016,-4.906780182893337e-07,9.810000000012005
3.6679999999998176,-8.897249111271185e-05,0.0003312050748808893,-4.871071003516194e-07,9.81000000001183
3.6699999999998174,-8.831494177822082e-05,0.0003287746672455091,-4.83561918218499e-07,9.810000000011653
3.671999999999817,-8.766221788182066e-05,0.00032636194820008627,-4.80042288571625e-07,9.810000000011483
3.673999999999817,-8.701428430132234e-05,0.0003239667902491551,-4.7654802935969134e-07,9.810000000011314
3.6759999999998167,-8.637110616770203e-05,0.0003215890668101475,-4.73078959862295e-07,9.810000000011147
3.6779999999998165,-8.573264886330405e-05,0.0003192286521989907,-4.696349005905684e-07,9.810000000010982
3.6799999999998163,-8.509887802004606e-05,0.000316885421628999,-4.6621567333734853e-07,9.81000000001082
3.681999999999816,-8.446975951764426e-05,0.0003145592512009033,-4.6282110112690357e-07,9.810000000010662
3.683999999999816,-8.384525948184742e-05,0.0003122500178984189,-4.5945100822666195e-07,9.810000000010504
3.6859999999998156,-8.322534428268201e-05,0.00030995759958270665,-4.5610522014618015e-07,9.81000000001035
3.6879999999998154,-8.260998053271055e-05,0.00030768187498572545,-4.527835636231849e-07,9.810000000010197
3.689999999999815,-8.199913508530339e-05,0.0003054227237035847,-4.494858666091093e-07,9.810000000010046
3.691999999999815,-8.139277503292138e-05,0.0003031800261910053,-4.4621195826674765e-07,9.810000000009898
3.6939999999998148,-8.079086770540982e-05,0.0003009536637557799,-4.4296166896753366e-07,9.810000000009753
3.6959999999998145,-8.019338066831223e-05,0.000298743518548802,-4.397348302381299e-07,9.810000000009609
3.6979999999998143,-7.960028172117744e-05,0.0002965494735673897,-4.3653127485713267e-07,9.810000000009467
3.699999999999814,-7.901153889590012e-05,0.0002943714126386673,-4.3335083672602234e-07,9.810000000009328
3.701999999999814,-7.84271204550654e-05,0.0002922092204173497,-4.3019335090189013e-07,9.810000000009191
3.7039999999998137,-7.784699489029153e-05,0.00029006278238685,-4.27058653668051e-07,9.810000000009056
3.7059999999998134,-7.7271130920604e-05,0.0002879319848437695,-4.2394658241631804e-07,9.810000000008921
3.7079999999998132,-7.669949749081264e-05,0.0002858167148956813,-4.2085697567869823e-07,9.81000000000879
3.709999999999813,-7.613206376990146e-05,0.00028371686045559175,-4.1778967312132155e-07,9.810000000008662
3.711999999999813,-7.556879914942644e-05,0.00028163231023750813,-4.147445155506208e-07,9.810000000008532
3.7139999999998126,-7.500967324192464e-05,0.00027956295375089956,-4.117213449067125e-07,9.810000000008408
3.7159999999998123,-7.445465587934098e-05,0.0002775086812918341,-4.087200042186206e-07,9.810000000008284
3.717999999999812,-7.390371711145946e-05,0.00027546938394076235,-4.05740337634198e-07,9.810000000008161
3.719999999999812,-7.335682720434995e-05,0.000273444953554763,-4.027821903871747e-07,9.81000000000804
3.7219999999998117,-7.281395663882151e-05,0.00027143528276421877,-3.9984540881388213e-07,9.810000000007923
3.7239999999998115,-7.227507610888916e-05,0.0002694402649661691,-3.9692984033211844e-07,9.810000000007806
3.7259999999998112,-7.174015652025384e-05,0.00026745979431766286,-3.9403533341947286e-07,9.81000000000769
3.727999999999811,-7.12091689887912e-05,0.0002654937657313269,-3.9116173761627594e-07,9.810000000007577
3.729999999999811,-7.06820848390449e-05,0.00026354207487315034,-3.883089035535038e-07,9.810000000007465
3.7319999999998106,-7.015887560273543e-05,0.00026160461815472903,-3.8547668291778377e-07,9.810000000007355
3.7339999999998104,-6.963951301728885e-05,0.0002596812927232949,-3.826649283905055e-07,9.810000000007246
3.73599999999981,-6.912396902436099e-05,0.0002577719964639317,-3.798734937244163e-07,9.81000000000714
3.73799999999981,-6.861221576837734e-05,0.00025587662799181967,-3.771022337075674e-07,9.810000000007035
3.7399999999998097,-6.810422559508397e-05,0.0002539950866466962,-3.743510041517251e-07,9.81000000000693
3.7419999999998095,-6.759997105010933e-05,0.0002521272724873164,-3.716196618803845e-07,9.810000000006829
3.7439999999998093,-6.70994248775375e-05,0.0002502730862859136,-3.6890806471633916e-07,9.810000000006728
3.745999999999809,-6.660256001848777e-05,0.00024843242952487577,-3.6621607149403953e-07,9.810000000006628
3.747999999999809,-6.610934960970536e-05,0.00024660520439120616,-3.635435420466556e-07,9.81000000000653
3.7499999999998086,-6.56197669821656e-05,0.00024479131376987576,-3.6089033718011796e-07,9.810000000006434
3.7519999999998084,-6.513378565968018e-05,0.00024299066124271564,-3.582563187095385e-07,9.810000000006339
3.753999999999808,-6.465137935752108e-05,0.00024120315107955374,-3.5564134940769474e-07,9.810000000006246
3.755999999999808,-6.417252198105351e-05,0.00023942868823378338,-3.530452930029749e-07,9.810000000006154
3.7579999999998077,-6.369718762437099e-05,0.0002376671783412554,-3.50468014214814e-07,9.810000000006063
3.7599999999998075,-6.322535056894818e-05,0.00023591852771141493,-3.479093787011917e-07,9.810000000005973
3.7619999999998073,-6.275698528230021e-05,0.00023418264332397795,-3.453692530681826e-07,9.810000000005886
3.763999999999807,-6.229206641665343e-05,0.0002324594328233917,-3.428475048541771e-07,9.810000000005799
3.765999999999807,-6.183056880761799e-05,0.00023074880451772685,-3.4034400256404443e-07,9.810000000005713
3.7679999999998066,-6.137246747288056e-05,0.00022905066736870653,-3.3785861560274366e-07,9.810000000005628
3.7699999999998064,-6.0917737610899375e-05,0.00022736493099059844,-3.353912143085761e-07,9.810000000005545
3.771999999999806,-6.0466354599612226e-05,0.00022569150564356758,-3.3294166992367893e-07,9.810000000005463
3.773999999999806,-6.001829399514932e-05,0.0002240303022314604,-3.305098546142573e-07,9.810000000005383
3.7759999999998057,-5.9573531530556786e-05,0.00022238123229626538,-3.2809564145306823e-07,9.810000000005303
3.7779999999998055,-5.9132043114533844e-05,0.00022074420801146573,-3.2569890438885796e-07,9.810000000005225
3.7799999999998053,-5.869380483016978e-05,0.00021911914218203957,-3.233195182907138e-07,9.810000000005148
3.781999999999805,-5.82587929337008e-05,0.0002175059482344886,-3.2095735887944814e-07,9.810000000005072
3.783999999999805,-5.7826983853264915e-05,0.00021590454021794628,-3.186123027837644e-07,9.810000000004996
3.7859999999998046,-5.739835418767871e-05,0.00021431483279309884,-3.162842274584315e-07,9.810000000004923
3.7879999999998044,-5.697288070520549e-05,0.00021273674123661692,-3.13973011277454e-07,9.81000000000485
3.789999999999804,-5.6550540342340905e-05,0.00021117018143229234,-3.116785334771077e-07,9.810000000004779
3.791999999999804,-5.613131020261434e-05,0.00020961506986328306,-3.094006741106124e-07,9.810000000004708
3.7939999999998038,-5.571516755539676e-05,0.00020807132360878942,-3.0713931405238526e-07,9.810000000004639
3.7959999999998035,-5.530208983469536e-05,0.00020653886035070147,-3.0489433511544734e-07,9.810000000004571
3.7979999999998033,-5.489205463798583e-05,0.00020501759835476495,-3.026656198804865e-07,9.810000000004504
3.799999999999803,-5.4485039725042453e-05,0.00020350745647168916,-3.004530517491824e-07,9.810000000004436
3.801999999999803,-5.4081023016765935e-05,0.00020200835413825477,-2.9825651499801295e-07,9.81000000000437
3.8039999999998027,-5.36799825940379e-05,0.0002005202113640194,-2.9607589466879903e-07,9.810000000004306
3.8059999999998024,-5.3281896696566405e-05,0.00019904294873574892,-2.9391107665915617e-07,9.810000000004242
3.807999999999802,-5.28867437217493e-05,0.00019757648740855447,-2.9176194766274445e-07,9.81000000000418
3.809999999999802,-5.249450222354637e-05,0.000196120749101461,-2.8962839515893973e-07,9.810000000004118
3.8119999999998018,-5.210515091135378e-05,0.0001946756560962992,-2.875103074399282e-07,9.810000000004058
3.8139999999998015,-5.1718668648889446e-05,0.00019324113123216628,-2.8540757358757775e-07,9.810000000003997
3.8159999999998013,-5.1335034453085244e-05,0.0001918170979021021,-2.8332008347498665e-07,9.810000000003937
3.817999999999801,-5.0954227492990144e-05,0.00019040348004755,-2.812477277426645e-07,9.81000000000388
3.819999999999801,-5.0576227088682296e-05,0.000189000202153925,-2.7919039778680256e-07,9.810000000003821
3.8219999999998007,-5.02010127101722e-05,0.00018760718925504543,-2.7714798584792716e-07,9.810000000003766
3.8239999999998004,-4.982856397634581e-05,0.00018622436691319107,-2.751203848234464e-07,9.81000000000371
3.8259999999998002,-4.9458860653883244e-05,0.00018485166123128987,-2.7310748844280493e-07,9.810000000003656
3.8279999999998,-4.909188265620177e-05,0.0001834889988407311,-2.711091911676213e-07,9.810000000003601
3.8299999999998,-4.872761004239904e-05,0.00018213630690136544,-2.691253882288775e-07,9.810000000003548
3.8319999999997996,-4.836602301621597e-05,0.000180793513091534,-2.6715597555106145e-07,9.810000000003496
3.8339999999997993,-4.800710192499097e-05,0.0001794605456124999,-2.652008498388519e-07,9.810000000003445
3.835999999999799,-4.7650827258627384e-05,0.0001781373331818008,-2.6325990853877577e-07,9.810000000003393
3.837999999999799,-4.729717964857861e-05,0.0001768238050243861,-2.6133304977502146e-07,9.810000000003344
3.8399999999997987,-4.69461398668245e-05,0.00017551989087704814,-2.59420172435338e-07,9.810000000003294
3.8419999999997985,-4.659768882486982e-05,0.0001742255209773436,-2.5752117608155744e-07,9.810000000003244
3.8439999999997982,-4.6251807572731555e-05,0.00017294062606913282,-2.556359610476698e-07,9.810000000003198
3.845999999999798,-4.590847729795297e-05,0.00017166513738928524,-2.5376442832489297e-07,9.81000000000315
3.847999999999798,-4.5567679324608765e-05,0.00017039898667211084,-2.519064796465635e-07,9.810000000003104
3.8499999999997976,-4.522939511232999e-05,0.00016914210613938924,-2.5006201741024486e-07,9.810000000003056
3.8519999999997974,-4.489360625532703e-05,0.00016789442850147763,-2.48230944724563e-07,9.810000000003011
3.853999999999797,-4.4560294481423486e-05,0.00016665588695177118,-2.4641316538091504e-07,9.810000000002967
3.855999999999797,-4.422944165110116e-05,0.00016542641516116384,-2.4460858382463704e-07,9.810000000002924
3.8579999999997967,-4.390102975653842e-05,0.0001642059472813718,-2.4281710522637033e-07,9.81000000000288
3.8599999999997965,-4.357504092066628e-05,0.00016299441793607054,-2.4103863541562654e-07,9.810000000002837
3.8619999999997963,-4.325145739623335e-05,0.00016179176221646315,-2.3927308086371817e-07,9.810000000002795
3.863999999999796,-4.293026156486637e-05,0.0001605979156834962,-2.3752034874184222e-07,9.810000000002754
3.865999999999796,-4.261143593614616e-05,0.00015941281436010458,-2.357803468663995e-07,9.810000000002713
3.8679999999997956,-4.229496314668816e-05,0.00015823639472899563,-2.3405298370640878e-07,9.810000000002674
3.8699999999997954,-4.198082595923172e-05,0.00015706859372821764,-2.3233816836566058e-07,9.810000000002635
3.871999999999795,-4.166900726172498e-05,0.00015590934875337565,-2.3063581064002196e-07,9.810000000002594
3.873999999999795,-4.1359490066431874e-05,0.00015475859764655248,-2.2894582092420127e-07,9.810000000002557
3.8759999999997947,-4.105225750903926e-05,0.00015361627869630892,-2.272681102430782e-07,9.81000000000252
3.8779999999997945,-4.074729284776389e-05,0.00015248233063768355,-2.2560259028326823e-07,9.810000000002482
3.8799999999997943,-4.044457946247058e-05,0.00015135669264665344,-2.239491733619565e-07,9.810000000002445
3.881999999999794,-4.014410085380139e-05,0.00015023930433459464,-2.2230777239517645e-07,9.81000000000241
3.883999999999794,-3.984584064230703e-05,0.00014913010574717429,-2.2067830091588922e-07,9.810000000002372
3.8859999999997936,-3.9549782567578336e-05,0.00014802903736435072,-2.1906067310472155e-07,9.810000000002338
3.8879999999997934,-3.9255910487399745e-05,0.00014693604008929453,-2.1745480369501942e-07,9.810000000002303
3.889999999999793,-3.896420837688524e-05,0.00014585105525725158,-2.1586060810318e-07,9.810000000002269
3.891999999999793,-3.8674660327645187e-05,0.00014477402462003284,-2.1427800228346534e-07,9.810000000002235
3.8939999999997927,-3.838725054693986e-05,0.00014370489035266137,-2.127069028326526e-07,9.810000000002203
3.8959999999997925,-3.810196335685306e-05,0.00014264359504340167,-2.1114722690697363e-07,9.81000000000217
3.8979999999997923,-3.781878319346332e-05,0.00014159008169486737,-2.09598892263767e-07,9.810000000002137
3.899999999999792,-3.7537694606024144e-05,0.00014054429371958968,-2.0806181724054682e-07,9.810000000002105
3.901999999999792,-3.725868225614854e-05,0.00013950617493780184,-2.0653592075883513e-07,9.810000000002074
3.9039999999997916,-3.6981730916998086e-05,0.00013847566957522306,-2.0502112232788678e-07,9.810000000002043
3.9059999999997914,-3.670682547248083e-05,0.00013745272225862713,-2.0351734202312787e-07,9.810000000002013
3.907999999999791,-3.64339509164558e-05,0.00013643727801251874,-2.0202450047676697e-07,9.810000000001985
3.909999999999791,-3.616309235193754e-05,0.00013542928225913355,-2.0054251890590904e-07,9.810000000001954
3.9119999999997908,-3.5894234990313956e-05,0.00013442868081179073,-1.9907131906532674e-07,9.810000000001926
3.9139999999997905,-3.562736415055974e-05,0.00013343541987710883,-1.9761082330022384e-07,9.810000000001896
3.9159999999997903,-3.536246525846745e-05,0.0001324494460461427,-1.961609544735983e-07,9.81000000000187
3.91799999999979,-3.509952384587204e-05,0.00013147070629770713,-1.9472163603105238e-07,9.81000000000184
3.91999999999979,-3.483852554989523e-05,0.00013049914798840578,-1.9329279191517814e-07,9.810000000001814
3.9219999999997897,-3.4579456112178885e-05,0.00012953471885817082,-1.9187434665500436e-07,9.810000000001788
3.9239999999997894,-3.43223013781383e-05,0.00012857736702029176,-1.9046622528013931e-07,9.81000000000176
3.925999999999789,-3.4067047296202176e-05,0.00012762704096806288,-1.8906835342257107e-07,9.810000000001734
3.927999999999789,-3.3813679917083636e-05,0.00012668368955927282,-1.8768065716777473e-07,9.81000000000171
3.9299999999997888,-3.356218539303793e-05,0.00012574726202285177,-1.8630306315563427e-07,9.810000000001683
3.9319999999997886,-3.331254997712905e-05,0.00012481770795444013,-1.8493549855658634e-07,9.810000000001658
3.9339999999997883,-3.306476002250514e-05,0.00012389497731195686,-1.8357789104732075e-07,9.810000000001635
3.935999999999788,-3.2818801981673945e-05,0.00012297902041559942,-1.8223016883641188e-07,9.81000000000161
3.937999999999788,-3.2574662405791545e-05,0.00012206978794119653,-1.8089226061457886e-07,9.810000000001587
3.9399999999997877,-3.233232794394448e-05,0.0001211672309235319,-1.7956409561751183e-07,9.810000000001562
3.9419999999997875,-3.209178534244508e-05,0.00012027130074969675,-1.7824560357603999e-07,9.810000000001539
3.9439999999997872,-3.1853021444131344e-05,0.00011938194915687416,-1.769367147158874e-07,9.810000000001516
3.945999999999787,-3.161602318767552e-05,0.0001184991282279075,-1.756373597321297e-07,9.810000000001494
3.947999999999787,-3.1380777606884057e-05,0.00011762279039573193,-1.7434746986391548e-07,9.810000000001471
3.9499999999997866,-3.114727183001725e-05,0.0001167528884334035,-1.7306697680632173e-07,9.81000000000145
3.9519999999997864,-3.09154930791024e-05,0.00011588937545742276,-1.7179581277205787e-07,9.810000000001429
3.953999999999786,-3.068542866926466e-05,0.0001150322049188717,-1.7053391041531262e-07,9.810000000001407
3.955999999999786,-3.045706600804897e-05,0.00011418133060784521,-1.6928120290562117e-07,9.810000000001388
3.9579999999997857,-3.0230392594755354e-05,0.00011333670664680395,-1.6803762387661274e-07,9.810000000001367
3.9599999999997855,-3.000539601977421e-05,0.00011249828749057413,-1.6680310744953667e-07,9.810000000001345
3.9619999999997852,-2.978206396393259e-05,0.00011166602792080828,-1.6557758819400735e-07,9.810000000001326
3.963999999999785,-2.9560384197838404e-05,0.00011083988304709298,-1.6436100116367318e-07,9.810000000001306
3.965999999999785,-2.9340344581237737e-05,0.00011001980830030163,-1.6315328184408042e-07,9.810000000001287
3.9679999999997846,-2.9121933062365898e-05,0.00010920575943591808,-1.6195436621306007e-07,9.810000000001267
3.9699999999997844,-2.8905137677311123e-05,0.00010839769252738934,-1.6076419068847253e-07,9.81000000000125
3.971999999999784,-2.8689946549376656e-05,0.00010759556396723343,-1.595826921632722e-07,9.81000000000123
3.973999999999784,-2.8476347888453654e-05,0.00010679933046150001,-1.5840980796535936e-07,9.810000000001212
3.9759999999997837,-2.82643299903919e-05,0.00010600894903087817,-1.5724547589236515e-07,9.810000000001194
3.9779999999997835,-2.8053881236383803e-05,0.00010522437700404922,-1.5608963415860031e-07,9.810000000001176
3.9799999999997833,-2.784499009234843e-05,0.00010444557201768663,-1.5494222141678165e-07,9.810000000001159
3.981999999999783,-2.763764510831773e-05,0.00010367249201534817,-1.5380317676731613e-07,9.810000000001143
3.983999999999783,-2.7431834917824993e-05,0.00010290509524636801,-1.5267243976759005e-07,9.810000000001125
3.9859999999997826,-2.7227548237308797e-05,0.00010214334025810148,-1.5154995036571016e-07,9.810000000001109
3.9879999999997824,-2.7024773865505867e-05,0.00010138718590146462,-1.5043564898439417e-07,9.810000000001091
3.989999999999782,-2.6823500682866156e-05,0.00010063659131985519,-1.4932947641693035e-07,9.810000000001075
3.991999999999782,-2.6623717650954554e-05,9.989151595580007e-05,-1.4823137392318322e-07,9.81000000000106
3.9939999999997817,-2.642541381186594e-05,9.915191954430791e-05,-1.4714128317559308e-07,9.810000000001043
3.9959999999997815,-2.622857828764242e-05,9.841776211176122e-05,-1.4605914626734858e-07,9.810000000001029
3.9979999999997813,-2.6033200279699454e-05,9.768900397148492e-05,-1.4498490568276676e-07,9.810000000001013
3.999999999999781,-2.5839269068249744e-05,9.696560572485414e-05,-1.4391850433016265e-07,9.810000000000999
4.001999999999781,-2.564677401172937e-05,9.62475282601863e-05,-1.428598855498275e-07,9.810000000000983
4.003999999999781,-2.5455704546239396e-05,9.553473274498609e-05,-1.4180899304646047e-07,9.810000000000969
4.005999999999781,-2.5266050184978645e-05,9.482718063037679e-05,-1.4076577095914317e-07,9.810000000000954
4.007999999999781,-2.5077800517694166e-05,9.412483364223732e-05,-1.3973016378099482e-07,9.81000000000094
4.00999999999978,-2.4890945210118468e-05,9.342765378784958e-05,-1.3870211645398953e-07,9.810000000000926
4.01199999999978,-2.470547400342218e-05,9.273560334814308e-05,-1.3768157430117373e-07,9.810000000000912
4.01399999999978,-2.4521376713669005e-05,9.204864487658728e-05,-1.3666848303347265e-07,9.8100000000009
4.01599999999978,-2.433864323127727e-05,9.136674119586774e-05,-1.3566278873129832e-07,9.810000000000885
4.0179999999997795,-2.4157263520477066e-05,9.068985540010201e-05,-1.3466443788878057e-07,9.810000000000873
4.019999999999779,-2.3977227618780684e-05,9.001795084819229e-05,-1.3367337735771999e-07,9.81000000000086
4.021999999999779,-2.3798525636446385e-05,8.935099116714904e-05,-1.326895544040592e-07,9.810000000000846
4.023999999999779,-2.362114775596436e-05,8.86889402410122e-05,-1.3171291660127449e-07,9.810000000000834
4.025999999999779,-2.3445084231516073e-05,8.803176222414574e-05,-1.30743411999337e-07,9.810000000000821
4.027999999999778,-2.327032538846905e-05,8.737942152351155e-05,-1.2978098894314363e-07,9.81000000000081
4.029999999999778,-2.309686162285398e-05,8.673188280753251e-05,-1.2882559619075313e-07,9.810000000000798
4.031999999999778,-2.2924683400859526e-05,8.608911099722939e-05,-1.27877182831553e-07,9.810000000000786
4.033999999999778,-2.2753781258320438e-05,8.545107126954448e-05,-1.2693569834180861e-07,9.810000000000773
4.0359999999997775,-2.25841458002124e-05,8.481772905401804e-05,-1.260010925652597e-07,9.810000000000763
4.037999999999777,-2.24157677001579e-05,8.418905002724874e-05,-1.2507331566819745e-07,9.81000000000075
4.039999999999777,-2.2248637699921038e-05,8.35650001184332e-05,-1.2415231821979812e-07,9.81000000000074
4.041999999999777,-2.2082746608915605e-05,8.294554550271857e-05,-1.2323805113486216e-07,9.810000000000729
4.043999999999777,-2.1918085303719843e-05,8.233065259787895e-05,-1.2233046565351626e-07,9.810000000000718
4.045999999999776,-2.1754644727591212e-05,8.172028806431539e-05,-1.2142951335833912e-07,9.810000000000707
4.047999999999776,-2.1592415889974456e-05,8.111441880837952e-05,-1.2053514622938993e-07,9.810000000000697
4.049999999999776,-2.1431389866029646e-05,8.051301197240254e-05,-1.1964731654873515e-07,9.810000000000686
4.051999999999776,-2.1271557796149178e-05,7.991603494023477e-05,-1.1876597697996266e-07,9.810000000000677
4.053999999999776,-2.1112910885496842e-05,7.932345532616666e-05,-1.1789108045973624e-07,9.810000000000667
4.055999999999775,-2.0955440403529256e-05,7.873524098379196e-05,-1.1702258031454236e-07,9.810000000000656
4.057999999999775,-2.0799137683530533e-05,7.815135999936034e-05,-1.1616043020253466e-07,9.810000000000647
4.059999999999775,-2.064399412214698e-05,7.75717806917775e-05,-1.1530458413010848e-07,9.810000000000638
4.061999999999775,-2.0490001178941712e-05,7.699647160263405e-05,-1.1445499635526842e-07,9.810000000000628
4.0639999999997745,-2.0337150375922708e-05,7.642540150950029e-05,-1.1361162155411876e-07,9.810000000000619
4.065999999999774,-2.018543329709966e-05,7.585853941152356e-05,-1.1277441467457264e-07,9.81000000000061
4.067999999999774,-2.0034841588029725e-05,7.529585453496777e-05,-1.119433310147822e-07,9.810000000000601
4.069999999999774,-1.9885366955374375e-05,7.473731632767392e-05,-1.1111832617655223e-07,9.81000000000059
4.071999999999774,-1.9737001166454036e-05,7.418289446016803e-05,-1.1029935609363507e-07,9.810000000000581
4.073999999999773,-1.9589736048811576e-05,7.36325588212295e-05,-1.0948637699733682e-07,9.810000000000574
4.075999999999773,-1.9443563489773583e-05,7.308627951899913e-05,-1.0867934544456688e-07,9.810000000000565
4.077999999999773,-1.9298475436016054e-05,7.254402687876326e-05,-1.0787821830838218e-07,9.810000000000556
4.079999999999773,-1.915446389313458e-05,7.200577144073799e-05,-1.0708295276832823e-07,9.810000000000548
4.0819999999997725,-1.9011520925218876e-05,7.14714839578535e-05,-1.0629350630057768e-07,9.81000000000054
4.083999999999772,-1.886963865442515e-05,7.094113539686181e-05,-1.055098367056391e-07,9.810000000000532
4.085999999999772,-1.8728809260557344e-05,7.041469693390537e-05,-1.0473190207337172e-07,9.810000000000525
4.087999999999772,-1.8589024980646093e-05,6.989213995562482e-05,-1.03959660810443e-07,9.810000000000517
4.089999999999772,-1.8450278108538854e-05,6.937343605361965e-05,-1.0319307159249667e-07,9.810000000000509
4.091999999999771,-1.8312560994483313e-05,6.885855702777183e-05,-1.0243209341637738e-07,9.810000000000501
4.093999999999771,-1.8175866044719684e-05,6.834747488181427e-05,-1.0167668556478943e-07,9.810000000000494
4.095999999999771,-1.8040185721073025e-05,6.784016182333078e-05,-1.0092680762080135e-07,9.810000000000485
4.097999999999771,-1.790551254055438e-05,6.73365902593246e-05,-1.0018241943208673e-07,9.81000000000048
4.0999999999997705,-1.77718390749553e-05,6.683673279954202e-05,-9.944348116278154e-08,9.810000000000471
4.10199999999977,-1.7639157950449e-05,6.63405622531487e-05,-9.87099532703671e-08,9.810000000000466
4.10399999999977,-1.750746184720262e-05,6.584805162319027e-05,-9.798179645700126e-08,9.810000000000459
4.10599999999977,-1.7376743498973926e-05,6.535917411434757e-05,-9.725897177126155e-08,9.810000000000452
4.10799999999977,-1.724699569273686e-05,6.487390311853402e-05,-9.654144045926425e-08,9.810000000000445
4.109999999999769,-1.711821126828713e-05,6.439221222486671e-05,-9.582916409084748e-08,9.810000000000437
4.111999999999769,-1.699038311785887e-05,6.391407521412693e-05,-9.512210451099028e-08,9.810000000000432
4.113999999999769,-1.6863504185741352e-05,6.343946605876013e-05,-9.44202238534995e-08,9.810000000000425
4.115999999999769,-1.6737567467906675e-05,6.296835891733655e-05,-9.372348449184356e-08,9.810000000000418
4.1179999999997685,-1.6612566011630926e-05,6.250072813787485e-05,-9.303184909002204e-08,9.810000000000413
4.119999999999768,-1.6488492915117457e-05,6.203654825673426e-05,-9.234528060364288e-08,9.810000000000407
4.121999999999768,-1.636534132714017e-05,6.15757939886435e-05,-9.166374218020465e-08,9.8100000000004
4.123999999999768,-1.6243104446662396e-05,6.111844023888767e-05,-9.098719730988689e-08,9.810000000000395
4.125999999999768,-1.612177552248015e-05,6.0664462091121424e-05,-9.031560970115586e-08,9.81000000000039
4.127999999999767,-1.600134785285655e-05,6.0213834811800506e-05,-8.964894334360309e-08,9.810000000000382
4.129999999999767,-1.5881814785167266e-05,5.9766533844642364e-05,-8.898716245818546e-08,9.810000000000377
4.131999999999767,-1.5763169715534935e-05,5.932253481616555e-05,-8.833023157268495e-08,9.810000000000372
4.133999999999767,-1.564540608848128e-05,5.888181352682663e-05,-8.767811543435854e-08,9.810000000000366
4.1359999999997665,-1.5528517396577023e-05,5.84443459521281e-05,-8.703077903474341e-08,9.810000000000361
4.137999999999766,-1.5412497180085138e-05,5.801010824594204e-05,-8.638818765989516e-08,9.810000000000356
4.139999999999766,-1.5297339026621842e-05,5.7579076731646955e-05,-8.575030680267821e-08,9.81000000000035
4.141999999999766,-1.5183036570808722e-05,5.7151227906559444e-05,-8.511710222498956e-08,9.810000000000345
4.143999999999766,-1.5069583493929292e-05,5.672653843971832e-05,-8.448853994514618e-08,9.81000000000034
4.145999999999765,-1.495697352359438e-05,5.6304985167453145e-05,-8.386458619986994e-08,9.810000000000334
4.147999999999765,-1.4845200433405397e-05,5.5886545094492025e-05,-8.324520746867909e-08,9.81000000000033
4.149999999999765,-1.4734258042615257e-05,5.54711953950696e-05,-8.263037049853332e-08,9.810000000000326
4.151999999999765,-1.4624140215800478e-05,5.505891340738756e-05,-8.202004225316595e-08,9.81000000000032
4.1539999999997645,-1.4514840862528818e-05,5.464967663583039e-05,-8.14141899498602e-08,9.810000000000315
4.155999999999764,-1.4406353937031319e-05,5.4243462748749674e-05,-8.081278104625723e-08,9.810000000000311
4.157999999999764,-1.4298673437878822e-05,5.3840249576248265e-05,-8.021578322693449e-08,9.810000000000306
4.159999999999764,-1.4191793407667324e-05,5.344001510574874e-05,-7.962316436457136e-08,9.8100000000003
4.161999999999764,-1.408570793268561e-05,5.3042737490856536e-05,-7.903489263166407e-08,9.810000000000297
4.1639999999997634,-1.3980411142600617e-05,5.264839504249682e-05,-7.845093641211813e-08,9.810000000000292
4.165999999999763,-1.3875897210147221e-05,5.225696622669873e-05,-7.787126428721646e-08,9.810000000000288
4.167999999999763,-1.3772160350804737e-05,5.186842967124269e-05,-7.729584512208228e-08,9.810000000000283
4.169999999999763,-1.3669194822495573e-05,5.148276415458156e-05,-7.672464795170662e-08,9.81000000000028
4.171999999999763,-1.356699492527503e-05,5.109994861027216e-05,-7.615764204176019e-08,9.810000000000276
4.173999999999762,-1.3465555001025512e-05,5.0719962124759535e-05,-7.559479687456791e-08,9.810000000000272
4.175999999999762,-1.336486943314411e-05,5.034278394070057e-05,-7.503608219780331e-08,9.810000000000267
4.177999999999762,-1.3264932646247909e-05,4.996839344810093e-05,-7.448146793522643e-08,9.810000000000263
4.179999999999762,-1.3165739105870414e-05,4.9596770188746585e-05,-7.393092424734303e-08,9.81000000000026
4.1819999999997615,-1.3067283318166869e-05,4.922789385177231e-05,-7.338442149203544e-08,9.810000000000255
4.183999999999761,-1.2969559829615115e-05,4.886174427587739e-05,-7.284193026018927e-08,9.810000000000253
4.185999999999761,-1.287256322672311e-05,4.849830144600201e-05,-7.230342134875608e-08,9.810000000000247
4.187999999999761,-1.277628813574089e-05,4.81375454911115e-05,-7.176886574600942e-08,9.810000000000244
4.189999999999761,-1.2680729222368066e-05,4.777945668641202e-05,-7.123823466692859e-08,9.810000000000242
4.19199999999976,-1.2585881191465795e-05,4.742401545113491e-05,-7.071149953860418e-08,9.810000000000237
4.19399999999976,-1.2491738786773155e-05,4.707120234632082e-05,-7.018863198540322e-08,9.810000000000233
4.19599999999976,-1.2398296790625732e-05,4.672099807371187e-05,-6.96696038264879e-08,9.81000000000023
4.19799999999976,-1.2305550023665366e-05,4.637338348018319e-05,-6.915438713620214e-08,9.810000000000228
4.1999999999997595,-1.2213493344574255e-05,4.602833954555615e-05,-6.864295411629316e-08,9.810000000000224
4.201999999999759,-1.2122121649791332e-05,4.568584739146149e-05,-6.813527720570872e-08,9.81000000000022
4.203999999999759,-1.2031429873233085e-05,4.534588827912353e-05,-6.763132906581148e-08,9.810000000000217
4.205999999999759,-1.1941412986029873e-05,4.500844360160494e-05,-6.713108250239165e-08,9.810000000000214
4.207999999999759,-1.1852065996251181e-05,4.4673494889346216e-05,-6.663451053774655e-08,9.81000000000021
4.209999999999758,-1.1763383948633067e-05,4.434102380905776e-05,-6.614158640806767e-08,9.810000000000207
4.211999999999758,-1.1675361924312273e-05,4.401101216039625e-05,-6.565228353555747e-08,9.810000000000205
4.213999999999758,-1.1587995040560343e-05,4.368344187596462e-05,-6.516657553791622e-08,9.810000000000201
4.215999999999758,-1.1501278450524367e-05,4.3358295017988406e-05,-6.468443620012558e-08,9.810000000000198
4.2179999999997575,-1.1415207342958874e-05,4.30355537827473e-05,-6.420583953396688e-08,9.810000000000196
4.219999999999757,-1.1329776941973234e-05,4.2715200492819924e-05,-6.373075969972873e-08,9.810000000000192
4.221999999999757,-1.1244982506774634e-05,4.239721759929965e-05,-6.325917104020623e-08,9.810000000000189
4.223999999999757,-1.1160819331404399e-05,4.2081587685118207e-05,-6.279104812766903e-08,9.810000000000187
4.225999999999757,-1.1077282744489816e-05,4.1768293457290515e-05,-6.232636568545654e-08,9.810000000000183
4.227999999999756,-1.0994368108989342e-05,4.1457317750238305e-05,-6.186509863444876e-08,9.810000000000182
4.229999999999756,-1.0912070821944409e-05,4.1148643522466516e-05,-6.140722206452935e-08,9.810000000000178
4.231999999999756,-1.0830386314229068e-05,4.084225385767113e-05,-6.095271125600238e-08,9.810000000000176
4.233999999999756,-1.0749310050306237e-05,4.053813196141554e-05,-6.050154165086861e-08,9.810000000000173
4.2359999999997555,-1.0668837527979546e-05,4.023626116334633e-05,-6.005368888664841e-08,9.810000000000171
4.237999999999755,-1.058896427814959e-05,3.9936624914977484e-05,-5.960912878021761e-08,9.810000000000167
4.239999999999755,-1.0509685864576857e-05,3.963920678636672e-05,-5.916783729879983e-08,9.810000000000166
4.241999999999755,-1.043099788363798e-05,3.934399046943919e-05,-5.8729790606098267e-08,9.810000000000162
4.243999999999755,-1.0352895964088654e-05,3.9050959774663784e-05,-5.829496503341136e-08,9.81000000000016
4.245999999999754,-1.0275375766824331e-05,3.876009863216103e-05,-5.7863337100704804e-08,9.810000000000159
4.247999999999754,-1.0198432984652006e-05,3.847139108616365e-05,-5.743488346235371e-08,9.810000000000157
4.249999999999754,-1.0122063342061973e-05,3.818482129501659e-05,-5.700958091511467e-08,9.810000000000153
4.251999999999754,-1.0046262594981894e-05,3.790037354004011e-05,-5.6587406506889364e-08,9.810000000000151
4.2539999999997535,-9.971026530555208e-06,3.761803221334297e-05,-5.616833740756807e-08,9.810000000000148
4.255999999999753,-9.896350966915132e-06,3.733778182003831e-05,-5.575235094189334e-08,9.810000000000146
4.257999999999753,-9.822231752956407e-06,3.7059606979351416e-05,-5.533942461010517e-08,9.810000000000144
4.259999999999753,-9.748664768107168e-06,3.678349242461984e-05,-5.492953609620297e-08,9.810000000000143
4.261999999999753,-9.67564592211166e-06,3.650942299775389e-05,-5.452266321332484e-08,9.810000000000139
4.263999999999752,-9.603171154808756e-06,3.623738365145242e-05,-5.411878393652075e-08,9.810000000000139
4.265999999999752,-9.531236435908132e-06,3.5967359450310747e-05,-5.371787642331457e-08,9.810000000000137
4.267999999999752,-9.459837764777571e-06,3.569933556528116e-05,-5.3319918958929094e-08,9.810000000000134
4.269999999999752,-9.388971170219143e-06,3.5433297279212414e-05,-5.2924890026696656e-08,9.810000000000132
4.2719999999997516,-9.318632710260953e-06,3.516922997909449e-05,-5.253276822821306e-08,9.81000000000013
4.273999999999751,-9.248818471939973e-06,3.490711916049017e-05,-5.214353234095357e-08,9.810000000000128
4.275999999999751,-9.179524571091551e-06,3.464695042421133e-05,-5.1757161288431454e-08,9.810000000000127
4.277999999999751,-9.110747152141128e-06,3.4388709475211114e-05,-5.137363413512374e-08,9.810000000000125
4.279999999999751,-9.042482387893745e-06,3.413238212369177e-05,-5.0992930106473944e-08,9.810000000000123
4.2819999999997505,-8.97472647932575e-06,3.387795428399678e-05,-5.0615028583926385e-08,9.81000000000012
4.28399999999975,-8.907475655376527e-06,3.36254119746109e-05,-5.023990911244531e-08,9.81000000000012
4.28599999999975,-8.840726172746855e-06,3.3374741314836424e-05,-4.98675513703152e-08,9.810000000000118
4.28799999999975,-8.774474315699484e-06,3.3125928523685374e-05,-4.949793516370382e-08,9.810000000000116
4.28999999999975,-8.708716395857508e-06,3.287895992098734e-05,-4.913104044630333e-08,9.810000000000114
4.291999999999749,-8.64344875199608e-06,3.2633821930713165e-05,-4.8766847364361364e-08,9.810000000000112
4.293999999999749,-8.578667749854073e-06,3.2390501071003936e-05,-4.8405336151141135e-08,9.81000000000011
4.295999999999749,-8.51436978193022e-06,3.214898396192624e-05,-4.804648722147934e-08,9.810000000000109
4.297999999999749,-8.450551267290357e-06,3.190925731993267e-05,-4.7690281116397295e-08,9.810000000000107
4.2999999999997485,-8.387208651372418e-06,3.167130795896977e-05,-4.733669852252683e-08,9.810000000000105
4.301999999999748,-8.324338405795892e-06,3.143512278826224e-05,-4.698572025396765e-08,9.810000000000104
4.303999999999748,-8.261937028166835e-06,3.120068881452868e-05,-4.663732728424551e-08,9.810000000000104
4.305999999999748,-8.200001041889537e-06,3.096799313865799e-05,-4.629150071567753e-08,9.8100000000001
4.307999999999748,-8.138526995980335e-06,3.073702295460143e-05,-4.59482217735014e-08,9.8100000000001
4.309999999999747,-8.077511464874941e-06,3.0507765552696317e-05,-4.56074718502516e-08,9.810000000000098
4.311999999999747,-8.01695104825112e-06,3.02802083119108e-05,-4.526923242475203e-08,9.810000000000096
4.313999999999747,-7.956842370835923e-06,3.005433870759907e-05,-4.493348515632984e-08,9.810000000000095
4.315999999999747,-7.89718208222843e-06,2.9830144303746165e-05,-4.4600211803899105e-08,9.810000000000095
4.3179999999997465,-7.837966856711416e-06,2.9607612758507383e-05,-4.426939429508821e-08,9.810000000000093
4.319999999999746,-7.779193393071862e-06,2.938673181977675e-05,-4.3941014682876884e-08,9.810000000000091
4.321999999999746,-7.72085841443035e-06,2.9167489320755488e-05,-4.361505510165287e-08,9.81000000000009
4.323999999999746,-7.66295866805272e-06,2.8949873188815087e-05,-4.329149787378081e-08,9.81000000000009
4.325999999999746,-7.605490925179452e-06,2.8733871436634202e-05,-4.297032541601148e-08,9.810000000000086
4.327999999999745,-7.54845198084619e-06,2.851947216663024e-05,-4.265152029577849e-08,9.810000000000086
4.329999999999745,-7.49183865371535e-06,2.8306663565419897e-05,-4.233506517484405e-08,9.810000000000084
4.331999999999745,-7.435647785896634e-06,2.8095433909358586e-05,-4.20209428781184e-08,9.810000000000084
4.333999999999745,-7.3798762427808495e-06,2.7885771557893156e-05,-4.170913632480411e-08,9.810000000000082
4.3359999999997445,-7.3245209128670775e-06,2.7677664956885503e-05,-4.13996285719651e-08,9.81000000000008
4.337999999999744,-7.269578707594285e-06,2.747110263639685e-05,-4.109240279565101e-08,9.810000000000079
4.339999999999744,-7.2150465611729076e-06,2.726607321068769e-05,-4.078744229693806e-08,9.810000000000079
4.341999999999744,-7.160921430418689e-06,2.706256537710995e-05,-4.048473049541735e-08,9.810000000000077
4.343999999999744,-7.10720029458869e-06,2.686056791499908e-05,-4.018425092257229e-08,9.810000000000075
4.345999999999743,-7.053880155210695e-06,2.6660069688997712e-05,-3.988598726540435e-08,9.810000000000075
4.347999999999743,-7.000958035932525e-06,2.6461059639084696e-05,-3.9589923259478416e-08,9.810000000000073
4.349999999999743,-6.948430982347002e-06,2.626352679276184e-05,-3.929604283242097e-08,9.810000000000072
4.351999999999743,-6.896296061836835e-06,2.6067460255082933e-05,-3.900432999736282e-08,9.810000000000072
4.3539999999997425,-6.844550363415097e-06,2.587284921086953e-05,-3.8714768883513166e-08,9.81000000000007
4.355999999999742,-6.793190997567891e-06,2.567968292360305e-05,-3.842734372931602e-08,9.81000000000007
4.357999999999742,-6.7422150960948255e-06,2.5487950736532675e-05,-3.814203890067102e-08,9.810000000000068
4.359999999999742,-6.69161981195169e-06,2.5297642071567448e-05,-3.7858838884170647e-08,9.810000000000066
4.361999999999742,-6.641402319104217e-06,2.5108746423736877e-05,-3.757772822985511e-08,9.810000000000066
4.363999999999741,-6.59155981236411e-06,2.4921253370053973e-05,-3.729869165690768e-08,9.810000000000066
4.365999999999741,-6.5420895072405884e-06,2.47351525617601e-05,-3.7021713971777306e-08,9.810000000000064
4.367999999999741,-6.492988639787507e-06,2.4550433726540706e-05,-3.674678009856269e-08,9.810000000000064
4.369999999999741,-6.444254466454888e-06,2.4367086666309585e-05,-3.647387505938464e-08,9.810000000000063
4.3719999999997405,-6.395884263940469e-06,2.418510125720884e-05,-3.620298397966493e-08,9.810000000000061
4.37399999999974,-6.347875329034605e-06,2.4004467452932583e-05,-3.593409213121747e-08,9.810000000000061
4.37599999999974,-6.300224978480661e-06,2.3825175276971698e-05,-3.566718484993663e-08,9.81000000000006
4.37799999999974,-6.252930548824369e-06,2.3647214828153285e-05,-3.540224760351768e-08,9.81000000000006
4.37999999999974,-6.20598939627195e-06,2.347057627620913e-05,-3.513926594668438e-08,9.810000000000057
4.381999999999739,-6.159398896543967e-06,2.329524986399145e-05,-3.4878225551361855e-08,9.810000000000057
4.383999999999739,-6.113156444733453e-06,2.3121225905257138e-05,-3.4619112186847325e-08,9.810000000000056
4.385999999999739,-6.067259455164117e-06,2.2948494784667767e-05,-3.436191172487893e-08,9.810000000000056
4.387999999999739,-6.021705361241891e-06,2.2777046961113233e-05,-3.4106610182518173e-08,9.810000000000056
4.3899999999997386,-5.976491615330841e-06,2.2606872955525026e-05,-3.385319358926064e-08,9.810000000000054
4.391999999999738,-5.931615688598067e-06,2.2437963366386615e-05,-3.3601648167237185e-08,9.810000000000052
4.393999999999738,-5.8870750708851904e-06,2.2270308856438836e-05,-3.335196018627624e-08,9.810000000000052
4.395999999999738,-5.842867270566535e-06,2.21039001593272e-05,-3.310411604376037e-08,9.810000000000052
4.397999999999738,-5.798989814420627e-06,2.1938728072954572e-05,-3.285810219436472e-08,9.81000000000005
4.3999999999997375,-5.7554402474905845e-06,2.1774783465020607e-05,-3.2613905217392015e-08,9.81000000000005
4.401999999999737,-5.712216132946757e-06,2.161205727191386e-05,-3.237151180937936e-08,9.81000000000005
4.403999999999737,-5.669315051960412e-06,2.1450540493172374e-05,-3.2130908726218145e-08,9.810000000000048
4.405999999999737,-5.626734603566366e-06,2.1290224197023073e-05,-3.189208285043533e-08,9.810000000000047
4.407999999999737,-5.584472404534466e-06,2.1131099515950254e-05,-3.165502114597268e-08,9.810000000000047
4.409999999999736,-5.542526089236642e-06,2.0973157648911345e-05,-3.141971068791906e-08,9.810000000000047
4.411999999999736,-5.500893309525049e-06,2.0816389855797474e-05,-3.1186138604450754e-08,9.810000000000047
4.413999999999736,-5.459571734592455e-06,2.066078746629656e-05,-3.095429218170797e-08,9.810000000000045
4.415999999999736,-5.418559050859257e-06,2.050634186659868e-05,-3.07241587181325e-08,9.810000000000045
4.4179999999997355,-5.377852961838308e-06,2.035304451047493e-05,-3.049572565396372e-08,9.810000000000045
4.419999999999735,-5.3374511880064e-06,2.020088691595377e-05,-3.0268980538650405e-08,9.810000000000043
4.421999999999735,-5.2973514666846205e-06,2.0049860660889464e-05,-3.004391098523118e-08,9.810000000000041
4.423999999999735,-5.25755155191648e-06,1.989995738407e-05,-2.9820504687078015e-08,9.810000000000041
4.425999999999735,-5.218049214346046e-06,1.9751168785217056e-05,-2.9598749422234637e-08,9.810000000000041
4.427999999999734,-5.178842241087211e-06,1.9603486629417557e-05,-2.9378633108151847e-08,9.810000000000041
4.429999999999734,-5.139928435610689e-06,1.945690273826059e-05,-2.916014370598811e-08,9.81000000000004
4.431999999999734,-5.101305617624368e-06,1.9311408993161067e-05,-2.894326926218864e-08,9.81000000000004
4.433999999999734,-5.062971622949217e-06,1.9166997337575477e-05,-2.872799793797446e-08,9.810000000000038
4.4359999999997335,-5.024924303404076e-06,1.902365977257037e-05,-2.8514317963629334e-08,9.810000000000038
4.437999999999733,-4.987161526688216e-06,1.8881388357930217e-05,-2.8302217655144784e-08,9.810000000000038
4.439999999999733,-4.949681176266117e-06,1.8740175211049544e-05,-2.8091685405870057e-08,9.810000000000038
4.441999999999733,-4.912481151245605e-06,1.8600012510256572e-05,-2.7882709728399937e-08,9.810000000000036
4.443999999999733,-4.875559366271488e-06,1.8460892487058035e-05,-2.7675279171050886e-08,9.810000000000036
4.445999999999732,-4.838913751405914e-06,1.832280743278648e-05,-2.746938239695376e-08,9.810000000000036
4.447999999999732,-4.8025422520131465e-06,1.8185749696384507e-05,-2.7265008163388105e-08,9.810000000000036
4.449999999999732,-4.766442828655415e-06,1.804971167886533e-05,-2.7062145263058024e-08,9.810000000000034
4.451999999999732,-4.730613456975495e-06,1.7914685839960092e-05,-2.686078260311461e-08,9.810000000000034
4.4539999999997315,-4.695052127588124e-06,1.7780664693686342e-05,-2.6660909159237367e-08,9.810000000000032
4.455999999999731,-4.659756845962564e-06,1.764764081277954e-05,-2.646251402984608e-08,9.810000000000032
4.457999999999731,-4.624725632327335e-06,1.7515606817614245e-05,-2.6265586314691254e-08,9.810000000000032
4.459999999999731,-4.58995652155277e-06,1.738455538728293e-05,-2.6070115243727604e-08,9.810000000000032
4.461999999999731,-4.555447563040224e-06,1.7254479256272357e-05,-2.5876090143899246e-08,9.81000000000003
4.46399999999973,-4.521196820622376e-06,1.712537120892413e-05,-2.5683500380298887e-08,9.81000000000003
4.46599999999973,-4.487202372459075e-06,1.6997224081650472e-05,-2.549233538470844e-08,9.81000000000003
4.46799999999973,-4.45346231092656e-06,1.6870030766257888e-05,-2.5302584697071665e-08,9.81000000000003
4.46999999999973,-4.419974742511097e-06,1.6743784207731385e-05,-2.51142379445085e-08,9.81000000000003
4.4719999999997295,-4.3867377877114906e-06,1.6618477399802926e-05,-2.4927284794860343e-08,9.810000000000029
4.473999999999729,-4.353749580928294e-06,1.6494103391598765e-05,-2.4741715035546634e-08,9.810000000000029
4.475999999999729,-4.321008270375173e-06,1.637065527656056e-05,-2.455751845192924e-08,9.810000000000029
4.477999999999729,-4.288512017963692e-06,1.6248126205740023e-05,-2.4374684981140706e-08,9.810000000000027
4.479999999999729,-4.256258999210252e-06,1.6126509376720065e-05,-2.4193204590814622e-08,9.810000000000027
4.481999999999728,-4.224247403129728e-06,1.600579804026209e-05,-2.4013067357733032e-08,9.810000000000027
4.483999999999728,-4.1924754321446266e-06,1.5885985492550823e-05,-2.3834263383754737e-08,9.810000000000027
4.485999999999728,-4.160941301976512e-06,1.5767065084057362e-05,-2.365678289953847e-08,9.810000000000027
4.487999999999728,-4.1296432415595905e-06,1.5649030208460352e-05,-2.3480616142905635e-08,9.810000000000025
4.4899999999997275,-4.098579492936573e-06,1.5531874311509057e-05,-2.3305753462299744e-08,9.810000000000025
4.491999999999727,-4.067748311158958e-06,1.541559088880758e-05,-2.313218529561522e-08,9.810000000000025
4.493999999999727,-4.037147964200622e-06,1.530017347916757e-05,-2.2959902098370996e-08,9.810000000000024
4.495999999999727,-4.006776732855896e-06,1.5185615672363407e-05,-2.278889443465413e-08,9.810000000000024
4.497999999999727,-3.976632910648709e-06,1.5071911103592774e-05,-2.261915291809104e-08,9.810000000000024
4.499999999999726,-3.9467148037395405e-06,1.495905345458455e-05,-2.2450668227604907e-08,9.810000000000024
4.501999999999726,-3.917020730827912e-06,1.4847036455814576e-05,-2.2283431135946687e-08,9.810000000000024
4.503999999999726,-3.887549023063764e-06,1.4735853882074108e-05,-2.211743246301549e-08,9.810000000000024
4.505999999999726,-3.858298023954393e-06,1.4625499554685605e-05,-2.195266310412283e-08,9.810000000000022
4.507999999999726,-3.829266089278035e-06,1.451596733817905e-05,-2.1789113995637675e-08,9.810000000000022
4.509999999999725,-3.8004515869863718e-06,1.4407251145831399e-05,-2.1626776180914055e-08,9.810000000000022
4.511999999999725,-3.7718528971203333e-06,1.4299344933019245e-05,-2.1465640738522686e-08,9.810000000000022
4.513999999999725,-3.7434684117170317e-06,1.419224270165039e-05,-2.1305698835477097e-08,9.810000000000022
4.515999999999725,-3.7152965347233515e-06,1.4085938496840154e-05,-2.1146941692971017e-08,9.810000000000022
4.5179999999997245,-3.687335681911745e-06,1.3980426405803519e-05,-2.0989360576850334e-08,9.810000000000022
4.519999999999724,-3.6595842807893867e-06,1.3875700561178769e-05,-2.083294683831563e-08,9.81000000000002
4.521999999999724,-3.6320407705117633e-06,1.3771755138811722e-05,-2.0677691892160757e-08,9.81000000000002
4.523999999999724,-3.6047036017984673e-06,1.3668584356647848e-05,-2.0523587207312204e-08,9.81000000000002
4.525999999999724,-3.577571236846787e-06,1.356618247584015e-05,-2.0370624322415524e-08,9.81000000000002
4.527999999999723,-3.550642149247504e-06,1.3464543799641283e-05,-2.0218794836418193e-08,9.810000000000018
4.529999999999723,-3.523914823900697e-06,1.3363662673403553e-05,-2.006809041160796e-08,9.810000000000018
4.531999999999723,-3.4973877569359712e-06,1.3263533482363139e-05,-1.9918502751491232e-08,9.810000000000018
4.533999999999723,-3.4710594556282593e-06,1.3164150653855874e-05,-1.97700236287425e-08,9.810000000000018
4.5359999999997225,-3.4449284383114094e-06,1.3065508658425126e-05,-1.962264490089823e-08,9.810000000000018
4.537999999999722,-3.418993234300629e-06,1.2967602005390258e-05,-1.947635846327343e-08,9.810000000000018
4.539999999999722,-3.39325238381272e-06,1.2870425243954508e-05,-1.9331156264226117e-08,9.810000000000018
4.541999999999722,-3.367704437881879e-06,1.2773972965420765e-05,-1.9187030333192005e-08,9.810000000000018
4.543999999999722,-3.3423479582821423e-06,1.2678239799867913e-05,-1.904397274609682e-08,9.810000000000016
4.545999999999721,-3.3171815174520568e-06,1.2583220415042942e-05,-1.890197561550055e-08,9.810000000000016
4.547999999999721,-3.292203698408256e-06,1.2488909521900377e-05,-1.8761031156153037e-08,9.810000000000016
4.549999999999721,-3.2674130946745695e-06,1.2395301866847078e-05,-1.8621131600258465e-08,9.810000000000016
4.551999999999721,-3.24280831019779e-06,1.230239223838956e-05,-1.848226927535076e-08,9.810000000000016
4.5539999999997205,-3.2183879592812484e-06,1.2210175458270903e-05,-1.83444365068471e-08,9.810000000000016
4.55599999999972,-3.1941506664983648e-06,1.2118646391441715e-05,-1.8207625733422274e-08,9.810000000000016
4.55799999999972,-3.1700950666239707e-06,1.2027799937197061e-05,-1.8071829409761035e-08,9.810000000000016
4.55999999999972,-3.1462198045523234e-06,1.1937631035823773e-05,-1.7937040084352898e-08,9.810000000000016
4.56199999999972,-3.1225235352306328e-06,1.1848134660845243e-05,-1.7803250314561273e-08,9.810000000000015
4.563999999999719,-3.09900492357708e-06,1.1759305826776627e-05,-1.7670452756890587e-08,9.810000000000015
4.565999999999719,-3.075662644409909e-06,1.1671139583585422e-05,-1.7538640107276498e-08,9.810000000000015
4.567999999999719,-3.052495382378742e-06,1.1583631015583575e-05,-1.740780509097515e-08,9.810000000000015
4.569999999999719,-3.0295018318892397e-06,1.1496775244751139e-05,-1.7277940502678504e-08,9.810000000000015
4.5719999999997185,-3.0066806970299825e-06,1.1410567429628389e-05,-1.7149039196754636e-08,9.810000000000013
4.573999999999718,-2.9840306915015665e-06,1.132500276420794e-05,-1.702109407734909e-08,9.810000000000013
4.575999999999718,-2.9615505385456973e-06,1.1240076477934734e-05,-1.6894098100940126e-08,9.810000000000013
4.577999999999718,-2.939238970876501e-06,1.115578383459818e-05,-1.6768044266319397e-08,9.810000000000013
4.579999999999718,-2.9170947306074054e-06,1.1072120134547895e-05,-1.6642925642208646e-08,9.810000000000013
4.581999999999717,-2.895116569191312e-06,1.0989080708046414e-05,-1.6518735294477154e-08,9.810000000000013
4.583999999999717,-2.8733032473341847e-06,1.0906660928563803e-05,-1.639546643907846e-08,9.810000000000013
4.585999999999717,-2.8516535349462975e-06,1.0824856193943608e-05,-1.627311223174161e-08,9.810000000000013
4.587999999999717,-2.83016621105804e-06,1.074366194412903e-05,-1.615166597052368e-08,9.810000000000013
4.5899999999997165,-2.8088400637667345e-06,1.0663073645652517e-05,-1.603112092315235e-08,9.810000000000013
4.591999999999716,-2.7876738901590897e-06,1.0583086803822516e-05,-1.5911470466970455e-08,9.810000000000013
4.593999999999716,-2.766666496251369e-06,1.0503696953860375e-05,-1.5792707991389805e-08,9.810000000000013
4.595999999999716,-2.7458166969162733e-06,1.0424899667547673e-05,-1.5674826975384833e-08,9.810000000000011
4.597999999999716,-2.7251233158275477e-06,1.0346690544363121e-05,-1.5557820889666387e-08,9.810000000000011
4.599999999999715,-2.704585185389072e-06,1.026906521923777e-05,-1.544168328648637e-08,9.810000000000011
4.601999999999715,-2.684201146668394e-06,1.0192019360339236e-05,-1.5326407777235257e-08,9.810000000000011
4.603999999999715,-2.6639700493391138e-06,1.0115548664640155e-05,-1.5211987984560866e-08,9.810000000000011
4.605999999999715,-2.643890751609983e-06,1.0039648864565504e-05,-1.5098417619787876e-08,9.810000000000011
4.6079999999997145,-2.6239621201717237e-06,9.964315719129512e-06,-1.4985690385017648e-08,9.810000000000011
4.609999999999714,-2.6041830301216945e-06,9.889545025014511e-06,-1.4873800100631121e-08,9.810000000000011
4.611999999999714,-2.584552364915142e-06,9.815332603276321e-06,-1.4762740557370133e-08,9.810000000000011
4.613999999999714,-2.5650690162942957e-06,9.741674310423097e-06,-1.4652505643558425e-08,9.810000000000011
4.615999999999714,-2.54573188423076e-06,9.668566031768014e-06,-1.4543089272447888e-08,9.810000000000011
4.6179999999997134,-2.5265398768634697e-06,9.596003683645044e-06,-1.4434485409369178e-08,9.810000000000011
4.619999999999713,-2.507491910443299e-06,9.523983210085298e-06,-1.4326688036255273e-08,9.810000000000011
4.621999999999713,-2.4885869092643705e-06,9.452500589464336e-06,-1.4219691229030795e-08,9.81000000000001
4.623999999999713,-2.469823805613092e-06,9.381551825639085e-06,-1.411348905968123e-08,9.81000000000001
4.625999999999713,-2.451201539703902e-06,9.311132954595153e-06,-1.4008075673359148e-08,9.81000000000001
4.627999999999712,-2.432719059617224e-06,9.241240043338946e-06,-1.390344527830877e-08,9.81000000000001
4.629999999999712,-2.4143753212551546e-06,9.171869181034574e-06,-1.379959204750986e-08,9.81000000000001
4.631999999999712,-2.3961692882705576e-06,9.103016492298488e-06,-1.3696510270905412e-08,9.81000000000001
4.633999999999712,-2.378099932018316e-06,9.034678126120617e-06,-1.3594194232519886e-08,9.81000000000001
4.6359999999997115,-2.3601662314888615e-06,8.966850264727461e-06,-1.3492638312666077e-08,9.81000000000001
4.637999999999711,-2.342367173263855e-06,8.899529112503225e-06,-1.3391836864778756e-08,9.81000000000001
4.639999999999711,-2.3247017514497174e-06,8.832710907068683e-06,-1.3291784342519194e-08,9.810000000000008
4.641999999999711,-2.307168967628881e-06,8.766391910418086e-06,-1.3192475201819992e-08,9.810000000000008
4.643999999999711,-2.2897678307999642e-06,8.7005684144586e-06,-1.3093903965375841e-08,9.810000000000008
4.64599999999971,-2.2724973573268072e-06,8.635236736578757e-06,-1.2996065174611359e-08,9.810000000000008
4.64799999999971,-2.2553565708786474e-06,8.570393224079992e-06,-1.289895344176555e-08,9.810000000000008
4.64999999999971,-2.2383445023858045e-06,8.506034246421457e-06,-1.2802563364114002e-08,9.810000000000008
4.65199999999971,-2.2214601899776384e-06,8.442156204083097e-06,-1.2706889625974861e-08,9.810000000000008
4.6539999999997095,-2.20470267892937e-06,8.378755524134105e-06,-1.2611926950889368e-08,9.810000000000008
4.655999999999709,-2.1880710216155516e-06,8.315828656909278e-06,-1.2517670065779904e-08,9.810000000000008
4.657999999999709,-2.1715642774524545e-06,8.25337208154843e-06,-1.2424113765380141e-08,9.810000000000008
4.659999999999709,-2.155181512844893e-06,8.191382303780631e-06,-1.2331252889324965e-08,9.810000000000008
4.661999999999709,-2.138921801137476e-06,8.12985585370843e-06,-1.2239082298940123e-08,9.810000000000008
4.663999999999708,-2.1227842225658603e-06,8.068789285807859e-06,-1.2147596878913495e-08,9.810000000000008
4.665999999999708,-2.106767864203572e-06,8.008179181144203e-06,-1.2056791564161447e-08,9.810000000000008
4.667999999999708,-2.090871819908828e-06,7.948022147371997e-06,-1.1966661341840109e-08,9.810000000000008
4.669999999999708,-2.0750951902757892e-06,7.888314816519258e-06,-1.1877201228187164e-08,9.810000000000008
4.6719999999997075,-2.05943708258803e-06,7.829053843879604e-06,-1.178840625765423e-08,9.810000000000008
4.673999999999707,-2.0438966107653584e-06,7.770235911335895e-06,-1.1700271522259203e-08,9.810000000000008
4.675999999999707,-2.0284728953172847e-06,7.711857724036601e-06,-1.1612792135875307e-08,9.810000000000008
4.677999999999707,-2.0131650632920617e-06,7.653916012611547e-06,-1.152596326101772e-08,9.810000000000008
4.679999999999707,-1.9979722482301493e-06,7.596407530956158e-06,-1.1439780085591923e-08,9.810000000000006
4.681999999999706,-1.982893590111039e-06,7.539329059555112e-06,-1.1354237862296927e-08,9.810000000000006
4.683999999999706,-1.967928235315585e-06,7.482677397727141e-06,-1.1269331822599001e-08,9.810000000000006
4.685999999999706,-1.9530753365706087e-06,7.426449372488115e-06,-1.1185057278487716e-08,9.810000000000006
4.687999999999706,-1.938334052904586e-06,7.3706418330116135e-06,-1.1101409561813173e-08,9.810000000000006
4.6899999999997055,-1.9237035495988967e-06,7.315251652844699e-06,-1.1018384050989825e-08,9.810000000000006
4.691999999999705,-1.9091829981501593e-06,7.260275724368485e-06,-1.0935976109887164e-08,9.810000000000006
4.693999999999705,-1.8947715762126212e-06,7.205710968769111e-06,-1.0854181202224584e-08,9.810000000000006
4.695999999999705,-1.880468467558272e-06,7.151554327174657e-06,-1.0772994793339838e-08,9.810000000000006
4.697999999999705,-1.866272862034746e-06,7.097802761763024e-06,-1.0692412364034948e-08,9.810000000000006
4.699999999999704,-1.852183955514359e-06,7.044453260193482e-06,-1.0612429462364035e-08,9.810000000000006
4.701999999999704,-1.838200949849793e-06,6.991502832283012e-06,-1.0533041667921778e-08,9.810000000000006
4.703999999999704,-1.824323052834212e-06,6.938948507790535e-06,-1.0454244568264512e-08,9.810000000000006
4.705999999999704,-1.8105494781569465e-06,6.886787338632679e-06,-1.0376033785392692e-08,9.810000000000004
4.7079999999997035,-1.7968794453547473e-06,6.835016401099557e-06,-1.0298405002559116e-08,9.810000000000004
4.709999999999703,-1.7833121797741165e-06,6.7836327903153346e-06,-1.022135390326317e-08,9.810000000000004
4.711999999999703,-1.7698469125269929e-06,6.732633623561887e-06,-1.0144876210201816e-08,9.810000000000004
4.713999999999703,-1.756482880446435e-06,6.682016040278802e-06,-1.0068967686928283e-08,9.810000000000004
4.715999999999703,-1.74321932604674e-06,6.631777199847603e-06,-9.993624114339127e-09,9.810000000000004
4.717999999999702,-1.7300554974769094e-06,6.581914284915414e-06,-9.918841329815284e-09,9.810000000000004
4.719999999999702,-1.7169906484851983e-06,6.5324244958555235e-06,-9.844615166113907e-09,9.810000000000004
4.721999999999702,-1.7040240383725847e-06,6.483305056306817e-06,-9.770941515399285e-09,9.810000000000004
4.723999999999702,-1.6911549319551003e-06,6.434553208742236e-06,-9.697816280747343e-09,9.810000000000004
4.7259999999997016,-1.6783825995172997e-06,6.3861662189003156e-06,-9.625235427763471e-09,9.810000000000004
4.727999999999701,-1.6657063167790239e-06,6.338141369137873e-06,-9.553194910925988e-09,9.810000000000004
4.729999999999701,-1.6531253648555166e-06,6.290475961753667e-06,-9.481690712319218e-09,9.810000000000004
4.731999999999701,-1.640639030206461e-06,6.243167324527822e-06,-9.410718906030235e-09,9.810000000000004
4.733999999999701,-1.628246604609391e-06,6.1962127985350895e-06,-9.340275521881054e-09,9.810000000000004
4.7359999999997004,-1.6159473851109436e-06,6.149609749223702e-06,-9.27035667186084e-09,9.810000000000004
4.7379999999997,-1.603740673995839e-06,6.10335555755229e-06,-9.200958451494618e-09,9.810000000000004
4.7399999999997,-1.5916257787447805e-06,6.057447625529308e-06,-9.132077003652916e-09,9.810000000000004
4.7419999999997,-1.57960201199457e-06,6.011883375105148e-06,-9.063708507608178e-09,9.810000000000004
4.7439999999997,-1.5676686914982257e-06,5.966660248172144e-06,-8.995849180536018e-09,9.810000000000004
4.745999999999699,-1.5558251400939596e-06,5.921775702133029e-06,-8.92849522866123e-09,9.810000000000004
4.747999999999699,-1.5440706856586473e-06,5.877227217656127e-06,-8.861642936289297e-09,9.810000000000004
4.749999999999699,-1.532404661076807e-06,5.833012290920164e-06,-8.795288579668698e-09,9.810000000000004
4.751999999999699,-1.5208264042007154e-06,5.789128438045803e-06,-8.729428478268229e-09,9.810000000000004
4.7539999999996985,-1.5093352578149556e-06,5.745573192879873e-06,-8.664058971143804e-09,9.810000000000004
4.755999999999698,-1.4979305696031805e-06,5.702344105887491e-06,-8.599176405591959e-09,9.810000000000004
4.757999999999698,-1.4866116921060133e-06,5.659438748583596e-06,-8.534777188611852e-09,9.810000000000004
4.759999999999698,-1.4753779826878105e-06,5.6168547091014105e-06,-8.470857738274586e-09,9.810000000000004
4.761999999999698,-1.4642288034967783e-06,5.574589595516094e-06,-8.407414522613283e-09,9.810000000000004
4.763999999999697,-1.4531635214361678e-06,5.532641030305322e-06,-8.344443998262756e-09,9.810000000000004
4.765999999999697,-1.442181508126606e-06,5.49100665478082e-06,-8.281942661644887e-09,9.810000000000004
4.767999999999697,-1.4312821398728607e-06,5.449684126872598e-06,-8.219907025242565e-09,9.810000000000004
4.769999999999697,-1.4204647976261715e-06,5.40867112334472e-06,-8.158333643934242e-09,9.810000000000004
4.7719999999996965,-1.409728866946581e-06,5.3679653397953045e-06,-8.097219116469098e-09,9.810000000000004
4.773999999999696,-1.3990737379785625e-06,5.327564484009209e-06,-8.03656001140324e-09,9.810000000000004
4.775999999999696,-1.3884988054044887e-06,5.287466287036887e-06,-7.976352993563391e-09,9.810000000000004
4.777999999999696,-1.378003468424689e-06,5.247668489899764e-06,-7.916594675080733e-09,9.810000000000004
4.779999999999696,-1.3675871307109194e-06,5.208168856884859e-06,-7.857281766740493e-09,9.810000000000004
4.781999999999695,-1.3572492003819876e-06,5.168965164465933e-06,-7.798410954215576e-09,9.810000000000004
4.783999999999695,-1.3469890899749488e-06,5.130055203519257e-06,-7.739978923834366e-09,9.810000000000002
4.785999999999695,-1.3368062163963597e-06,5.091436789294586e-06,-7.681982476809103e-09,9.810000000000002
4.787999999999695,-1.3267000009045502e-06,5.053107745904758e-06,-7.624418355287272e-09,9.810000000000002
4.7899999999996945,-1.3166698690697412e-06,5.015065917404549e-06,-7.567283368404002e-09,9.810000000000002
4.791999999999694,-1.306715250743023e-06,4.977309163359135e-06,-7.510574343634408e-09,9.810000000000002
4.793999999999694,-1.2968355800275505e-06,4.939835357736203e-06,-7.454288115300402e-09,9.810000000000002
4.795999999999694,-1.2870302952453071e-06,4.90264239112172e-06,-7.39842155070214e-09,9.810000000000002
4.797999999999694,-1.2772988389082987e-06,4.865728168504169e-06,-7.34297152620637e-09,9.810000000000002
4.799999999999693,-1.2676406576853182e-06,4.829090611490311e-06,-7.287934953393694e-09,9.810000000000002
4.801999999999693,-1.2580552023709236e-06,4.79272765719731e-06,-7.233308767754278e-09,9.810000000000002
4.803999999999693,-1.2485419278499865e-06,4.756637260468494e-06,-7.1790899550085115e-09,9.810000000000002
4.805999999999693,-1.239100293079966e-06,4.7208173850102775e-06,-7.12527545183678e-09,9.810000000000002
4.8079999999996925,-1.2297297610465924e-06,4.685266016686782e-06,-7.071862297186566e-09,9.810000000000002
4.809999999999692,-1.2204297987417104e-06,4.649981152440989e-06,-7.018847508462753e-09,9.810000000000002
4.811999999999692,-1.2111998771344737e-06,4.614960803618389e-06,-6.966228119843063e-09,9.810000000000002
4.813999999999692,-1.2020394711381081e-06,4.580202998182755e-06,-6.914001208479963e-09,9.810000000000002
4.815999999999692,-1.192948059585539e-06,4.5457057762846015e-06,-6.862163845476658e-09,9.810000000000002
4.817999999999691,-1.1839251251961535e-06,4.5114671946927265e-06,-6.810713146972814e-09,9.810000000000002
4.819999999999691,-1.174970154544781e-06,4.4774853256863245e-06,-6.7596462629094864e-09,9.810000000000002
4.821999999999691,-1.1660826380395343e-06,4.443758252623444e-06,-6.708960327870894e-09,9.810000000000002
4.823999999999691,-1.1572620698819261e-06,4.410284078804075e-06,-6.65865256240106e-09,9.810000000000002
4.8259999999996905,-1.1485079480535752e-06,4.377060914175519e-06,-6.608720123757893e-09,9.810000000000002
4.82799999999969,-1.1398197742807527e-06,4.344086886411249e-06,-6.559160231798769e-09,9.810000000000002
4.82999999999969,-1.1311970540122254e-06,4.311360134263587e-06,-6.509970094981583e-09,9.810000000000002
4.83199999999969,-1.1226392963838034e-06,4.278878814211029e-06,-6.4611469865271515e-09,9.810000000000002
4.83399999999969,-1.1141460141873185e-06,4.2466410982424665e-06,-6.41268822080069e-09,9.810000000000002
4.835999999999689,-1.105716723859546e-06,4.214645163886217e-06,-6.3645910412478275e-09,9.810000000000002
4.837999999999689,-1.0973509454378892e-06,4.182889210828312e-06,-6.316852809114871e-09,9.810000000000002
4.839999999999689,-1.0890482025470853e-06,4.151371445402093e-06,-6.2694708293832744e-09,9.810000000000002
4.841999999999689,-1.080808022365967e-06,4.120090090559186e-06,-6.22244246411329e-09,9.810000000000002
4.8439999999996886,-1.0726299356008752e-06,4.089043382545841e-06,-6.175765096111356e-09,9.810000000000002
4.845999999999688,-1.064513476461285e-06,4.058229569795051e-06,-6.129436117316315e-09,9.810000000000002
4.847999999999688,-1.0564581826310003e-06,4.02764691514232e-06,-6.083452954809374e-09,9.810000000000002
4.849999999999688,-1.0484635952459963e-06,3.997293692502008e-06,-6.037813034188044e-09,9.810000000000002
4.851999999999688,-1.0405292588678298e-06,3.9671681890830995e-06,-5.99251380543236e-09,9.810000000000002
4.8539999999996875,-1.0326547214570514e-06,3.9372687053892056e-06,-5.9475527439085694e-09,9.810000000000002
4.855999999999687,-1.0248395343510458e-06,3.9075935530027955e-06,-5.902927326197103e-09,9.810000000000002
4.857999999999687,-1.0170832522374439e-06,3.87814105680096e-06,-5.8586350559779185e-09,9.810000000000002
4.859999999999687,-1.0093854331275331e-06,3.848909554955421e-06,-5.81467346505374e-09,9.810000000000002
4.861999999999687,-1.001745638329668e-06,3.819897398932521e-06,-5.77104011437994e-09,9.810000000000002
4.863999999999686,-9.94163432427113e-07,3.7911029512774637e-06,-5.727732569918724e-09,9.810000000000002
4.865999999999686,-9.866383832558844e-07,3.7625245856143036e-06,-5.68474840336775e-09,9.810000000000002
4.867999999999686,-9.79170061878161e-07,3.734160688861723e-06,-5.64208521807739e-09,9.810000000000002
4.869999999999686,-9.717580425601264e-07,3.7060096590172597e-06,-5.599740624922969e-09,9.810000000000002
4.8719999999996855,-9.64401902749812e-07,3.678069905157307e-06,-5.557712243051634e-09,9.810000000000002
4.873999999999685,-9.571012230482904e-07,3.6503398507607685e-06,-5.515997738409174e-09,9.810000000000002
4.875999999999685,-9.498555871875196e-07,3.622817930385404e-06,-5.474594787196486e-09,9.810000000000002
4.877999999999685,-9.426645820103996e-07,3.5955025885599436e-06,-5.433501064043927e-09,9.810000000000002
4.879999999999685,-9.355277974464e-07,3.568392281999857e-06,-5.392714267807905e-09,9.810000000000002
4.881999999999684,-9.284448264849695e-07,3.54148548071524e-06,-5.3522321350962775e-09,9.810000000000002
4.883999999999684,-9.214152651600268e-07,3.5147806624713884e-06,-5.312052378409003e-09,9.810000000000002
4.885999999999684,-9.144387125189389e-07,3.4882763205439944e-06,-5.272172774595137e-09,9.810000000000002
4.887999999999684,-9.075147706025794e-07,3.4619709581797196e-06,-5.232591103319143e-09,9.810000000000002
4.8899999999996835,-9.006430444298186e-07,3.4358630863804242e-06,-5.1933051225221844e-09,9.810000000000002
4.891999999999683,-8.93823141964286e-07,3.4099512327662523e-06,-5.154312669487544e-09,9.810000000000002
4.893999999999683,-8.870546741032924e-07,3.384233930496775e-06,-5.1156115365244755e-09,9.810000000000002
4.895999999999683,-8.803372546512401e-07,3.3587097260261886e-06,-5.0771995591398954e-09,9.810000000000002
4.897999999999683,-8.736705002974649e-07,3.3333771768875465e-06,-5.039074591992379e-09,9.810000000000002
4.899999999999682,-8.67054030598511e-07,3.308234849476985e-06,-5.0012344845381645e-09,9.810000000000002
4.901999999999682,-8.604874679471089e-07,3.2832813257010382e-06,-4.963677157099112e-09,9.810000000000002
4.903999999999682,-8.539704375588818e-07,3.2585151941135525e-06,-4.926400501600327e-09,9.810000000000002
4.905999999999682,-8.475025674546189e-07,3.2339350521314597e-06,-4.889402406970142e-09,9.810000000000002
4.9079999999996815,-8.410834884336863e-07,3.2095395104663165e-06,-4.852680810041153e-09,9.810000000000002
4.909999999999681,-8.347128340474377e-07,3.1853271931243073e-06,-4.816233696719982e-09,9.810000000000002
4.911999999999681,-8.283902405947829e-07,3.161296726327386e-06,-4.7800589772501205e-09,9.810000000000002
4.913999999999681,-8.22115347091167e-07,3.137446751807906e-06,-4.744154636917473e-09,9.810000000000002
4.915999999999681,-8.158877952508444e-07,3.1137759201613022e-06,-4.708518662001576e-09,9.810000000000002
4.91799999999968,-8.097072294647207e-07,3.0902828930618664e-06,-4.673149065521111e-09,9.810000000000002
4.91999999999968,-8.035732967781952e-07,3.066966343262745e-06,-4.638043888116105e-09,9.810000000000002
4.92199999999968,-7.974856468800822e-07,3.0438249490565125e-06,-4.6032011359789035e-09,9.810000000000002
4.92399999999968,-7.914439320738058e-07,3.0208574031382547e-06,-4.568618881691593e-09,9.810000000000002
4.9259999999996795,-7.854478072663208e-07,2.998062403742485e-06,-4.534295164863622e-09,9.810000000000002
4.927999999999679,-7.7949692994374e-07,2.975438661290458e-06,-4.500228067796713e-09,9.810000000000002
4.929999999999679,-7.735909601536069e-07,2.952984895066512e-06,-4.466415678774794e-09,9.810000000000002
4.931999999999679,-7.677295604827393e-07,2.93069983543384e-06,-4.432856117844757e-09,9.810000000000002
4.933999999999679,-7.619123960417177e-07,2.9085822205108353e-06,-4.399547499959752e-09,9.810000000000002
4.935999999999678,-7.561391344449439e-07,2.886630798386859e-06,-4.366487960612744e-09,9.810000000000002
4.937999999999678,-7.50409445795131e-07,2.864844324906472e-06,-4.333675631423377e-09,9.810000000000002
4.939999999999678,-7.447230026589291e-07,2.8432215681009757e-06,-4.301108690963396e-09,9.810000000000002
4.941999999999678,-7.390794800536311e-07,2.821761302648985e-06,-4.268785302893398e-09,9.810000000000002
4.9439999999996775,-7.334785554250152e-07,2.8004623143079685e-06,-4.236703666640967e-09,9.810000000000002
4.945999999999677,-7.279199086340499e-07,2.7793233954827093e-06,-4.204861967981055e-09,9.810000000000002
4.947999999999677,-7.224032219347361e-07,2.758343349656846e-06,-4.17325842972325e-09,9.810000000000002
4.949999999999677,-7.16928179956382e-07,2.7375209891771005e-06,-4.141891287483955e-09,9.810000000000002
4.951999999999677,-7.114944696858753e-07,2.7168551352532787e-06,-4.110758790332127e-09,9.810000000000002
4.953999999999676,-7.061017804543905e-07,2.6963446157425003e-06,-4.079859176256818e-09,9.810000000000002
4.955999999999676,-7.00749803915229e-07,2.6759882695807398e-06,-4.049190722872621e-09,9.810000000000002
4.957999999999676,-6.954382340305265e-07,2.6557849423512847e-06,-4.018751698027316e-09,9.810000000000002
4.959999999999676,-6.901667670490938e-07,2.6357334907162788e-06,-3.988540410516373e-09,9.810000000000002
4.961999999999676,-6.849351014931235e-07,2.6158327779851775e-06,-3.9585551606997456e-09,9.810000000000002
4.963999999999675,-6.79742938144894e-07,2.59608167411475e-06,-3.928794240859892e-09,9.810000000000002
4.965999999999675,-6.745899800201812e-07,2.576479062356392e-06,-3.8992560111116954e-09,9.810000000000002
4.967999999999675,-6.694759323593952e-07,2.557023830393041e-06,-3.869938799981009e-09,9.810000000000002
4.969999999999675,-6.644005026054222e-07,2.5377148769864898e-06,-3.840840980009811e-09,9.810000000000002
4.9719999999996745,-6.59363400394762e-07,2.518551105330073e-06,-3.8119608932117626e-09,9.810000000000002
4.973999999999674,-6.543643375331542e-07,2.4995314308038663e-06,-3.783296939276698e-09,9.810000000000002
4.975999999999674,-6.494030279844995e-07,2.4806547743273726e-06,-3.754847501191579e-09,9.810000000000002
4.977999999999674,-6.444791878553489e-07,2.461920064575294e-06,-3.726610970654073e-09,9.810000000000002
4.979999999999674,-6.395925353749622e-07,2.4433262401933017e-06,-3.698585773803821e-09,9.810000000000002
4.981999999999673,-6.347427908820135e-07,2.4248722464743797e-06,-3.6707703343157447e-09,9.810000000000002
4.983999999999673,-6.299296768068644e-07,2.4065570375745982e-06,-3.6431630989829903e-09,9.810000000000002
4.985999999999673,-6.251529176582697e-07,2.3883795742973383e-06,-3.6157625132526637e-09,9.810000000000002
4.987999999999673,-6.204122400056516e-07,2.370338826309066e-06,-3.588567046816703e-09,9.810000000000002
4.9899999999996725,-6.15707372470236e-07,2.352433767707789e-06,-3.561575143972823e-09,9.810000000000002
4.991999999999672,-6.110380456984638e-07,2.3346633858861425e-06,-3.5347853244568e-09,9.810000000000002
4.993999999999672,-6.064039923575587e-07,2.317026670452531e-06,-3.5081960588916733e-09,9.810000000000002
4.995999999999672,-6.018049471133702e-07,2.299522622094216e-06,-3.48180586931424e-09,9.81
4.997999999999672,-5.972406466215102e-07,2.28215024593e-06,-3.4556132546828527e-09,9.81
4.999999999999671,-5.927108295096266e-07,2.2649085559417693e-06,-3.4296167413600797e-09,9.81
