time,roll_deg,roll_rate_deg_s,torque_Nm,total_thrust_N
0.0,2.0,0.0,-0.14161017175353047,9.815979629571443
0.002,1.998586879794903,-0.7065601025486214,-0.134093025219329,9.81597117833678
0.004,1.9958356525812937,-1.375613606804835,-0.12690173164839774,9.815954741658224
0.006,1.991818079886751,-2.0087863472711582,-0.12002278107507368,9.815930780197268
0.008,1.9866028063850636,-2.6076367508436724,-0.11344321781249449,9.815899747616234
0.01,1.9802554891803217,-3.17365860237104,-0.10715061776735457,9.815862088992901
0.012,1.9728389217862694,-3.7082836970260975,-0.10113306668259839,9.81581823948953
0.014,1.9644131530180293,-4.212884384119976,-0.09537913927009911,9.815768623248859
0.016,1.955035601004431,-4.688776006799266,-0.08987787919692214,9.815713652492281
0.018000000000000002,1.944761162520661,-5.137219241885214,-0.08461877989026129,9.815653726797727
0.020000000000000004,1.9336423178327817,-5.559422343939651,-0.07959176612756469,9.815589232536913
0.022000000000000006,1.9217292312378311,-5.956543297475364,-0.0747871763797357,9.815520542453523
0.024000000000000007,1.909069847475694,-6.329691881068338,-0.07019574587660801,9.815448015365732
0.02600000000000001,1.8957099841817426,-6.679931646975666,-0.06580859036515375,9.815371995978039
0.02800000000000001,1.8816934205423117,-7.008281819715458,-0.061617190532091415,9.815292814788858
0.030000000000000013,1.8670619823084638,-7.315719116923784,-0.05761337706372009,9.815210788081695
0.032000000000000015,1.8518556233171277,-7.603179495668078,-0.053789316316916594,9.815126217988889
0.034000000000000016,1.8361125036625956,-7.871559827266351,-0.05013749657629886,9.815039392618075
0.03600000000000002,1.8198690646555216,-8.121719503536905,-0.046650714873581176,9.81495058623251
0.03800000000000002,1.8031601007009543,-8.354481977283584,-0.04332206434612741,9.814860059477262
0.04000000000000002,1.7860188282215406,-8.57063623970686,-0.04014492211264806,9.814768059644226
0.04200000000000002,1.7684769517468986,-8.770938237321038,-0.03711293764489068,9.814674820969547
0.044000000000000025,1.7505647272851939,-8.956112230852337,-0.03422002161503597,9.814580564957792
0.04600000000000003,1.7323110230882108,-9.126852098491351,-0.03146033519934359,9.81448550072785
0.04800000000000003,1.713743377916658,-9.283822585776338,-0.0288282798193865,9.814389825376017
0.05000000000000003,1.6948880569080769,-9.42766050429068,-0.026318487302975466,9.814293724352336
0.05200000000000003,1.6757701051455398,-9.558975881268543,-0.023925810447609025,9.814197371846651
0.054000000000000034,1.6564133990213055,-9.678353062117136,-0.021645313969983704,9.814100931181272
0.056000000000000036,1.6368406954857417,-9.786351767781776,-0.019472265825775714,9.814004555207525
0.05800000000000004,1.617073679268139,-9.883508108801264,-0.017402128884548188,9.813908386703815
0.06000000000000004,1.597133008152488,-9.970335557825413,-0.015430552945259524,9.813812558773103
0.06200000000000004,1.5770383563878998,-10.047325882294198,-0.013553367078441542,9.813717195237993
0.06400000000000004,1.556808456310083,-10.114950038908384,-0.01176657228168597,9.813622411031885
0.06600000000000004,1.5364611382471731,-10.173659031454935,-0.010066334435624685,9.813528312584829
0.06800000000000005,1.5160133687802004,-10.223884733486447,-0.008448977548112774,9.813434998202975
0.07000000000000005,1.4954812874256154,-10.266040677292628,-0.0069109772748262716,9.81334255844063
0.07200000000000005,1.4748802418045293,-10.300522810542994,-0.005448954704968659,9.813251076464127
0.07400000000000005,1.4542248213606825,-10.327710221923486,-0.004059670401242915,9.813160628406866
0.07600000000000005,1.4335288896866112,-10.347965837035712,-0.0027400186836885054,9.813071283714967
0.07800000000000006,1.41280561551506,-10.36163708577554,-0.001487022147409034,9.812983105483129
0.08000000000000006,1.3920675024303437,-10.369056542358036,-0.0002978264046236412,9.812896150780375
0.08200000000000006,1.3713264173521278,-10.370542539108033,0.0008303049581331046,9.812810470965442
0.08400000000000006,1.3505936178419482,-10.366399755089764,0.0018999952164635847,9.812726111991658
0.08600000000000006,1.3298797782807381,-10.356919780605143,0.002913759146650971,9.812643114701247
0.08800000000000006,1.3091950149636415,-10.342381658548183,0.0038740074743908864,9.812561515108984
0.09000000000000007,1.2885489101565164,-10.323052403562572,0.004783051141473926,9.812481344675277
0.09200000000000007,1.2679505351566949,-10.299187499910756,0.0056431053978658885,9.812402630568709
0.09400000000000007,1.247408472398843,-10.271031378925688,0.006456293726327375,9.812325395918156
0.09600000000000007,1.2269308366450817,-10.23881787688081,0.007224651606422633,9.812249660054652
0.09800000000000007,1.2065252952969228,-10.202770674079613,0.007950130124487725,9.812175438743111
0.10000000000000007,1.1861990878650561,-10.163103715933348,0.00863459943585794,9.812102744404175
0.10200000000000008,1.165959044631528,-10.120021616764056,0.009279852085398568,9.812031586326333
0.10400000000000008,1.1458116045374482,-10.073720047039904,0.009887606192134829,9.811961970868593
0.10600000000000008,1.1257628323280062,-10.024386104720882,0.010459508503539772,9.811893901653923
0.10800000000000008,1.105818434985276,-9.972198671365234,0.010997137324812015,9.81182737975373
0.11000000000000008,1.085983777478035,-9.917328753620314,0.011502005328256848,9.811762403863616
0.11200000000000009,1.0662638978566428,-9.859939810696126,0.011975562247674904,9.81169897047073
0.11400000000000009,1.0466635217198523,-9.800188068395286,0.012419197462462728,9.811637074012914
0.11600000000000009,1.027187076079353,-9.738222820249682,0.012834242475936161,9.811576707029994
0.11800000000000009,1.00783870264677,-9.674186716291597,0.013221973292203773,9.811517860307434
0.12000000000000009,0.9886222705668389,-9.608216039965502,0.013583612695740252,9.811460523012657
0.1220000000000001,0.9695413886195071,-9.540440973665975,0.013920332437640043,9.811404682824293
0.1240000000000001,0.9505994169127725,-9.470985853367354,0.014233255332368439,9.811350326054633
0.12600000000000008,0.9317994780871892,-9.399969412791727,0.014523457268671644,9.81129743776554
0.12800000000000009,0.9131444680521019,-9.327505017543528,0.014791969138157335,9.811246001878107
0.1300000000000001,0.8946370662728588,-9.253700889621536,0.01503977868491349,9.811196001276267
0.1320000000000001,0.8762797456274543,-9.17866032270226,0.015267832279396057,9.811147417904676
0.1340000000000001,0.8580747818503092,-9.10248188857254,0.015477036619682735,9.811100232861058
0.1360000000000001,0.8400242625801614,-9.025259635073795,0.01566826036306526,9.811054426483265
0.1380000000000001,0.8221300960283504,-8.947083275905513,0.015842335690829185,9.81100997843131
0.1400000000000001,0.8043940192831079,-8.868038372621276,0.016000059808954747,9.81096686776456
0.1420000000000001,0.7868176062648338,-8.788206509137098,0.016142196387360266,9.81092507301434
0.1440000000000001,0.7694022753467163,-8.707665459058688,0.016269476940202268,9.810884572252148
0.1460000000000001,0.7521492966544728,-8.626489346121764,0.01638260214964385,9.810845343153671
0.1480000000000001,0.7350597990584179,-8.544748798027435,0.01648224313540389,9.810807363058842
0.1500000000000001,0.7181347768705314,-8.462511093943215,0.01656904267230544,9.810770609028081
0.1520000000000001,0.7013750962586732,-8.379840305929115,0.01664361635795071,9.810735057894934
0.1540000000000001,0.6847815013895979,-8.296797434537638,0.01670655373256305,9.810700686315286
0.1560000000000001,0.6683546203119453,-8.213440538826369,0.016758419352952927,9.810667470813302
0.1580000000000001,0.652094970589921,-8.129824861012038,0.016799753822484997,9.810635387824291
0.16000000000000011,0.63600296469795,-8.046002945985578,0.01683107477884606,9.810604413734602
0.16200000000000012,0.6200789151861525,-7.96202475589876,0.016852877841340957,9.810574524918763
0.16400000000000012,0.6043230396261039,-7.8779377800243,0.016865637519371757,9.810545697773957
0.16600000000000012,0.5887354653459377,-7.793787140083153,0.016869808083689,9.81051790875201
0.16800000000000012,0.5733162339634881,-7.709615691224716,0.01686582440193783,9.81049113438899
0.17000000000000012,0.5580653057258118,-7.625464118838087,0.016854102739959936,9.810465351332581
0.17200000000000013,0.5429825636630814,-7.541371031365264,0.016835041530252837,9.810440536367338
0.17400000000000013,0.5280678175645213,-7.457373049280131,0.01680902210893008,9.810416666437911
0.17600000000000013,0.5133208077837405,-7.373504890390396,0.016776409422471092,9.810393718670403
0.17800000000000013,0.49874120888051404,-7.289799451613232,0.01673755270549737,9.810371670391932
0.18000000000000013,0.4843286331057757,-7.206287887369157,0.016692786130760015,9.810350499148502
0.18200000000000013,0.47008263373631,-7.1229996847328385,0.016642429432476374,9.810330182721286
0.18400000000000014,0.45600270826536243,-7.03996273547375,0.016586788504105637,9.810310699141409
0.18600000000000014,0.44208830145513395,-6.95720340511427,0.01652615597161016,9.810292026703332
0.18800000000000014,0.42833880825687887,-6.874746599127492,0.01646081174320517,9.810274143976883
0.19000000000000014,0.4147535766040948,-6.792615826392075,0.016391023536559177,9.810257029818072
0.19200000000000014,0.4013319100840615,-6.710833260016652,0.016317047384368025,9.8102406633787
0.19400000000000014,0.38807307049277817,-6.629419795641677,0.01623912811918761,9.81022502411489
0.19600000000000015,0.3749762802781337,-6.548395107322229,0.016157499838374098,9.810210091794582
0.19800000000000015,0.3620407248759517,-6.467777701090982,0.016072386349945463,9.810195846504037
0.20000000000000015,0.34926555494335854,-6.387584966296594,0.015984001600146028,9.810182268653461
0.20200000000000015,0.336649888493741,-6.307833224808752,0.015892550083461993,9.81016933898177
0.20400000000000015,0.3241928129373861,-6.228537778177459,0.01579822723580674,9.810157038560543
0.20600000000000016,0.311893387031725,-6.149712952830549,0.015701219811564894,9.810145348797265
0.20800000000000016,0.2997506427449452,-6.071372143389924,0.015601706245155084,9.810134251437843
0.21000000000000016,0.2877635870365776,-5.993527854183804,0.01549985699774624,9.810123728568506
0.21200000000000016,0.2759312035585194,-5.916191739029041,0.015395834889734172,9.810113762617082
0.21400000000000016,0.26425245427981037,-5.839374639354554,0.015289795419561963,9.81010433635372
0.21600000000000016,0.2527262810383423,-5.763086620734,0.015181887069442894,9.810095432891105
0.21800000000000017,0.24135160702255617,-5.687337007893071,0.015072251598522095,9.810087035684173
0.22000000000000017,0.23012733818604802,-5.612134418254063,0.014961024323991594,9.810079128529388
0.22200000000000017,0.21905236459789243,-5.537486794077811,0.014848334390651231,9.810071695563602
0.22400000000000017,0.208125561731371,-5.463401433260689,0.0147343050293893,9.810064721262542
0.22600000000000017,0.19734579169368724,-5.3898850188419045,0.014619053805035934,9.810058190438928
0.22800000000000017,0.18671190439913898,-5.316943647274135,0.014502692854024724,9.81005208824029
0.23000000000000018,0.1762227386881222,-5.244582855508374,0.014385329112279806,9.810046400146462
0.23200000000000018,0.1658771233942387,-5.172807646941728,0.014267064533728765,9.810041111966825
0.23400000000000018,0.1556738783616888,-5.101622516274955,0.014147996299824911,9.810036209837293
0.23600000000000018,0.14561181541503965,-5.031031473324591,0.014028217020447604,9.810031680217064
0.23800000000000018,0.13568973928337422,-4.961038065832698,0.013907814926533278,9.810027509885185
0.24000000000000019,0.12590644848074325,-4.891645401315477,0.013786874054776084,9.810023685936908
0.2420000000000002,0.11626073614476258,-4.822856167990332,0.013665474424722983,9.8100201957799
0.2440000000000002,0.10675139083512396,-4.754672654819307,0.013543692208574647,9.810017027130288
0.2460000000000002,0.09737719729371327,-4.6870967707053275,0.013421599893991054,9.810014168008564
0.2480000000000002,0.08813693716796109,-4.620130062876103,0.013299266440188286,9.810011606735397
0.25000000000000017,0.07902938969898264,-4.553773734489216,0.013176757427601535,9.810009331927315
0.25200000000000017,0.07005333237600175,-4.4880286614904445,0.013054135201377631,9.810007332492301
0.25400000000000017,0.061207541558489426,-4.422895408756155,0.012931459008949958,9.810005597625324
0.25600000000000017,0.05249079306739092,-4.358374245549252,0.012808785131938498,9.81000411680378
0.2580000000000002,0.043901862746756865,-4.294465160317031,0.012686167012607219,9.8100028797829
0.2600000000000002,0.035439526997040734,-4.231167874858063,0.01256365537510181,9.81000187659109
0.2620000000000002,0.027102563281272384,-4.1684818578841725,0.012441298341682103,9.810001097525253
0.2640000000000002,0.018889750605267427,-4.106406338002476,0.012319141544153651,9.810000533146074
0.2660000000000002,0.01079986997298455,-4.044940316141435,0.012197228230695932,9.81000017427328
0.2680000000000002,0.002831704818096749,-3.9840825774438997,0.012075599368275347,9.810000011980907
0.2700000000000002,-0.00501595858720156,-3.9238317026491525,0.011954293740824198,9.810000037592538
0.2720000000000002,-0.012744330745171761,-3.864186078985099,0.011833348043359275,9.810000242676557
0.2740000000000002,-0.020354618566353472,-3.8051439105908558,0.011712796972206382,9.810000619041418
0.2760000000000002,-0.027848025023331814,-3.746703228489171,0.011592673311490716,9.810001158730907
0.2780000000000002,-0.035225748823586374,-3.6888619001272827,0.0114730080160457,9.81000185401944
0.2800000000000002,-0.04248898410059465,-3.631617638504131,0.011353830290887875,9.810002697407379
0.2820000000000002,-0.04963892012239669,-3.5749680109010256,0.011235167667398155,9.810003681616372
0.2840000000000002,-0.05667674101686109,-3.518910447232194,0.011117046076344585,9.810004799584737
0.2860000000000002,-0.06360362551292312,-3.463442248031004,0.01099948991787644,9.810006044462863
0.2880000000000002,-0.07042074669709698,-3.408560592086939,0.010882522128613622,9.81000740960867
0.2900000000000002,-0.07712927178459268,-3.354262543747844,0.010766164245950744,9.810008888583095
0.2920000000000002,-0.08373036190439533,-3.300545059901317,0.010650436469690081,9.810010475145646
0.2940000000000002,-0.09022517189769251,-3.2474049966485916,0.01053535772111296,9.810012163249965
0.2960000000000002,-0.09661485012905986,-3.194839115683685,0.010420945699594914,9.810013947039486
0.2980000000000002,-0.10290053830983999,-3.1428440903900596,0.010307216936865198,9.810015820843118
0.3000000000000002,-0.10908337133317311,-3.091416511666564,0.010194186849007518,9.810017779170975
0.3020000000000002,-0.11516447712016097,-3.0405528934939166,0.010081869786294613,9.810019816710197
0.3040000000000002,-0.12114497647666603,-2.99024967825254,0.009970279080945839,9.810021928320785
0.3060000000000002,-0.12702598296027026,-2.9405032418021104,0.009859427092892697,9.810024109031527
0.3080000000000002,-0.1328086027569358,-2.8913098983327603,0.009749325253634512,9.810026354035973
0.3100000000000002,-0.13849393456693074,-2.8426659049974727,0.009639984108262528,9.81002865868846
0.3120000000000002,-0.14408306949960034,-2.794567466334777,0.009531413355727505,9.81003101850021
0.3140000000000002,-0.14957709097658148,-2.7470107384905558,0.009423621887423482,9.810033429135494
0.3160000000000002,-0.15497707464307608,-2.699991833247323,0.00931661782415635,9.810035886407848
0.3180000000000002,-0.1602840882868142,-2.6535068218690476,0.009210408551564003,9.810038386276348
0.32000000000000023,-0.1654991917643527,-2.607551738769266,0.009105000754051653,9.81004092484197
0.32200000000000023,-0.1706234369343724,-2.562122585009852,0.00900040044730321,9.810043498343989
0.32400000000000023,-0.17565786759764762,-2.517215331637591,0.008896613009427505,9.810046103156454
0.32600000000000023,-0.18060351944337827,-2.4728259228653378,0.008793643210795298,9.810048735784724
0.32800000000000024,-0.1854614200015869,-2.428950279104311,0.008691495242621167,9.810051392862071
0.33000000000000024,-0.1902325886012945,-2.3855842998537833,0.008590172744341783,9.81005407114634
0.33200000000000024,-0.1949180363342027,-2.342723866454151,0.008489678829840027,9.810056767516674
0.33400000000000024,-0.1995187660236211,-2.3003648447091813,0.008390016112562775,9.81005947897031
0.33600000000000024,-0.20403577219838695,-2.258503087382918,0.008291186729577477,9.810062202619415
0.33800000000000024,-0.20847004107154007,-2.2171344365765613,0.008193192364611596,9.810064935688022
0.34000000000000025,-0.2128225505235209,-2.1762547259904035,0.008096034270116723,9.810067675508986
0.34200000000000025,-0.21709427008967222,-2.1358597830756607,0.007999713288397388,9.810070419521026
0.34400000000000025,-0.22128616095183404,-2.0959454310808963,0.007904229871843353,9.810073165265832
0.34600000000000025,-0.22539917593382902,-2.0565074909974843,0.007809584102302133,9.810075910385203
0.34800000000000025,-0.2294342595006459,-2.0175417834084235,0.007715775709627431,9.81007865261828
0.35000000000000026,-0.23339234776113502,-1.9790441302446018,0.00762280408943726,9.810081389798817
0.35200000000000026,-0.2372743684740399,-1.941010356452454,0.007530668320114498,9.810084119852513
0.35400000000000026,-0.24108124105719353,-1.9034362915767986,0.007439367179081113,9.8100868407944
0.35600000000000026,-0.2448138765997185,-1.8663177712624743,0.007348899158375988,9.810089550726296
0.35800000000000026,-0.24847317787707499,-1.8296506386782494,0.007259262479565209,9.810092247834309
0.36000000000000026,-0.2520600393688076,-1.7934307458663394,0.007170455108012317,9.810094930386393
0.36200000000000027,-0.2555753472788491,-1.757653955020726,0.007082474766535063,9.810097596729964
0.36400000000000027,-0.25901997955824374,-1.7223161396973286,0.006995318948473845,9.810100245289567
0.36600000000000027,-0.2623948059301618,-1.687413185958973,0.00690898493019634,9.810102874564596
0.36800000000000027,-0.26570068791707774,-1.6529409934579795,0.006823469783061711,9.810105483127064
0.3700000000000003,-0.2689384788699958,-1.6188954764590409,0.006738770384866435,9.810108069619435
0.3720000000000003,-0.27210902399960574,-1.5852725648049977,0.006654883430793564,9.81011063275249
0.3740000000000003,-0.27521316040926175,-1.5520682048279864,0.006571805443885838,9.810113171303257
0.3760000000000003,-0.2782517171296784,-1.5192783602083264,0.006489532785062313,9.81011568411298
0.3780000000000003,-0.2812255151552453,-1.486899012783434,0.006408061662697622,9.81011817008514
0.3800000000000003,-0.28413536748186313,-1.4549261633089345,0.006327388141781767,9.810120628183528
0.3820000000000003,-0.28698207914621127,-1.423355832174082,0.0062475081526781225,9.81012305743036
0.3840000000000003,-0.2897664472663582,-1.39218406007347,0.006168417499496055,9.810125456904432
0.3860000000000003,-0.2924892610836321,-1.361406908636973,0.006090111868094343,9.810127825739325
0.3880000000000003,-0.29515130200567163,-1.3310204610197593,0.006012586833730812,9.810130163121665
0.3900000000000003,-0.2977533436505799,-1.301020822454126,0.005935837868372549,9.8101324682894
0.3920000000000003,-0.3002961518921097,-1.2714041207648665,0.0058598603476812516,9.810134740530145
0.3940000000000003,-0.3027804849058092,-1.2421665068497845,0.005784649557686955,9.81013697917956
0.3960000000000003,-0.305207093216063,-1.2133041551269104,0.005710200701163227,9.81013918361976
0.3980000000000003,-0.3075767197439628,-1.184813263949904,0.005636508903716203,9.810141353277771
0.4000000000000003,-0.309890099855949,-1.156690055993081,0.005563569219599475,9.810143487624034
0.4020000000000003,-0.31214796141316375,-1.1289307786074245,0.00549137663726622,9.810145586170934
0.4040000000000003,-0.3143510248214615,-1.1015317041488968,0.005419926084669634,9.810147648471375
0.4060000000000003,-0.31650000308202214,-1.0744891302802957,0.005349212434321959,9.810149674117385
0.4080000000000003,-0.3185956018425179,-1.047799380247882,0.00527923050812251,9.810151662738763
0.4100000000000003,-0.32063851944878585,-1.0214588031339096,0.0052099750819641945,9.810153614001763
0.4120000000000003,-0.32262944699695817,-0.9954637740861707,0.0051414408901277135,9.8101555276078
0.4140000000000003,-0.3245690683860094,-0.9698106945256212,0.005073622629472665,9.810157403292209
0.4160000000000003,-0.32645806037067565,-0.9444959923330927,0.005006514963433668,9.810159240823019
0.4180000000000003,-0.3282970926147078,-0.9195161220160679,0.004940112525830076,9.810161039999775
0.4200000000000003,-0.3300868277444207,-0.8948675648564343,0.004874409924496672,9.810162800652375
0.4220000000000003,-0.331827921402501,-0.8705468290401492,0.004809401744743527,9.810164522639953
0.4240000000000003,-0.33352102230204017,-0.846550449769614,0.0047450825526514084,9.81016620584979
0.4260000000000003,-0.3351667722807594,-0.8228749893596209,0.004681446898210411,9.81016785019624
0.4280000000000003,-0.33676580635539477,-0.7995170373176415,0.004618489318307942,9.810169455619711
0.4300000000000003,-0.33831875277621315,-0.7764732104091989,0.004556204339572658,9.810171022085644
0.43200000000000033,-0.3398262330816313,-0.7537401527090509,0.004494586481080302,9.81017254958355
0.43400000000000033,-0.3412888621529091,-0.73131453563888,0.0044336302569274715,9.810174038126053
0.43600000000000033,-0.3427072482688933,-0.7091930579921358,0.004373330178678695,9.810175487747966
0.43800000000000033,-0.34408199316078664,-0.6873724459466661,0.004313680757692395,9.810176898505393
0.44000000000000034,-0.34541369206691813,-0.6658494530657444,0.004254676507330676,9.810178270474857
0.44200000000000034,-0.34670293378749434,-0.6446208602880795,0.0041963119450582,9.810179603752456
0.44400000000000034,-0.34795030073930905,-0.6236834759073397,0.004138581594434436,9.810180898453035
0.44600000000000034,-0.3491563690103925,-0.6030341355417411,0.004081479987004187,9.810182154709388
0.44800000000000034,-0.3503217084145809,-0.5826697020942141,0.004025001664090727,9.810183372671478
0.45000000000000034,-0.35144688254598805,-0.5625870657036013,0.003969141178495356,9.810184552505692
0.45200000000000035,-0.3525324488333629,-0.5427831436874018,0.003913893096107953,9.810185694394095
0.45400000000000035,-0.3535789585943158,-0.5232548804764554,0.0038592519974317415,9.81018679853373
0.45600000000000035,-0.35458695708939986,-0.5039992475420334,0.00380521247902645,9.810187865135925
0.45800000000000035,-0.35555698357603144,-0.48501324331572904,0.003751769154873158,9.81018889442562
0.46000000000000035,-0.35648957136223636,-0.4662938931025275,0.0036989166576641263,9.810189886640723
0.46200000000000035,-0.3573852478602113,-0.44783824898745206,0.003646649640021116,9.81019084203148
0.46400000000000036,-0.35824453463968353,-0.4296433897361215,0.003594962775644973,9.810191760859853
0.46600000000000036,-0.3590679474810626,-0.41170642068958163,0.0035438507603998025,9.810192643398945
0.46800000000000036,-0.35985599642837,-0.3940244736537209,0.0034933083133343,9.810193489932415
0.47000000000000036,-0.36060918584193724,-0.37659470678358925,0.003443330177643103,9.810194300753919
0.47200000000000036,-0.36132801445086304,-0.3594143044629233,0.0033939111215707434,9.810195076166577
0.47400000000000037,-0.3620129754052214,-0.3424804771791624,0.0033450459392608146,9.810195816482446
0.47600000000000037,-0.3626645563280099,-0.3257904613942263,0.003296729451552621,9.81019652202202
0.47800000000000037,-0.3632832393668326,-0.3093415194113136,0.003248956506727657,9.810197193113728
0.48000000000000037,-0.36386950124530865,-0.2931309392379853,0.0032017219812082408,9.81019783009347
0.4820000000000004,-0.3644238133142001,-0.2771560344457508,0.0031550207802101917,9.810198433304151
0.4840000000000004,-0.3649466416022529,-0.2614141440264081,0.0031088478383518776,9.81019900309524
0.4860000000000004,-0.36543844686674354,-0.24590263224534012,0.0030631981202213633,9.810199539822339
0.4880000000000004,-0.3658996846437275,-0.23061888849197826,0.0030180666209035237,9.810200043846756
0.4900000000000004,-0.3663308052979828,-0.2155603271276465,0.0029734483664691307,9.81020051553512
0.4920000000000004,-0.36673225407264465,-0.20072438733094924,0.0029293384144272734,9.810200955258978
0.4940000000000004,-0.3671044711385265,-0.18610853294091576,0.0028857318541431615,9.810201363394421
0.4960000000000004,-0.3674478916431227,-0.17171025229805414,0.0028426238072225395,9.810201740321729
0.4980000000000004,-0.3677629457592896,-0.1575270580834885,0.002800009427864422,9.810202086424997
0.5000000000000003,-0.36805005873360225,-0.14355648715633573,0.002757883903183569,9.810202402091827
0.5020000000000003,-0.3683096509343813,-0.12979610038947162,0.002716242453503927,9.810202687712968
0.5040000000000003,-0.3685421378993889,-0.11624348250383747,0.002675080332624641,9.81020294368202
0.5060000000000003,-0.3687479303831917,-0.10289624190141324,0.002634392828059654,9.810203170395123
0.5080000000000003,-0.3689274344041857,-0.08975201049699834,0.0025941752612522397,9.81020336825066
0.5100000000000003,-0.3690810512912836,-0.07680844354892896,0.0025544229877657015,9.81020353764897
0.5120000000000003,-0.36920917773026124,-0.06406321948882823,0.0025151313974510763,9.810203678992082
0.5140000000000003,-0.3693122058097623,-0.05151403975052978,0.002476295914593249,9.81020379268344
0.5160000000000003,-0.36939052306695885,-0.03915862859828024,0.0024379119980364036,9.810203879127661
0.5180000000000003,-0.3694445125328675,-0.02699473295429346,0.002399975141289555,9.810203938730274
0.5200000000000004,-0.369474552777319,-0.015020122225799666,0.0023624808726134734,9.810203971897499
0.5220000000000004,-0.3694810179535823,-0.0032325881316502573,0.0023254247550896627,9.810203979036007
0.5240000000000004,-0.3694642778426396,0.008370055471416357,0.002288802386672357,9.810203960552712
0.5260000000000004,-0.369424697897114,0.019789972762778142,0.002252609400224176,9.81020391685455
0.5280000000000004,-0.36936263928484986,0.03102930613209791,0.002216841463536626,9.810203848348284
0.5300000000000004,-0.3692784589321427,0.04209017635359925,0.002181494279335808,9.810203755440309
0.5320000000000004,-0.3691725095666219,0.05297468276038124,0.0021465635852741106,9.810203638536462
0.5340000000000004,-0.36904513975978454,0.06368490341866889,0.0021120451539090052,9.810203498041847
0.5360000000000004,-0.36889669396918057,0.0742228953019816,0.00207793479266895,9.810203334360656
0.5380000000000004,-0.36872751258025027,0.08459069446511557,0.002044228343807578,9.810203147896015
0.5400000000000004,-0.3685379319478144,0.09479031621790444,0.002010921684346524,9.810202939049818
0.5420000000000004,-0.36832828443721705,0.10482375529869324,0.0019780107260075463,9.810202708222572
0.5440000000000004,-0.36809889846512217,0.11469298604747422,0.0019454914151344157,9.810202455813268
0.5460000000000004,-0.3678500985399649,0.12439996257863281,0.0019133597326052854,9.810202182219223
0.5480000000000004,-0.36758220530205843,0.1339466189532538,0.0018816116937359086,9.810201887835966
0.5500000000000004,-0.3672955355633565,0.14333486935094872,0.001850243348174183,9.810201573057093
0.5520000000000004,-0.36699040234687413,0.15256660824115498,0.0018192507797866262,9.810201238274164
0.5540000000000004,-0.3666671149257665,0.1616437105538677,0.0017886301065370845,9.810200883876574
0.5560000000000004,-0.36632597886206697,0.1705680318497698,0.0017583774803581413,9.81020051025145
0.5580000000000004,-0.36596729604508754,0.1793414084897142,0.001728489087015784,9.810200117783548
0.5600000000000004,-0.36559136472948045,0.18796565780354016,0.0016989611459674327,9.810199706855148
0.5620000000000004,-0.36519847957296414,0.1964425782581682,0.001669789910214087,9.81019927784596
0.5640000000000004,-0.3647889316737142,0.2047739496249728,0.0016409716661464615,9.810198831133048
0.5660000000000004,-0.36436300860742143,0.21296153314637195,0.0016125027333860065,9.81019836709072
0.5680000000000004,-0.3639209944640181,0.22100707170163866,0.001584379464620641,9.81019788609047
0.5700000000000004,-0.3634631698840744,0.22891228997188076,0.0015565982454359018,9.81019738850089
0.5720000000000004,-0.36298981209486597,0.23667889460418298,0.001529155494141537,9.810196874687604
0.5740000000000004,-0.36250119494611627,0.24430857437488374,0.0015020476615940216,9.810196345013194
0.5760000000000004,-0.36199758894541223,0.2518030003519668,0.0014752712310151092,9.81019579983714
0.5780000000000004,-0.36147926129329916,0.2591638260565434,0.0014488227178068662,9.810195239515764
0.5800000000000004,-0.3609464759180523,0.26639268762342366,0.0014226986693631444,9.810194664402166
0.5820000000000004,-0.36039949351013084,0.27349120396072946,0.0013968956648781421,9.810194074846176
0.5840000000000004,-0.3598385715563137,0.2804609769085648,0.0013714103151519484,9.810193471194303
0.5860000000000004,-0.3592639643735203,0.2873035913967135,0.001346239262393396,9.81019285378969
0.5880000000000004,-0.35867592314231767,0.29402061560135395,0.0013213791800204128,9.810192222972073
0.5900000000000004,-0.35807469594011615,0.3006136011007699,0.0012968267724582441,9.810191579077738
0.5920000000000004,-0.357460527774056,0.30708408303006707,0.0012725787749353857,9.810190922439487
0.5940000000000004,-0.3568336606135863,0.3134335802348623,0.0012486319532777567,9.810190253386606
0.5960000000000004,-0.3561943334227384,0.3196635954239476,0.0012249831037010848,9.810189572244832
0.5980000000000004,-0.3555427821920965,0.32577561532092153,0.001201629052601739,9.810188879336327
0.6000000000000004,-0.35487923997046694,0.3317711108147723,0.0011785666563461296,9.81018817497965
0.6020000000000004,-0.3542039368962482,0.33765153710941403,0.0011557928010589012,9.810187459489741
0.6040000000000004,-0.3535171002285038,0.34341833387216647,0.0011333044024098935,9.810186733177892
0.6060000000000004,-0.3528189543777414,0.34907292538116697,0.0011110984054002997,9.810185996351736
0.6080000000000004,-0.35210972093639803,0.3546167206717176,0.0010891717841478776,9.81018524931523
0.6100000000000004,-0.3513896187090349,0.36005111368156567,0.0010675215416713632,9.810184492368643
0.6120000000000004,-0.3506588637422447,0.3653774833950983,0.0010461447096744543,9.81018372580854
0.6140000000000004,-0.34991766935427177,0.37059719398647123,0.0010250383483291397,9.81018294992778
0.6160000000000004,-0.34916624616434844,0.375711594961652,0.0010041995460586756,9.810182165015506
0.6180000000000004,-0.3484048021217498,0.38072202129936833,0.000983625419320469,9.810181371357139
0.6200000000000004,-0.3476335425345678,0.38562979359099436,0.000963313112388414,9.810180569234376
0.6220000000000004,-0.3468526700982091,0.39043621817933744,0.0009432597971354628,9.810179758925193
0.6240000000000004,-0.34606238492361646,0.3951425872963386,0.0009234626728160597,9.810178940703834
0.6260000000000004,-0.34526288456521703,0.3997501791996969,0.0009039189658485861,9.810178114840825
0.6280000000000004,-0.34445436404860014,0.4042602583084014,0.0008846259295980929,9.810177281602975
0.6300000000000004,-0.3436370158979257,0.4086740753371786,0.0008655808441591969,9.810176441253374
0.6320000000000005,-0.3428110301630661,0.41299286742986663,0.000846781016139205,9.81017559405141
0.6340000000000005,-0.3419765944464827,0.4172178582916886,0.0008282237784418061,9.810174740252767
0.6360000000000005,-0.3411338939298418,0.42135025832046435,0.000809906490051031,9.810173880109446
0.6380000000000005,-0.34028311140036827,0.42539126473673555,0.0007918265358157458,9.810173013869761
0.6400000000000005,-0.33942442727694266,0.42934206171282047,0.0007739813262347198,9.81017214177837
0.6420000000000005,-0.33855801963594107,0.4332038205007888,0.0007563682972422936,9.810171264076265
0.6440000000000005,-0.3376840642368223,0.43697769955938004,0.0007389849099946723,9.810170381000807
0.6460000000000005,-0.3368027345474626,0.44066484467983497,0.0007218286506570576,9.810169492785732
0.6480000000000005,-0.33591420176924125,0.44426638911068655,0.0007048970301913628,9.810168599661166
0.6500000000000005,-0.3350186348618782,0.4477834536814812,0.0006881875841447879,9.810167701853647
0.6520000000000005,-0.33411620056802743,0.4512171469254401,0.0006716978724393627,9.810166799586138
0.6540000000000005,-0.33320706343762524,0.45456856520108885,0.0006554254791620679,9.810165893078056
0.6560000000000005,-0.3322913858519997,0.457838792812816,0.000639368012356244,9.810164982545276
0.6580000000000005,-0.3313693280477388,0.46102890213040887,0.0006235231038136443,9.810164068200171
0.6600000000000005,-0.3304410481403237,0.4641399537075415,0.0006078884088677027,9.81016315025162
0.6620000000000005,-0.3295067021475252,0.4671729963992439,0.0005924616061875349,9.810162228905035
0.6640000000000005,-0.3285664440125686,0.47012906747832317,0.0005772403975733168,9.810161304362383
0.6660000000000005,-0.327620425627067,0.4730091927507818,0.0005622225077524783,9.810160376822212
0.6680000000000005,-0.3266687968537265,0.4758143866702134,0.0005474056841770708,9.810159446479677
0.6700000000000005,-0.32571170554882406,0.4785456524511841,0.0005327876968222742,9.81015851352656
0.6720000000000005,-0.3247492975844608,0.4812039821816125,0.0005183663379859952,9.810157578151296
0.6740000000000005,-0.32378171687059254,0.483790356934146,0.0005041394220896825,9.810156640539004
0.6760000000000005,-0.32280910537683943,0.4863057468765459,0.0004901047854802797,9.81015570087151
0.6780000000000005,-0.32183160315407733,0.4887511113810897,0.00047626028623331314,9.810154759327377
0.6800000000000005,-0.3208493483558113,0.4911273991329792,0.00046260380395728943,9.81015381608193
0.6820000000000005,-0.31986247725933575,0.49343554823777974,0.00044913323959934037,9.810152871307283
0.6840000000000005,-0.31887112428667996,0.4956764863278891,0.00043584651525196364,9.81015192517237
0.6860000000000005,-0.31787542202534386,0.49785113066804254,0.0004227415739611277,9.810150977842977
0.6880000000000005,-0.31687550124882413,0.4999603882598573,0.0004098163795356411,9.81015002948176
0.6900000000000005,-0.31587149093693323,0.5020051559454344,0.0003970689163576655,9.810149080248287
0.6920000000000005,-0.31486351829591325,0.503986320510002,0.0003844971891947052,9.81014813029906
0.6940000000000005,-0.31385170877834595,0.5059047587836313,0.00037209922301272274,9.810147179787549
0.6960000000000005,-0.31283618610286196,0.5077613377420109,0.00035987306279072415,9.81014622886422
0.6980000000000005,-0.31181707227364935,0.50955691460631,0.0003478167733363966,9.810145277676565
0.7000000000000005,-0.31079448759976513,0.511292336942104,0.00033592843910333365,9.81014432636913
0.7020000000000005,-0.30976855071425025,0.5129684427574049,0.0003242061640093439,9.810143375083559
0.7040000000000005,-0.3087393785930507,0.5145860605997724,0.00031264807125627736,9.810142423958606
0.7060000000000005,-0.30770708657374557,0.5161460096525351,0.0003012523031509862,9.81014147313018
0.7080000000000005,-0.3066717883740854,0.5176490998301104,0.00029001702092777346,9.810140522731372
0.7100000000000005,-0.3056335961103406,0.5190961318724435,0.0002789404045721146,9.810139572892481
0.7120000000000005,-0.3045926203154634,0.5204878974385677,0.00026802065264562407,9.810138623741059
0.7140000000000005,-0.3035489699570648,0.5218251791992885,0.00025725598211249687,9.810137675401926
0.7160000000000005,-0.30250275245520686,0.5231087509290009,0.00024664462816721515,9.810136727997213
0.7180000000000005,-0.3014540737000134,0.5243393775966546,0.00023618484406350004,9.81013578164639
0.7200000000000005,-0.3004030380691018,0.5255178154558541,0.00022587490094479364,9.810134836466295
0.7220000000000005,-0.2993497484448335,0.5266448121341194,0.00021571308767589278,9.810133892571173
0.7240000000000005,-0.2982943062313915,0.5277211067213103,0.00020569771067606,9.8101329500727
0.7260000000000005,-0.2972368113716771,0.5287474298572098,0.00019582709375315366,9.81013200908002
0.7280000000000005,-0.2961773623640406,0.5297245038182872,0.00018609957793962965,9.810131069699768
0.7300000000000005,-0.2951160562788333,0.5306530426036367,0.00017651352132933874,9.810130132036113
0.7320000000000005,-0.2940529887747931,0.53153375202011,0.0001670672989158798,9.81012919619078
0.7340000000000005,-0.29298825411525975,0.53236732976663,0.0001577593024323044,9.810128262263095
0.7360000000000005,-0.2919219451842243,0.5331544655177164,0.00014858794019202096,9.810127330349994
0.7380000000000005,-0.29085415350221194,0.5338958410062102,0.0001395516369310885,9.810126400546073
0.7400000000000005,-0.2897849692420016,0.5345921301052189,0.00013064883365171767,9.810125472943616
0.7420000000000005,-0.288714481244183,0.5352439989092723,0.00012187798746720636,9.810124547632618
0.7440000000000005,-0.2876427770325536,0.5358521058147079,0.00011323757144809498,9.810123624700827
0.7460000000000006,-0.286569942829355,0.5364171015992902,0.00010472607446958965,9.81012270423376
0.7480000000000006,-0.28549606357035284,0.5369396295010688,9.63420010603195e-05,9.810121786314754
0.7500000000000006,-0.2844212229197599,0.5374203252964773,8.808387125236634e-05,9.810120871024976
0.7520000000000006,-0.2833455032850045,0.5378598173776914,7.995022043250349e-05,9.810119958443467
0.7540000000000006,-0.282268985831346,0.5382587268292376,7.193959919481446e-05,9.810119048647168
0.7560000000000006,-0.2811917504963383,0.5386176675038727,6.405057319446277e-05,9.810118141710948
0.7580000000000006,-0.28011387600414284,0.5389372460977274,5.6281723002788754e-05,9.810117237707638
0.7600000000000006,-0.27903543987969337,0.539218062224733,4.863164396361891e-05,9.810116336708058
0.7620000000000006,-0.2779565184627128,0.5394607084903253,4.109894605086508e-05,9.810115438781045
0.7640000000000006,-0.2768771869215838,0.5396657705644459,3.3682253727237293e-05,9.810114543993489
0.7660000000000006,-0.27579751926707613,0.5398338272538281,2.6380205804394687e-05,9.810113652410353
0.7680000000000006,-0.27471758836592897,0.5399654505735905,1.9191455304134672e-05,9.810112764094711
0.7700000000000006,-0.2736374659542927,0.5400612058181462,1.2114669320786864e-05,9.810111879107769
0.7720000000000006,-0.27255722265102994,0.5401216516314072,5.148528885013e-06,9.8101109975089
0.7740000000000006,-0.2714769279708773,0.5401473400763244,-1.7082711714017443e-06,9.810110119355667
0.7760000000000006,-0.2703966503374698,0.5401388167037509,-8.45702234949803e-06,9.810109244703856
0.7780000000000006,-0.2693164570962286,0.5400966206206256,-1.5099002615807065e-05,9.810108373607502
0.7800000000000006,-0.26823641452711355,0.5400212845575122,-2.1635476534052553e-05,9.810107506118914
0.7820000000000006,-0.2671565878572426,0.5399133349354663,-2.806769539544316e-05,9.810106642288705
0.7840000000000006,-0.2660770412733781,0.5397732919322602,-3.4396897347955396e-05,9.810105782165822
0.7860000000000006,-0.26499783793428217,0.5396016695479597,-4.0624307524442065e-05,9.810104925797567
0.7880000000000006,-0.26391903998294247,0.5393989756698649,-4.67511381695325e-05,9.81010407322963
0.7900000000000006,-0.2628407085586688,0.5391657121368123,-5.277858876546939e-05,9.81010322450611
0.7920000000000006,-0.26176290380906314,0.5389023748028575,-5.870784615679119e-05,9.810102379669546
0.7940000000000006,-0.26068568490186245,0.538609453600324,-6.454008467380971e-05,9.810101538760938
0.7960000000000006,-0.2596091100366579,0.5382874326022484,-7.027646625513886e-05,9.81010070181978
0.7980000000000006,-0.25853323645648946,0.5379367900842074,-7.591814056897e-05,9.810099868884079
0.8000000000000006,-0.2574581204593184,0.5375579985855365,-8.146624513327531e-05,9.810099039990385
0.8020000000000006,-0.2563838174093785,0.5371515249699557,-8.692190543497288e-05,9.81009821517381
0.8040000000000006,-0.25531038174840726,0.5367178304856014,-9.228623504801709e-05,9.81009739446806
0.8060000000000006,-0.2542378670067583,0.5362573708244639,-9.7560335750339e-05,9.810096577905457
0.8080000000000006,-0.25316632581439585,0.5357705961812377,-0.00010274529763970933,9.81009576551696
0.8100000000000006,-0.2520958099117726,0.535257951311608,-0.00010784219924870123,9.810094957332193
0.8120000000000006,-0.2510263701605927,0.5347198755899515,-0.00011285210765841439,9.810094153379472
0.8140000000000006,-0.24995805655445985,0.5341568030664701,-0.00011777607861122603,9.810093353685819
0.8160000000000006,-0.24889091822941234,0.5335691625237681,-0.0001226151566225712,9.81009255827699
0.8180000000000006,-0.2478250034743466,0.5329573775328719,-0.00012737037509161653,9.810091767177504
0.8200000000000006,-0.24676035974132926,0.5323218665086856,-0.00013204275641089547,9.810090980410658
0.8220000000000006,-0.24569703365579942,0.5316630427649163,-0.0001366333120750374,9.810090197998553
0.8240000000000006,-0.24463507102666252,0.5309813145684472,-0.00014114304278842107,9.810089419962114
0.8260000000000006,-0.24357451685627615,0.5302770851931707,-0.0001455729385717872,9.810088646321116
0.8280000000000006,-0.24251541535032958,0.529550752973302,-0.0001499239788680315,9.810087877094203
0.8300000000000006,-0.24145780992761723,0.5288027113561513,-0.0001541971326468345,9.810087112298909
0.8320000000000006,-0.2404017432297085,0.5280333489543791,-0.00015839335850837116,9.810086351951679
0.8340000000000006,-0.239347257130513,0.5272430495977368,-0.0001625136047861426,9.810085596067896
0.8360000000000006,-0.23829439274574438,0.5264321923842945,-0.0001665588096487862,9.810084844661894
0.8380000000000006,-0.23724319044228212,0.5256011517311504,-0.0001705299012008778,9.810084097746982
0.8400000000000006,-0.23619368984743283,0.5247502974246556,-0.0001744277975829732,9.810083355335468
0.8420000000000006,-0.2351459298580926,0.5238799946701183,-0.00017825340707048123,9.810082617438667
0.8440000000000006,-0.23409994864981057,0.5229906041410358,-0.00018200762817184666,9.810081884066937
0.8460000000000006,-0.233055783685755,0.5220824820278199,-0.00018569134972563038,9.810081155229687
0.8480000000000006,-0.23201347172558287,0.5211559800860467,-0.00018930545099680313,9.8100804309354
0.8500000000000006,-0.23097304883421438,0.5202114456842227,-0.00019285080177205462,9.810079711191653
0.8520000000000006,-0.22993455039051225,0.5192492218510811,-0.0001963282624542987,9.810078996005132
0.8540000000000006,-0.2288980110958675,0.5182696473223947,-0.00019973868415619836,9.810078285381657
0.8560000000000006,-0.22786346498269278,0.5172730565873304,-0.00020308290879283465,9.810077579326192
0.8580000000000007,-0.22683094542282403,0.5162597799343487,-0.00020636176917361321,9.810076877842873
0.8600000000000007,-0.22580048513583081,0.5152301434966281,-0.00020957608909315337,9.810076180935017
0.8620000000000007,-0.22477211619723675,0.5141844692970444,-0.00021272668342138014,9.810075488605142
0.8640000000000007,-0.22374587004665136,0.5131230752927027,-0.00021581435819280521,9.810074800854988
0.8660000000000007,-0.22272177749581334,0.5120462754190219,-0.00021883991069493545,9.81007411768553
0.8680000000000007,-0.2216998687365466,0.5109543796333762,-0.00022180412955582606,9.810073439096998
0.8700000000000007,-0.22068017334862997,0.5098476939583001,-0.00022470779483085151,9.81007276508889
0.8720000000000007,-0.21966272030758147,0.5087265205242647,-0.0002275516780886177,9.81007209565999
0.8740000000000007,-0.21864753799235742,0.5075911576120206,-0.00023033654249610472,9.810071430808387
0.8760000000000007,-0.21763465419296843,0.5064418996945176,-0.00023306314290294592,9.810070770531485
0.8780000000000007,-0.21662409611801164,0.5052790374784026,-0.0002357322259249582,9.810070114826026
0.8800000000000007,-0.2156158904021215,0.5041028579451028,-0.0002383445300268329,9.8100694636881
0.8820000000000007,-0.21461006311333847,0.5029136443914983,-0.0002409007856041482,9.810068817113159
0.8840000000000007,-0.21360663976039812,0.5017116764701773,-0.00024340171506441986,9.81006817509604
0.8860000000000007,-0.21260564529993958,0.5004972302292969,-0.00024584803290757587,9.810067537630973
0.8880000000000007,-0.21160710414363545,0.49927057815203774,-0.0002482404458055759,9.810066904711594
0.8900000000000007,-0.21061104016524412,0.4980319891956562,-0.0002505796526812015,9.810066276330966
0.8920000000000007,-0.20961747670758382,0.4967817288301563,-0.0002528663447862699,9.81006565248159
0.8940000000000007,-0.20862643658943075,0.495520059076558,-0.0002551012057789414,9.81006503315542
0.8960000000000007,-0.2076379421123412,0.4942472385447873,-0.00025728491180038865,9.810064418343869
0.8980000000000007,-0.2066520150673989,0.49296352247118314,-0.0002594181315506844,9.810063808037835
0.9000000000000007,-0.20566867674188763,0.49166916275562206,-0.00026150152636398184,9.81006320222771
0.9020000000000007,-0.20468794792589112,0.4903644079982721,-0.00026353575028297514,9.810062600903384
0.9040000000000007,-0.2037098489188192,0.48904950353597665,-0.00026552145013272223,9.81006200405427
0.9060000000000007,-0.20273439953586267,0.4877246914782579,-0.00026745926559355437,9.810061411669315
0.9080000000000007,-0.20176161911437673,0.4863902107429737,-0.00026934982927355206,9.810060823737002
0.9100000000000007,-0.20079152652019355,0.48504629709159836,-0.00027119376678011887,9.81006024024538
0.9120000000000007,-0.1998241401538652,0.4836931831641597,-0.0002729916967910461,9.81005966118205
0.9140000000000007,-0.1988594779568376,0.48233109851380523,-0.0002747442311246875,9.81005908653421
0.9160000000000007,-0.19789755741755552,0.4809602696410336,-0.00027645197480966575,9.81005851628864
0.9180000000000007,-0.19693839557750042,0.47958092002756575,-0.0002781155261537497,9.810057950431725
0.9200000000000007,-0.19598200903716062,0.47819327016988766,-0.00027973547681225085,9.810057388949463
0.9220000000000007,-0.19502841396193576,0.47679753761243543,-0.0002813124118555667,9.810056831827483
0.9240000000000007,-0.19407762608797485,0.4753939369804502,-0.0002828469098361706,9.81005627905104
0.9260000000000007,-0.19312966072794982,0.4739826800125039,-0.00028433954285500464,9.810055730605047
0.9280000000000007,-0.19218453277676442,0.47256397559268404,-0.00028579087662712003,9.810055186474067
0.9300000000000007,-0.19124225671719944,0.47113802978245817,-0.0002872014705467786,9.810054646642335
0.9320000000000007,-0.19030284662549501,0.4697050458522156,-0.0002885718777519454,9.810054111093763
0.9340000000000007,-0.18936631617687008,0.4682652243124756,-0.00028990264518802527,9.810053579811953
0.9360000000000007,-0.18843267865098048,0.4668187629447869,-0.00029119431367111235,9.810053052780205
0.9380000000000007,-0.18750194693731587,0.46536585683231474,-0.000292447417950612,9.810052529981526
0.9400000000000007,-0.18657413354053565,0.46390669839010257,-0.0002936624867711773,9.810052011398637
0.9420000000000007,-0.18564925058574555,0.46244147739503905,-0.0002948400429341755,9.810051497013994
0.9440000000000007,-0.18472730982371455,0.46097038101550986,-0.00029598060335845645,9.810050986809783
0.9460000000000007,-0.18380832263603303,0.4594935938407486,-0.0002970846791405914,9.810050480767936
0.9480000000000007,-0.18289230004021328,0.4580112979098859,-0.000298152775614487,9.810049978870143
0.9500000000000007,-0.18197925269473184,0.45652367274069966,-0.00029918539241043443,9.810049481097849
0.9520000000000007,-0.1810691909040157,0.45503089535807917,-0.00030018302351363796,9.810048987432278
0.9540000000000007,-0.1801621246233713,0.45353314032218983,-0.0003011461573221583,9.810048497854432
0.9560000000000007,-0.17925806346385864,0.45203057975634303,-0.00030207527670417147,9.810048012345096
0.9580000000000007,-0.17835701669710946,0.4505233833745957,-0.000302970859054885,9.810047530884855
0.9600000000000007,-0.17745899326009135,0.44901171850905525,-0.0003038333763527657,9.810047053454097
0.9620000000000007,-0.17656400175981754,0.44749575013690235,-0.0003046632952151927,9.810046580033026
0.9640000000000007,-0.17567205047800324,0.4459756409071458,-0.00030546107695372197,9.81004611060166
0.9660000000000007,-0.17478314737566908,0.4444515511670904,-0.00030622717762864016,9.810045645139844
0.9680000000000007,-0.173897300097692,0.4429236389885416,-0.0003069620481031257,9.81004518362726
0.9700000000000008,-0.1730145159773045,0.4413920601937376,-0.00030766613409683157,9.81004472604343
0.9720000000000008,-0.1721348020405425,0.4398569683810072,-0.0003083398762388856,9.810044272367724
0.9740000000000008,-0.1712581650106422,0.43831851495017443,-0.0003089837101205063,9.810043822579374
0.9760000000000008,-0.1703846113123868,0.436776849127689,-0.0003095980663469647,9.810043376657463
0.9780000000000008,-0.16951414707640375,0.4352321179915135,-0.0003101833705892133,9.810042934580949
0.9800000000000008,-0.1686467781434123,0.43368446649573206,-0.0003107400436347949,9.81004249632867
0.9820000000000008,-0.16778251006842246,0.4321340374949203,-0.0003112685014384324,9.810042061879336
0.9840000000000008,-0.1669213481248859,0.43058097176826315,-0.00031176915517209733,9.810041631211556
0.9860000000000008,-0.16606329730879912,0.4290254080434105,-0.0003122424112744857,9.810041204303825
0.9880000000000008,-0.16520836234275887,0.42746748302010107,-0.0003126886715001708,9.810040781134543
0.9900000000000008,-0.1643565476799718,0.4259073313935243,-0.00031310833296805795,9.810040361682015
0.9920000000000008,-0.16350785750821686,0.4243450858774617,-0.0003135017882096658,9.810039945924457
0.9940000000000008,-0.1626622957537625,0.4227808772271659,-0.0003138694252166445,9.810039533840007
0.9960000000000008,-0.16181986608523846,0.4212148342620191,-0.0003142116274880346,9.81003912540672
0.9980000000000008,-0.1609805719174626,0.4196470838879413,-0.00031452877407689515,9.810038720602584
1.0000000000000007,-0.16014441641522376,0.41807775111957884,-0.0003148212396366142,9.810038319405525
1.0020000000000007,-0.15931140249701925,0.4165069591022548,-0.0003150893944667884,9.810037921793398
1.0040000000000007,-0.15848153283875185,0.4149348291336964,-0.00031533360455848064,9.810037527744011
1.0060000000000007,-0.15765480987738084,0.4133614806855238,-0.0003155542316391506,9.81003713723512
1.0080000000000007,-0.15683123581453176,0.411787031424531,-0.00031575163321719,9.810036750244436
1.0100000000000007,-0.15601081262006433,0.41021159723372863,-0.00031592616262586266,9.810036366749621
1.0120000000000007,-0.1551935420355979,0.40863529223318584,-0.0003160781690670529,9.810035986728312
1.0140000000000007,-0.15437942557799664,0.40705822880063885,-0.0003162079976543582,9.810035610158108
1.0160000000000007,-0.15356846454281287,0.4054805175918829,-0.00031631598945580305,9.810035237016585
1.0180000000000007,-0.1527606600076909,0.403902267560969,-0.0003164024815363086,9.81003486728129
1.0200000000000007,-0.15195601283573054,0.40232358598017215,-0.00031646780699952966,9.810034500929756
1.0220000000000007,-0.151154523678811,0.4007445784597511,-0.0003165122950293444,9.810034137939505
1.0240000000000007,-0.150356192980876,0.3991653489675151,-0.00031653627093103636,9.81003377828804
1.0260000000000007,-0.14956102098117963,0.3975859998481693,-0.0003165400561719392,9.81003342195286
1.0280000000000007,-0.1487690077174947,0.3960066318424674,-0.0003165239684217499,9.810033068911471
1.0300000000000007,-0.14798015302928236,0.3944273441061559,-0.0003164883215924109,9.810032719141368
1.0320000000000007,-0.14719445656082494,0.3928482342287311,-0.0003164334258776843,9.810032372620059
1.0340000000000007,-0.14641191776432091,0.39126939825198337,-0.0003163595877922207,9.810032029325056
1.0360000000000007,-0.14563253590294423,0.3896909306883546,-0.0003162671102102622,9.810031689233888
1.0380000000000007,-0.144856310053866,0.3881129245391064,-0.000316156292404079,9.810031352324094
1.0400000000000007,-0.14408323911124143,0.38653547131229243,-0.0003160274300819362,9.810031018573238
1.0420000000000007,-0.14331332178916042,0.3849586610405309,-0.00031588081542558225,9.810030687958903
1.0440000000000007,-0.14254655662456317,0.3833825822986131,-0.0003157167371276382,9.810030360458697
1.0460000000000007,-0.14178294198012137,0.38180732222090114,-0.0003155354804283087,9.810030036050259
1.0480000000000007,-0.14102247604708423,0.3802329665185627,-0.0003153373271520118,9.810029714711256
1.0500000000000007,-0.14026515684809102,0.3786595994966118,-0.00031512255574347656,9.810029396419395
1.0520000000000007,-0.13951098223994948,0.3770873040707641,-0.0003148914413034368,9.810029081152418
1.0540000000000007,-0.13875994991638121,0.3755161617841324,-0.0003146442556241878,9.810028768888106
1.0560000000000007,-0.13801205741073375,0.3739462528237292,-0.00031438126722460515,9.810028459604284
1.0580000000000007,-0.13726730209866012,0.3723776560367964,-0.0003141027413848356,9.810028153278823
1.0600000000000007,-0.13652568120076616,0.37081044894697085,-0.0003138089401807575,9.810027849889645
1.0620000000000007,-0.13578719178522566,0.36924470777026525,-0.00031350012251794065,9.81002754941472
1.0640000000000007,-0.1350518307703639,0.36768050743089453,-0.00031317654416546017,9.810027251832068
1.0660000000000007,-0.13431959492721005,0.366117921576918,-0.00031283845778918,9.810026957119772
1.0680000000000007,-0.1335904808820186,0.3645570225957254,-0.0003124861129848123,9.810026665255968
1.0700000000000007,-0.13286448511875992,0.36299788162935565,-0.0003121197563106552,9.810026376218858
1.0720000000000007,-0.13214160398158062,0.3614405685896537,-0.0003117396313199955,9.810026089986698
1.0740000000000007,-0.1314218336772341,0.3598851521732593,-0.00031134597859311386,9.810025806537814
1.0760000000000007,-0.1307051702774812,0.3583316998764459,-0.00031093903576910435,9.810025525850602
1.0780000000000007,-0.1299916097214616,0.35678027800978923,-0.00031051903757722647,9.810025247903516
1.0800000000000007,-0.1292811478180362,0.3552309517126936,-0.0003100862158681144,9.810024972675095
1.0820000000000007,-0.12857378024810068,0.35368378496775127,-0.0003096407996445597,9.810024700143936
1.0840000000000007,-0.12786950256687082,0.3521388406149481,-0.00030918301509195827,9.810024430288722
1.0860000000000007,-0.12716831020613933,0.35059618036572665,-0.00030871308560859005,9.810024163088208
1.0880000000000007,-0.12647019847650556,0.34905586481688694,-0.0003082312318354423,9.810023898521225
1.0900000000000007,-0.12577516256957685,0.34751795346435094,-0.0003077376716859037,9.810023636566685
1.0920000000000007,-0.1250831975601433,0.345982504716765,-0.00030723262037498505,9.81002337720358
1.0940000000000007,-0.12439429840832537,0.34444957590896524,-0.0003067162904483527,9.81002312041099
1.0960000000000008,-0.12370845996169505,0.342919223315301,-0.00030618889181109523,9.810022866168072
1.0980000000000008,-0.12302567695736943,0.34139150216279956,-0.0003056506317561181,9.810022614454073
1.1000000000000008,-0.12234594402408108,0.3398664666442108,-0.00030510171499229357,9.81002236524833
1.1020000000000008,-0.12166925568421928,0.33834416993089267,-0.0003045423436723554,9.81002211853026
1.1040000000000008,-0.12099560635584813,0.33682466418556983,-0.00030397271742049195,9.810021874279373
1.1060000000000008,-0.12032499035469825,0.3353080005749469,-0.00030339303335964653,9.810021632475276
1.1080000000000008,-0.11965740189613389,0.3337942292821874,-0.000302803486138556,9.810021393097664
1.1100000000000008,-0.11899283509709531,0.3322833995192637,-0.00030220426795857366,9.810021156126322
1.1120000000000008,-0.11833128397801702,0.3307755595391592,-0.0003015955686000542,9.810020921541135
1.1140000000000008,-0.11767274246472106,0.3292707566479585,-0.00030097757544874466,9.81002068932208
1.1160000000000008,-0.11701720439028747,0.32776903721678735,-0.00030035047352164205,9.810020459449236
1.1180000000000008,-0.1163646634969002,0.3262704466936334,-0.0002997144454927442,9.81002023190277
1.1200000000000008,-0.11571511343767013,0.3247750296150416,-0.0002990696717185574,9.810020006662958
1.1220000000000008,-0.11506854777843478,0.3232828296176678,-0.00029841633026319843,9.810019783710171
1.1240000000000008,-0.11442495999953536,0.32179388944972687,-0.000297754596923442,9.810019563024877
1.1260000000000008,-0.11378434349757076,0.32030825098229615,-0.00029708464525332427,9.810019344587653
1.1280000000000008,-0.11314669158712973,0.3188259552205122,-0.00029640664658866405,9.810019128379171
1.1300000000000008,-0.11251199750250047,0.3173470423146349,-0.00029572077007121184,9.810018914380212
1.1320000000000008,-0.11188025439935848,0.3158715515709977,-0.0002950271826726615,9.810018702571655
1.1340000000000008,-0.1112514553564328,0.31439952146282985,-0.00029432604921829364,9.810018492934487
1.1360000000000008,-0.11062559337715086,0.31293098964097477,-0.00029361753241055394,9.810018285449798
1.1380000000000008,-0.1100026613912619,0.31146599294447186,-0.0002929017928521892,9.810018080098786
1.1400000000000008,-0.10938265225643984,0.31000456741103893,-0.00029217898906931444,9.810017876862752
1.1420000000000008,-0.10876555875986497,0.3085467482874323,-0.00029144927753417755,9.810017675723104
1.1440000000000008,-0.10815137361978559,0.3070925700396946,-0.000290712812687706,9.810017476661361
1.1460000000000008,-0.10754008948705901,0.30564206636328994,-0.0002899697469618146,9.810017279659146
1.1480000000000008,-0.10693169894667277,0.3041952701931254,-0.0002892202308014771,9.810017084698194
1.1500000000000008,-0.10632619451924583,0.3027522137134682,-0.00028846441268662966,9.810016891760341
1.1520000000000008,-0.10572356866251031,0.3013129283677502,-0.0002877024391538148,9.810016700827541
1.1540000000000008,-0.10512381377277377,0.2998774448682608,-0.0002869344548175677,9.810016511881853
1.1560000000000008,-0.1045269221863623,0.29844579320574127,-0.0002861606023916818,9.81001632490545
1.1580000000000008,-0.10393288618104456,0.29701800265886513,-0.0002853810227101583,9.810016139880604
1.1600000000000008,-0.10334169797743731,0.2955941018036194,-0.0002845958547480201,9.81001595678971
1.1620000000000008,-0.10275334974039217,0.2941741185225754,-0.0002838052356418262,9.81001577561527
1.1640000000000008,-0.10216783358036402,0.29275808001406917,-0.00028300930071012247,9.810015596339893
1.1660000000000008,-0.1015851415547615,0.29134601280126987,-0.00028220818347355963,9.810015418946302
1.1680000000000008,-0.1010052656692792,0.28993794274114654,-0.0002814020156748187,9.810015243417332
1.1700000000000008,-0.10042819787921253,0.28853389503333965,-0.0002805909272983417,9.810015069735929
1.1720000000000008,-0.09985393009075466,0.2871338942289392,-0.00027977504658995575,9.81001489788515
1.1740000000000008,-0.09928245416227634,0.2857379642391558,-0.0002789545000761789,9.810014727848163
1.1760000000000008,-0.09871376190558855,0.2843461283438993,-0.00027812941258336006,9.81001455960825
1.1780000000000008,-0.09814784508718803,0.28295840920025833,-0.00027729990725661267,9.810014393148807
1.1800000000000008,-0.09758469542948624,0.28157482885089724,-0.00027646610557866425,9.810014228453333
1.1820000000000008,-0.09702430461202156,0.2801954087323416,-0.00027562812738832817,9.81001406550545
1.1840000000000008,-0.09646666427265521,0.27882016968318807,-0.00027478609089897146,9.810013904288887
1.1860000000000008,-0.0959117660087508,0.27744913195220816,-0.00027394011271664187,9.810013744787483
1.1880000000000008,-0.09535960137833806,0.2760823152063729,-0.0002730903078581267,9.810013586985193
1.1900000000000008,-0.0948101619012605,0.2747197385387798,-0.00027223678976874945,9.810013430866082
1.1920000000000008,-0.09426343906030751,0.273361420476492,-0.0002713796703399901,9.810013276414328
1.1940000000000008,-0.09371942430233093,0.27200737898829364,-0.00027051905992698556,9.810013123614219
1.1960000000000008,-0.09317810903934624,0.27065763149235866,-0.000269655067365837,9.810012972450156
1.1980000000000008,-0.09263948464961858,0.26931219486382213,-0.0002687877999906392,9.810012822906655
1.2000000000000008,-0.09210354247873402,0.2679710854422782,-0.0002679173636504352,9.81001267496834
1.2020000000000008,-0.09157027384065565,0.26663431903919205,-0.0002670438627260206,9.810012528619941
1.2040000000000008,-0.09103967001876519,0.2653019109452241,-0.000266167400146497,9.810012383846312
1.2060000000000008,-0.09051172226689025,0.26397387593746985,-0.00026528807740565244,9.810012240632407
1.2080000000000009,-0.089986421810317,0.2626502282866294,-0.00026440599457830003,9.810012098963298
1.2100000000000009,-0.08946375984678884,0.26133098176407643,-0.0002635212503362301,9.810011958824163
1.2120000000000009,-0.0889437275474911,0.2600161496488703,-0.00026263394196425916,9.810011820200293
1.2140000000000009,-0.08842631605802176,0.258705744734667,-0.00026174416537587224,9.810011683077088
1.2160000000000009,-0.08791151649934864,0.2573997793365646,-0.0002608520151288524,9.810011547440059
1.2180000000000009,-0.08739931996875291,0.256098265297867,-0.00025995758444069626,9.810011413274827
1.2200000000000009,-0.08688971754075935,0.2548012139967758,-0.00025906096520393563,9.810011280567121
1.2220000000000009,-0.08638270026805335,0.25350863635299387,-0.00025816224800117096,9.81001114930278
1.2240000000000009,-0.08587825918238483,0.2522205428342646,-0.00025726152212005244,9.81001101946775
1.2260000000000009,-0.08537638529545916,0.25093694346283396,-0.00025635887556810493,9.81001089104809
1.2280000000000009,-0.08487706959981547,0.24965784782183853,-0.0002554543950873795,9.810010764029965
1.2300000000000009,-0.08438030306969224,0.24838326506161512,-0.00025454816616889446,9.810010638399648
1.2320000000000009,-0.08388607666188037,0.24711320390594452,-0.0002536402730670055,9.810010514143517
1.2340000000000009,-0.0833943813165639,0.24584767265822705,-0.0002527307988136741,9.810010391248062
1.2360000000000009,-0.08290520795814876,0.24458667920757482,-0.00025181982523241747,9.810010269699875
1.2380000000000009,-0.08241854749607906,0.24333023103484305,-0.00025090743295225334,9.81001014948566
1.2400000000000009,-0.08193439082564188,0.24207833521859035,-0.0002499937014214578,9.810010030592222
1.2420000000000009,-0.08145272882875992,0.24083099844097286,-0.00024907870892121623,9.810009913006475
1.2440000000000009,-0.08097355237477279,0.23958822699356275,-0.00024816253257904566,9.810009796715438
1.2460000000000009,-0.08049685232120658,0.23835002678310815,-0.0002472452483821804,9.810009681706234
1.2480000000000009,-0.08002261951453214,0.23711640333722003,-0.000246326931190732,9.81000956796609
1.2500000000000009,-0.07955084479091214,0.23588736180999562,-0.0002454076547507558,9.810009455482339
1.252000000000001,-0.07908151897693697,0.2346629069875779,-0.00024448749170718044,9.810009344242415
1.254000000000001,-0.07861463289034966,0.23344304329365517,-0.00024356651361666154,9.810009234233862
1.256000000000001,-0.0781501773407599,0.23222777479487858,-0.0002426447909601023,9.810009125444315
1.258000000000001,-0.07768814313034743,0.2310171052062408,-0.00024172239315530366,9.810009017861523
1.260000000000001,-0.07722852105455467,0.22981103789637755,-0.0002407993885693259,9.810008911473332
1.262000000000001,-0.07677130190276907,0.22860957589280528,-0.00023987584453070065,9.810008806267689
1.264000000000001,-0.07631647645899486,0.2274127218871075,-0.0002389518273416152,9.810008702232643
1.266000000000001,-0.07586403550251475,0.22622047824005756,-0.00023802740228995528,9.810008599356342
1.268000000000001,-0.0754139698085414,0.22503284698667494,-0.00023710263366111782,9.810008497627038
1.270000000000001,-0.07496627014885895,0.22384982984122748,-0.00023617758474979694,9.810008397033076
1.272000000000001,-0.07452092729245459,0.22267142820217806,-0.00023525231787164874,9.81000829756291
1.274000000000001,-0.07407793200614045,0.22149764315706474,-0.0002343268943747574,9.810008199205079
1.276000000000001,-0.07363727505516578,0.22032847548733347,-0.00023340137465108126,9.810008101948233
1.278000000000001,-0.07319894720381957,0.21916392567310525,-0.00023247581814769868,9.810008005781112
1.280000000000001,-0.07276293921602381,0.2180039938978914,-0.0002315502833779618,9.810007910692558
1.282000000000001,-0.07232924185591733,0.21684868005325092,-0.00023062482793253288,9.810007816671504
1.284000000000001,-0.07189784588843054,0.2156979837433995,-0.00022969950849035777,9.810007723706983
1.286000000000001,-0.07146874207985103,0.2145519042897528,-0.0002287743808294107,9.810007631788123
1.288000000000001,-0.07104192119838017,0.21341044073542123,-0.000227849499837382,9.810007540904145
1.290000000000001,-0.07061737401468084,0.21227359184965702,-0.0002269249195223184,9.810007451044367
1.292000000000001,-0.07019509130241638,0.21114135613224244,-0.0002260006930230843,9.810007362198201
1.294000000000001,-0.06977506383878072,0.21001373181782176,-0.0002250768726196734,9.810007274355147
1.296000000000001,-0.06935728240502034,0.208890716880192,-0.00022415350974350342,9.810007187504807
1.298000000000001,-0.06894173778694727,0.20777230903653288,-0.00022323065498753344,9.810007101636868
1.300000000000001,-0.06852842077544409,0.20665850575159356,-0.00022230835811632267,9.810007016741112
1.302000000000001,-0.06811732216696045,0.2055493042418205,-0.00022138666807590196,9.810006932807411
1.304000000000001,-0.06770843276400154,0.2044447014794512,-0.00022046563300370716,9.810006849825728
1.306000000000001,-0.06730174337560846,0.20334469419653803,-0.00021954530023818005,9.810006767786115
1.308000000000001,-0.06689724481783059,0.20224927888894104,-0.00021862571632845062,9.81000668667872
1.310000000000001,-0.06649492791419004,0.20115845182026307,-0.0002177069270438278,9.81000660649377
1.312000000000001,-0.06609478349613854,0.20007220902574527,-0.00021678897738324626,9.810006527221587
1.314000000000001,-0.06569680240350634,0.19899054631610688,-0.00021587191158455336,9.810006448852578
1.316000000000001,-0.06530097548494367,0.19791345928134085,-0.0002149557731336957,9.810006371377241
1.318000000000001,-0.06490729359835472,0.19684094329447308,-0.00021404060477391972,9.810006294786158
1.320000000000001,-0.0645157476113242,0.19577299351526023,-0.0002131264485147064,9.810006219069995
1.322000000000001,-0.0641263284015365,0.19470960489385264,-0.0002122133456407111,9.810006144219512
1.324000000000001,-0.06373902685718764,0.19365077217441376,-0.0002113013367206324,9.810006070225544
1.326000000000001,-0.06335383387739027,0.1925964898986907,-0.0002103904616159156,9.810005997079017
1.328000000000001,-0.06297074037257118,0.19154675240954083,-0.0002094807594893817,9.81000592477094
1.330000000000001,-0.06258973726486235,0.19050155385442372,-0.00020857226881383596,9.810005853292402
1.332000000000001,-0.06221081548848467,0.18946088818883672,-0.00020766502738044697,9.81000578263458
1.334000000000001,-0.061833965990125236,0.1884247491797184,-0.00020675907230714025,9.810005712788728
1.336000000000001,-0.0614591797293076,0.18739313040881214,-0.00020585444004692392,9.810005643746187
1.338000000000001,-0.06108644767875567,0.18636602527597737,-0.0002049511663960086,9.81000557549838
1.340000000000001,-0.06071576082475073,0.18534342700246928,-0.0002040492865019363,9.8100055080368
1.342000000000001,-0.06034711016748237,0.18432532863417903,-0.00020314883487163602,9.81000544135303
1.344000000000001,-0.05998048672139274,0.18331172304481913,-0.00020224984537922219,9.810005375438735
1.346000000000001,-0.059615881515514564,0.1823026029390942,-0.00020135235127399786,9.810005310285648
1.348000000000001,-0.059253285593802926,0.18129796085581182,-0.0002004563851881326,9.810005245885588
1.350000000000001,-0.058892690015461,0.18029778917095915,-0.00019956197914430427,9.81000518223045
1.352000000000001,-0.05853408585525952,0.17930208010075077,-0.00019866916456337102,9.810005119312207
1.354000000000001,-0.05817746420385028,0.17831082570462223,-0.00019777797227178142,9.810005057122908
1.356000000000001,-0.05782281616807385,0.17732401788820787,-0.00019688843250913364,9.810004995654676
1.358000000000001,-0.05747013287126134,0.17634164840625804,-0.00019600057493539876,9.810004934899714
1.360000000000001,-0.057119405453530274,0.17536370886553845,-0.0001951144286382804,9.810004874850296
1.362000000000001,-0.05677062507207493,0.17439019072767947,-0.00019423002214033133,9.810004815498774
1.364000000000001,-0.056423782901450927,0.1734210853120026,-0.0001933473834061462,9.810004756837571
1.366000000000001,-0.05607887013385433,0.17245638379829548,-0.00019246653984928861,9.810004698859183
1.368000000000001,-0.055735877979395186,0.17149607722957178,-0.00019158751833937946,9.810004641556183
1.370000000000001,-0.05539479766636564,0.17054015651477775,-0.00019071034520888857,9.810004584921211
1.372000000000001,-0.05505562044150268,0.16958861243147325,-0.00018983504625995785,9.81000452894698
1.374000000000001,-0.05471833757024572,0.16864143562848075,-0.00018896164677117077,9.810004473626277
1.376000000000001,-0.05438294033698872,0.1676986166284966,-0.00018809017150419856,9.810004418951957
1.378000000000001,-0.054049420045327395,0.1667601458306658,-0.0001872206447103425,9.810004364916947
1.380000000000001,-0.05371776801830112,0.16582601351313664,-0.00018635309013714774,9.81000431151424
1.382000000000001,-0.05338797559862998,0.16489620983556805,-0.00018548753103477173,9.8100042587369
1.384000000000001,-0.053060034148946764,0.16397072484161215,-0.00018462399016237491,9.81000420657806
1.386000000000001,-0.05273393505202403,0.16304954846136513,-0.00018376248979443967,9.810004155030922
1.388000000000001,-0.05240966971099647,0.1621326705137856,-0.00018290305172700516,9.810004104088751
1.390000000000001,-0.0520872295495783,0.16122008070908211,-0.0001820456972838442,9.810004053744883
1.392000000000001,-0.051766606012276166,0.16031176865106628,-0.00018119044732252463,9.810004003992718
1.394000000000001,-0.05144779056459721,0.15940772383948396,-0.00018033732224050037,9.810003954825723
1.396000000000001,-0.05113077469325259,0.15850793567230825,-0.00017948634198105564,9.810003906237426
1.398000000000001,-0.05081554990635657,0.15761239344800435,-0.00017863752603918632,9.810003858221428
1.400000000000001,-0.050502107733621036,0.15672108636776944,-0.00017779089346747485,9.810003810771386
1.402000000000001,-0.05019043972654556,0.15583400353773633,-0.00017694646288182888,9.810003763881024
1.404000000000001,-0.04988053745860325,0.15495113397115506,-0.00017610425246721278,9.81000371754413
1.406000000000001,-0.04957239252542216,0.15407246659054533,-0.00017526427998332695,9.810003671754554
1.408000000000001,-0.04926599654496255,0.1531979902298092,-0.000174426562770088,9.810003626506205
1.410000000000001,-0.04896134115768987,0.15232769363633628,-0.0001735911177532727,9.810003581793056
1.412000000000001,-0.04865841802674373,0.15146156547306755,-0.00017275796144995193,9.810003537609143
1.414000000000001,-0.048357218838102685,0.1505995943205251,-0.00017192710997377954,9.810003493948559
1.416000000000001,-0.04805773530074501,0.14974176867883732,-0.00017109857904048544,9.810003450805459
1.418000000000001,-0.04775995914680558,0.14888807696971967,-0.00017027238397309763,9.810003408174055
1.420000000000001,-0.04746388213172872,0.14803850753843148,-0.00016944853970713813,9.81000336604862
1.422000000000001,-0.04716949603441729,0.14719304865571337,-0.00016862706079583578,9.810003324423487
1.424000000000001,-0.0468767926573779,0.14635168851969294,-0.000167807961415214,9.810003283293044
1.426000000000001,-0.046585763826862366,0.14551441525776715,-0.00016699125536914555,9.810003242651739
1.428000000000001,-0.04629640139300545,0.14468121692845667,-0.0001661769560943225,9.810003202494073
1.430000000000001,-0.04600869722995895,0.14385208152324308,-0.0001653650766652527,9.810003162814606
1.432000000000001,-0.0457226432360222,0.14302699696837223,-0.00016455562979910288,9.810003123607956
1.434000000000001,-0.04543823133376893,0.14220595112663473,-0.00016374862786049994,9.810003084868795
1.436000000000001,-0.045155453470170664,0.14138893179913412,-0.0001629440828664168,9.810003046591847
1.438000000000001,-0.04487430161671665,0.14057592672701077,-0.00016214200649076463,9.810003008771892
1.440000000000001,-0.04459476776953033,0.13976692359316129,-0.00016134241006915948,9.810002971403769
1.442000000000001,-0.044316843949482494,0.13896191002392141,-0.00016054530460347547,9.810002934482364
1.444000000000001,-0.04404052220230102,0.13816087359073556,-0.0001597507007664652,9.810002898002619
1.446000000000001,-0.04376579459867743,0.13736380181179428,-0.00015895860890621934,9.81000286195953
1.448000000000001,-0.0434926532343701,0.13657068215365853,-0.00015816903905067946,9.81000282634814
1.450000000000001,-0.0432210902303044,0.13578150203285375,-0.00015738200091201305,9.810002791163551
1.452000000000001,-0.0429510977326695,0.13499624881744765,-0.00015659750389100733,9.810002756400909
1.454000000000001,-0.0426826679130123,0.13421490982860218,-0.00015581555708136228,9.810002722055415
1.456000000000001,-0.04241579296832807,0.13343747234210815,-0.00015503616927398144,9.810002688122323
1.458000000000001,-0.04215046512114829,0.1326639235898929,-0.00015425934896115784,9.810002654596929
1.460000000000001,-0.04188667661962527,0.1318942507615105,-0.0001534851043407464,9.810002621474583
1.462000000000001,-0.04162441973761405,0.13112844100561527,-0.00015271344332033494,9.810002588750686
1.464000000000001,-0.041363686774751225,0.1303664814314074,-0.00015194437352129548,9.810002556420685
1.466000000000001,-0.04110447005653111,0.12960835911005564,-0.00015117790228274326,9.810002524480073
1.468000000000001,-0.04084676193437888,0.12885406107611316,-0.00015041403666561474,9.810002492924394
1.470000000000001,-0.04059055478572108,0.1281035743289034,-0.00014965278345657968,9.810002461749239
1.472000000000001,-0.0403358410140533,0.12735688583388624,-0.00014889414917190974,9.810002430950243
1.474000000000001,-0.040082613049005275,0.12661398252400952,-0.00014813814006135197,9.810002400523091
1.476000000000001,-0.03983086334640319,0.1258748513010407,-0.0001473847621119588,9.810002370463511
1.478000000000001,-0.03958058438832946,0.12513947903687103,-0.00014663402105177217,9.810002340767277
1.480000000000001,-0.03933176868317983,0.12440785257481261,-0.00014588592235360203,9.810002311430209
1.482000000000001,-0.03908440876571808,0.12367995873087378,-0.00014514047123871687,9.810002282448172
1.484000000000001,-0.03883849719712807,0.12295578429500757,-0.00014439767268040714,9.810002253817073
1.486000000000001,-0.03859402656506335,0.12223531603235706,-0.0001436575314076728,9.810002225532864
1.488000000000001,-0.03835098948369441,0.12151854068446626,-0.00014292005190867565,9.810002197591542
1.490000000000001,-0.03810937859375345,0.12080544497048878,-0.00014218523843433626,9.810002169989145
1.492000000000001,-0.0378691865625767,0.12009601558836894,-0.00014145309500177266,9.810002142721755
1.494000000000001,-0.03763040608414469,0.1193902392160038,-0.00014072362539767455,9.810002115785492
1.496000000000001,-0.037393029879119896,0.11868810251239877,-0.00013999683318176737,9.810002089176525
1.498000000000001,-0.037157050694882295,0.11798959211879877,-0.00013927272169014598,9.810002062891057
1.500000000000001,-0.03692246130556269,0.11729469465980163,-0.00013855129403855934,9.810002036925336
1.5020000000000011,-0.03668925451207377,0.11660339674446156,-0.00013783255312573234,9.810002011275651
1.5040000000000011,-0.03645742314213904,0.11591568496736813,-0.00013711650163655636,9.81000198593833
1.5060000000000011,-0.036226960050319605,0.1152315459097167,-0.00013640314204533036,9.81000196090974
1.5080000000000011,-0.0359978581180389,0.11455096614035294,-0.00013569247661884766,9.81000193618629
1.5100000000000011,-0.03577011025360527,0.1138739322168166,-0.00013498450741961793,9.810001911764422
1.5120000000000011,-0.03554370939223255,0.11320043068635513,-0.00013427923630889536,9.810001887640626
1.5140000000000011,-0.035318648496058695,0.1125304480869297,-0.0001335766649497444,9.810001863811422
1.5160000000000011,-0.03509492055416229,0.11186397094820122,-0.00013287679481002973,9.810001840273372
1.5180000000000011,-0.03487251858257726,0.11120098579251189,-0.00013217962716548172,9.810001817023076
1.5200000000000011,-0.0346514356243056,0.11054147913583247,-0.0001314851631025126,9.810001794057168
1.5220000000000011,-0.03443166474932817,0.10988543748871725,-0.00013079340352124976,9.810001771372322
1.5240000000000011,-0.0342131990546137,0.10923284735722917,-0.0001301043491383604,9.810001748965247
1.5260000000000011,-0.033996031664126,0.10858369524385492,-0.00012941800048989118,9.810001726832686
1.5280000000000011,-0.0337801557288292,0.1079379676484034,-0.0001287343579340519,9.810001704971425
1.5300000000000011,-0.03356556442669139,0.10729565106890096,-0.00012805342165408008,9.810001683378275
1.5320000000000011,-0.033352250962686465,0.1066567320024588,-0.00012737519166092118,9.810001662050091
1.5340000000000011,-0.033140208568794204,0.10602119694613055,-0.0001266996677959163,9.810001640983756
1.5360000000000011,-0.03292943050399867,0.10538903239776418,-0.00012602684973355002,9.810001620176195
1.5380000000000011,-0.03271991005428501,0.10476022485682956,-0.0001253567369840394,9.810001599624357
1.5400000000000011,-0.032511640532634514,0.10413476082524396,-0.00012468932889601859,9.810001579325233
1.5420000000000011,-0.032304615279018185,0.10351262680817068,-0.00012402462465903514,9.810001559275845
1.5440000000000011,-0.03209882766038855,0.10289380931481906,-0.00012336262330618197,9.810001539473246
1.5460000000000012,-0.031894271070670104,0.10227829485922217,-0.0001227033237165855,9.810001519914524
1.5480000000000012,-0.03169093893074809,0.10166606996100679,-0.00012204672461791602,9.8100015005968
1.5500000000000012,-0.031488824688455805,0.10105712114614564,-0.00012139282458881965,9.81000148151722
1.5520000000000012,-0.0312879218185604,0.10045143494770306,-0.00012074162206137306,9.810001462672972
1.5540000000000012,-0.031088223822747268,0.09984899790656947,-0.000120093115323528,9.810001444061271
1.5560000000000012,-0.03088972422960291,0.09924979657217599,-0.0001194473025214369,9.81000142567936
1.5580000000000012,-0.030692416594596508,0.09865381750320346,-0.00011880418166181354,9.810001407524515
1.5600000000000012,-0.030496294500059952,0.0980610472682782,-0.00011816375061426271,9.810001389594044
1.5620000000000012,-0.030301351555166632,0.09747147244665563,-0.0001175260071135597,9.810001371885285
1.5640000000000012,-0.03010758139590885,0.0968850796288938,-0.0001168909487619255,9.810001354395604
1.5660000000000012,-0.029914977685073816,0.09630185541751476,-0.00011625857303126756,9.810001337122396
1.5680000000000012,-0.029723534112218515,0.09572178642765392,-0.00011562887726537536,9.810001320063087
1.5700000000000012,-0.02953324439364311,0.09514485928769915,-0.00011500185868210783,9.810001303215131
1.5720000000000012,-0.02934410227236327,0.0945710606399224,-0.00011437751437558177,9.810001286576012
1.5740000000000012,-0.02915610151808109,0.09400037714109004,-0.00011375584131822635,9.81000127014324
1.5760000000000012,-0.028969235927154936,0.09343279546307892,-0.00011313683636298777,9.810001253914356
1.5780000000000012,-0.028783499322568,0.09286830229346568,-0.00011252049624533222,9.810001237886926
1.5800000000000012,-0.02859888555389577,0.0923068843361163,-0.00011190681758533163,9.810001222058544
1.5820000000000012,-0.028415388497272265,0.09174852831175756,-0.00011129579688965276,9.810001206426833
1.5840000000000012,-0.02823300205535516,0.09119322095855113,-0.00011068743055365018,9.81000119098944
1.5860000000000012,-0.02805172015728988,0.09064094903264071,-0.00011008171486324948,9.81000117574404
1.5880000000000012,-0.027871536758672478,0.09009169930870273,-0.00010947864599695936,9.810001160688335
1.5900000000000012,-0.02769244584151152,0.0895454585804781,-0.0001088782200277538,9.810001145820054
1.5920000000000012,-0.027514441414188913,0.08900221366130624,-0.00010828043292506178,9.810001131136952
1.5940000000000012,-0.02733751751141964,0.08846195138463359,-0.00010768528055656295,9.810001116636801
1.5960000000000012,-0.02716166819421059,0.08792465860452542,-0.00010709275869008844,9.810001102317411
1.5980000000000012,-0.026986887549818265,0.08739032219616331,-0.00010650286299545555,9.810001088176609
1.6000000000000012,-0.026813169691705593,0.08685892905633485,-0.00010591558904628716,9.810001074212249
1.6020000000000012,-0.02664050875949777,0.08633046610390999,-0.00010533093232176281,9.81000106042221
1.6040000000000012,-0.02646889891893713,0.08580492028032072,-0.00010474888820848516,9.810001046804393
1.6060000000000012,-0.0262983343618371,0.0852822785500132,-0.00010416945200211346,9.810001033356727
1.6080000000000012,-0.026128809306035294,0.08476252790090526,-0.00010359261890913532,9.81000102007716
1.6100000000000012,-0.02596031799534562,0.0842456553448361,-0.00010301838404862403,9.810001006963667
1.6120000000000012,-0.025792854699509635,0.08373164791799304,-0.00010244674245381128,9.810000994014242
1.6140000000000012,-0.02562641371414694,0.08322049268134891,-0.00010187768907385754,9.81000098122691
1.6160000000000012,-0.02546098936070479,0.08271217672107549,-0.00010131121877541866,9.810000968599708
1.6180000000000012,-0.025296575986406875,0.08220668714895658,-0.00010074732634428622,9.810000956130704
1.6200000000000012,-0.025133167964201286,0.08170401110279474,-0.00010018600648702158,9.810000943817986
1.6220000000000012,-0.02497075969270768,0.08120413574680334,-9.962725383249921e-05,9.810000931659662
1.6240000000000012,-0.024809345596163688,0.08070704827199333,-9.90710629334557e-05,9.810000919653861
1.6260000000000012,-0.024648920124370578,0.08021273589655431,-9.851742826804278e-05,9.81000090779874
1.6280000000000012,-0.024489477752638125,0.07972118586622787,-9.796634424136122e-05,9.81000089609247
1.6300000000000012,-0.024331012981728777,0.0792323854546732,-9.741780518697637e-05,9.810000884533245
1.6320000000000012,-0.024173520337801086,0.07874632196381834,-9.687180536833387e-05,9.810000873119284
1.6340000000000012,-0.02401699437235265,0.07826298272421682,-9.632833898028863e-05,9.81000086184882
1.6360000000000012,-0.023861429662161877,0.07778235509538564,-9.578740015052053e-05,9.810000850720112
1.6380000000000012,-0.023706820809229597,0.07730442646614097,-9.524898294095013e-05,9.810000839731437
1.6400000000000012,-0.02355316244071974,0.07682918425492821,-9.471308134917605e-05,9.81000082888109
1.6420000000000012,-0.023400449208899464,0.07635661591014119,-9.417968930983665e-05,9.81000081816739
1.6440000000000012,-0.023248675791078595,0.07588670891043447,-9.364880069596666e-05,9.810000807588674
1.6460000000000012,-0.023097836889548525,0.07541945076503587,-9.312040932040562e-05,9.810000797143294
1.6480000000000012,-0.02294792723152044,0.07495482901404106,-9.259450893706999e-05,9.810000786829628
1.6500000000000012,-0.02279894156906301,0.0744928312287128,-9.207109324232846e-05,9.810000776646065
1.6520000000000012,-0.022650874679039482,0.07403344501176666,-9.155015587628944e-05,9.810000766591024
1.6540000000000012,-0.022503721363044186,0.07357665799764701,-9.103169042403e-05,9.810000756662932
1.6560000000000012,-0.022357476447338577,0.07312245785280719,-9.051569041692718e-05,9.810000746860238
1.6580000000000013,-0.022212134782786625,0.0726708322759766,-9.000214933390044e-05,9.81000073718141
1.6600000000000013,-0.022067691244789776,0.07222176899842103,-8.94910606026283e-05,9.810000727624933
1.6620000000000013,-0.021924140733221385,0.07177525578419522,-8.898241760072997e-05,9.81000071818931
1.6640000000000013,-0.021781478172360584,0.07133128043040217,-8.84762136570804e-05,9.81000070887306
1.6660000000000013,-0.02163969851082573,0.07088983076742572,-8.797244205287159e-05,9.810000699674724
1.6680000000000013,-0.02149879672150739,0.07045089465917327,-8.747109602283898e-05,9.810000690592853
1.6700000000000013,-0.02135876780150077,0.07001446000331055,-8.697216875645146e-05,9.810000681626022
1.6720000000000013,-0.021219606772037807,0.06958051473148104,-8.647565339897601e-05,9.810000672772816
1.6740000000000013,-0.021081308678418738,0.06914904680953199,-8.598154305266474e-05,9.810000664031843
1.6760000000000013,-0.02094386858994329,0.06872004423772267,-8.548983077779238e-05,9.810000655401725
1.6780000000000013,-0.020807281599841403,0.06829349505094376,-8.500050959386418e-05,9.810000646881097
1.6800000000000013,-0.020671542825203584,0.06786938731891007,-8.451357248057481e-05,9.810000638468615
1.6820000000000013,-0.02053664740691085,0.06744770914636557,-8.402901237894466e-05,9.810000630162948
1.6840000000000013,-0.020402590509564295,0.06702844867327723,-8.354682219238296e-05,9.81000062196278
1.6860000000000013,-0.020269367321414263,0.0666115940750167,-8.306699478765331e-05,9.810000613866814
1.6880000000000013,-0.02013697305428916,0.06619713356255089,-8.258952299598852e-05,9.810000605873766
1.6900000000000013,-0.02000540294352394,0.06578505538260813,-8.211439961397005e-05,9.810000597982365
1.6920000000000013,-0.019874652247888213,0.06537534781786547,-8.164161740468925e-05,9.810000590191358
1.6940000000000013,-0.019744716249514006,0.06496799918710479,-8.117116909860274e-05,9.810000582499507
1.6960000000000013,-0.01961559025382325,0.06456299784537795,-8.070304739452711e-05,9.810000574905589
1.6980000000000013,-0.01948726958945491,0.06416033218416962,-8.023724496065109e-05,9.810000567408393
1.7000000000000013,-0.019359749608191826,0.06375999063154242,-7.977375443538927e-05,9.81000056000672
1.7020000000000013,-0.019233025684887238,0.06336196165229202,-7.931256842838629e-05,9.810000552699398
1.7040000000000013,-0.019107093217391062,0.06296623374808673,-7.885367952138668e-05,9.81000054548525
1.7060000000000013,-0.01898194762647585,0.06257279545760712,-7.839708026914367e-05,9.810000538363129
1.7080000000000013,-0.01885758435576248,0.0621816353566867,-7.794276320037964e-05,9.810000531331893
1.7100000000000013,-0.018733998871645615,0.06179274205843153,-7.74907208185452e-05,9.810000524390416
1.7120000000000013,-0.018611186663218912,0.061406104213353255,-7.704094560276472e-05,9.810000517537587
1.7140000000000013,-0.018489143242199937,0.061021710509487584,-7.659343000865956e-05,9.810000510772303
1.7160000000000013,-0.018367864142854913,0.060639549672511735,-7.614816646919103e-05,9.810000504093484
1.7180000000000013,-0.018247344921923186,0.06025961046586302,-7.570514739555498e-05,9.810000497500049
1.7200000000000013,-0.018127581158541507,0.05988188169084071,-7.526436517791885e-05,9.810000490990944
1.7220000000000013,-0.018008568454168084,0.059506352186711325,-7.48258121862392e-05,9.810000484565117
1.7240000000000013,-0.017890302432506458,0.05913301083081165,-7.438948077107747e-05,9.810000478221536
1.7260000000000013,-0.017772778739429163,0.05876184653864845,-7.395536326441953e-05,9.810000471959174
1.7280000000000013,-0.017655993042901198,0.05839284826398156,-7.352345198034013e-05,9.810000465777025
1.7300000000000013,-0.017539941032903343,0.05802600499892804,-7.30937392159327e-05,9.810000459674086
1.7320000000000013,-0.017424618421355287,0.057661305774029725,-7.266621725186254e-05,9.810000453649375
1.7340000000000013,-0.017310020942038585,0.05729873965835075,-7.224087835328854e-05,9.810000447701913
1.7360000000000013,-0.017196144350519495,0.056938295759544,-7.181771477046542e-05,9.81000044183074
1.7380000000000013,-0.017082984424071627,0.05657996322393091,-7.139671873952487e-05,9.810000436034901
1.7400000000000013,-0.016970536961598486,0.0562237312365701,-7.097788248316386e-05,9.81000043031346
1.7420000000000013,-0.016858797783555837,0.05586958902132613,-7.056119821136205e-05,9.810000424665485
1.7440000000000013,-0.016747762731873984,0.055517525840927055,-7.014665812200447e-05,9.810000419090061
1.7460000000000013,-0.01663742766987991,0.05516753099703645,-6.973425440169189e-05,9.81000041358628
1.7480000000000013,-0.016527788482219315,0.05481959383029777,-6.932397922626977e-05,9.810000408153245
1.7500000000000013,-0.016418841074778527,0.0544737037203941,-6.89158247615593e-05,9.810000402790074
1.7520000000000013,-0.016310581374606333,0.05412985008609696,-6.850978316399103e-05,9.810000397495893
1.7540000000000013,-0.016203005329835707,0.05378802238531394,-6.810584658125199e-05,9.810000392269833
1.7560000000000013,-0.01609610890960544,0.053448210115130755,-6.770400715289777e-05,9.810000387111048
1.7580000000000013,-0.015989888103981737,0.05311040281185229,-6.73042570109774e-05,9.81000038201869
1.7600000000000013,-0.015884338923879655,0.05277459005104135,-6.69065882806586e-05,9.810000376991928
1.7620000000000013,-0.01577945740098455,0.05244076144754967,-6.651099308079282e-05,9.81000037202994
1.7640000000000013,-0.015675239587673445,0.052108906655554524,-6.611746352456344e-05,9.810000367131913
1.7660000000000013,-0.015571681556936282,0.05177901536858191,-6.572599172001317e-05,9.810000362297043
1.7680000000000013,-0.015468779402297204,0.05145107731953654,-6.533656977066775e-05,9.810000357524537
1.7700000000000014,-0.015366529237735755,0.05112508228072285,-6.494918977608191e-05,9.810000352813613
1.7720000000000014,-0.015264927197608037,0.05080102006386163,-6.456384383236142e-05,9.810000348163497
1.7740000000000014,-0.015163969436567814,0.05047888052011106,-6.418052403275865e-05,9.810000343573423
1.7760000000000014,-0.015063652129487654,0.05015865354008003,-6.379922246819677e-05,9.810000339042636
1.7780000000000014,-0.014963971471379975,0.0498403290538403,-6.341993122781176e-05,9.81000033457039
1.7800000000000014,-0.014864923677318103,0.0495238970309354,-6.304264239947359e-05,9.81000033015595
1.7820000000000014,-0.014766504982357334,0.049209347480382776,-6.266734807025391e-05,9.810000325798583
1.7840000000000014,-0.01466871164145597,0.04889667045068386,-6.229404032700265e-05,9.810000321497576
1.7860000000000014,-0.014571539929396322,0.048585856029823966,-6.192271125683637e-05,9.810000317252213
1.7880000000000014,-0.0144749861407058,0.048276894345263506,-6.155335294753979e-05,9.810000313061796
1.7900000000000014,-0.014379046589577905,0.04796977556394793,-6.118595748820597e-05,9.81000030892563
1.7920000000000014,-0.014283717609793323,0.04766448989228999,-6.082051696958059e-05,9.81000030484303
1.7940000000000014,-0.014188995554640994,0.04736102757616644,-6.045702348458622e-05,9.81000030081332
1.7960000000000014,-0.014094876796839182,0.04705937890090473,-6.0095469128759954e-05,9.810000296835833
1.7980000000000014,-0.014001357728456636,0.04675953419127413,-5.973584600074927e-05,9.810000292909908
1.8000000000000014,-0.013908434760833708,0.04646148381146359,-5.9378146202685497e-05,9.810000289034893
1.8020000000000014,-0.01381610432450356,0.04616521816507288,-5.9022361840719326e-05,9.810000285210142
1.8040000000000014,-0.013724362869113393,0.04587072769508376,-5.866848502535105e-05,9.810000281435023
1.8060000000000014,-0.0136332068633457,0.04557800288384673,-5.8316507871953574e-05,9.810000277708905
1.8080000000000014,-0.0135426327948396,0.04528703425304884,-5.7966422501098134e-05,9.81000027403117
1.8100000000000014,-0.013452637170112218,0.044997812363690486,-5.7618221038997384e-05,9.8100002704012
1.8120000000000014,-0.013363216514480093,0.04471032781606209,-5.7271895617965114e-05,9.810000266818395
1.8140000000000014,-0.013274367371980676,0.04442457124970869,-5.692743837675484e-05,9.810000263282154
1.8160000000000014,-0.013186086305293884,0.04414053334339669,-5.658484146093797e-05,9.810000259791888
1.8180000000000014,-0.013098369895663715,0.043858204815083936,-5.624409702333533e-05,9.810000256347012
1.8200000000000014,-0.013011214742819955,0.04357757642187984,-5.590519722435146e-05,9.81000025294695
1.8220000000000014,-0.012924617464899937,0.04329863896000993,-5.556813423237346e-05,9.810000249591134
1.8240000000000014,-0.012838574698370384,0.043021383264775975,-5.5232900224135256e-05,9.810000246279
1.8260000000000014,-0.012753083097949357,0.04274580021051386,-5.4899487385069224e-05,9.810000243009995
1.8280000000000014,-0.012668139336528255,0.04247188071055038,-5.456788790966186e-05,9.810000239783568
1.8300000000000014,-0.012583740105093949,0.04219961571715344,-5.423809400174597e-05,9.810000236599182
1.8320000000000014,-0.012499882112650958,0.041928996221496526,-5.391009787496985e-05,9.810000233456297
1.8340000000000014,-0.012416562086143761,0.04166001325359671,-5.3583891752980004e-05,9.810000230354385
1.8360000000000014,-0.012333776770379208,0.04139265788227586,-5.3259467869877606e-05,9.810000227292928
1.8380000000000014,-0.012251522927949005,0.04112692121510082,-5.293681847045174e-05,9.810000224271407
1.8400000000000014,-0.012169797339152338,0.040862794398334665,-5.261593581055074e-05,9.810000221289316
1.8420000000000014,-0.012088596801918584,0.04060026861687684,-5.2296812157337546e-05,9.81000021834615
1.8440000000000014,-0.01200791813173016,0.040339335094213384,-5.197943978967279e-05,9.810000215441415
1.8460000000000014,-0.011927758161545456,0.040079985092350355,-5.1663810998320064e-05,9.810000212574618
1.8480000000000014,-0.011848113741721934,0.03982220991175964,-5.134991808630019e-05,9.810000209745274
1.8500000000000014,-0.011768981739939292,0.039566000891321264,-5.103775336922023e-05,9.810000206952909
1.8520000000000014,-0.011690359041122787,0.03931134940825367,-5.0727309175475997e-05,9.810000204197046
1.8540000000000014,-0.011612242547366683,0.039058246878051595,-5.041857784655147e-05,9.810000201477221
1.8560000000000014,-0.011534629177857835,0.038806684754423004,-5.0111551737316243e-05,9.810000198792974
1.8580000000000014,-0.011457515868799397,0.03855665452922144,-4.980622321628411e-05,9.810000196143848
1.8600000000000014,-0.01138089957333464,0.038308147732377375,-4.950258466587061e-05,9.810000193529394
1.8620000000000014,-0.01130477726147099,0.038061155931825075,-4.9200628482605425e-05,9.81000019094917
1.8640000000000014,-0.011229145920004109,0.03781567073344057,-4.8900347077484045e-05,9.810000188402736
1.8660000000000014,-0.011154002552442178,0.037571683780964066,-4.860173287615305e-05,9.810000185889661
1.8680000000000014,-0.01107934417893032,0.037329186755928,-4.830477831916535e-05,9.810000183409516
1.8700000000000014,-0.011005167836175157,0.037088171377581636,-4.80094758622075e-05,9.810000180961879
1.8720000000000014,-0.010931470577369517,0.03684862940281909,-4.77158179763745e-05,9.810000178546332
1.8740000000000014,-0.010858249472117328,0.036610552626094,-4.74237971483013e-05,9.810000176162468
1.8760000000000014,-0.010785501606358624,0.036373932879351985,-4.71334058805034e-05,9.810000173809875
1.8780000000000014,-0.010713224082294729,0.03613876203194749,-4.684463669155065e-05,9.810000171488158
1.8800000000000014,-0.010641414018313606,0.03590503199056077,-4.655748211624956e-05,9.810000169196913
1.8820000000000014,-0.010570068548915361,0.035672734699121376,-4.62719347059065e-05,9.810000166935753
1.8840000000000015,-0.010499184824637912,0.03544186213872512,-4.5987987028525744e-05,9.810000164704292
1.8860000000000015,-0.01042876001198282,0.03521240632754649,-4.570563166896317e-05,9.810000162502146
1.8880000000000015,-0.010358791293341302,0.03498435932075897,-4.542486122917523e-05,9.81000016032894
1.8900000000000015,-0.010289275866920407,0.03475771321044741,-4.5145668328386735e-05,9.8100001581843
1.8920000000000015,-0.010220210946669356,0.03453246012552615,-4.486804560332997e-05,9.81000015606786
1.8940000000000015,-0.010151593762206068,0.03430859223164476,-4.459198570834971e-05,9.810000153979255
1.8960000000000015,-0.010083421558743855,0.034086101731105,-4.4317481315643255e-05,9.810000151918128
1.8980000000000015,-0.010015691597018315,0.03386498086277107,-4.404452511542746e-05,9.810000149884125
1.9000000000000015,-0.00994840115321436,0.03364522190197766,-4.3773109816092135e-05,9.810000147876899
1.9020000000000015,-0.009881547518893473,0.03342681716044352,-4.3503228144416573e-05,9.8100001458961
1.9040000000000015,-0.009815128000921127,0.03320975898617397,-4.3234872845670646e-05,9.810000143941389
1.9060000000000015,-0.009749139921394385,0.03299403976337116,-4.296803668380709e-05,9.81000014201243
1.9080000000000015,-0.009683580617569694,0.03277965191234547,-4.270271244167205e-05,9.810000140108892
1.9100000000000015,-0.009618447441790868,0.03256658788941354,-4.2438892921071504e-05,9.810000138230444
1.9120000000000015,-0.009553737761417255,0.032354840186807454,-4.217657094296684e-05,9.810000136376765
1.9140000000000015,-0.009489448958752091,0.03214440133258165,-4.191573934765098e-05,9.810000134547535
1.9160000000000015,-0.009425578430971073,0.03193526389050882,-4.16563909948044e-05,9.810000132742434
1.9180000000000015,-0.009362123590051084,0.03172742045999455,-4.139851876376762e-05,9.810000130961154
1.9200000000000015,-0.009299081862699154,0.03152086367596547,-4.114211555351861e-05,9.810000129203386
1.9220000000000015,-0.009236450690281582,0.03131558620878503,-4.088717428296748e-05,9.810000127468825
1.9240000000000015,-0.009174227528753298,0.03111158076414272,-4.063368789095415e-05,9.810000125757174
1.9260000000000015,-0.009112409848587365,0.030908840082965437,-4.0381649336502135e-05,9.810000124068132
1.9280000000000015,-0.009050995134704757,0.030707356941303367,-4.0131051598785356e-05,9.810000122401409
1.9300000000000015,-0.008989980886404274,0.030507124150242478,-3.988188767740231e-05,9.810000120756715
1.9320000000000015,-0.00892936461729269,0.0303081345557926,-3.963415059237671e-05,9.810000119133765
1.9340000000000015,-0.0088691438552151,0.030110381038794386,-3.9387833384375284e-05,9.810000117532278
1.9360000000000015,-0.008809316142185481,0.029913856514808518,-3.914292911472709e-05,9.810000115951974
1.9380000000000015,-0.008749879034317443,0.029718553934019298,-3.889943086561143e-05,9.81000011439258
1.9400000000000015,-0.00869083010175519,0.029524466281126115,-3.8657331740108575e-05,9.810000112853823
1.9420000000000015,-0.008632166928604714,0.02933158657523816,-3.841662486229265e-05,9.810000111335436
1.9440000000000015,-0.008573887112865167,0.029139907869773624,-3.8177303377376684e-05,9.810000109837155
1.9460000000000015,-0.00851598826636046,0.02894942325235334,-3.793936045179777e-05,9.810000108358718
1.9480000000000015,-0.008458468014671075,0.02876012584469222,-3.770278927328044e-05,9.810000106899869
1.9500000000000015,-0.008401323997066088,0.028572008802493977,-3.746758305093903e-05,9.810000105460354
1.9520000000000015,-0.008344553866435386,0.02838506531535035,-3.723373501543411e-05,9.810000104039919
1.9540000000000015,-0.008288155289222141,0.028199288606621405,-3.700123841891617e-05,9.810000102638314
1.9560000000000015,-0.008232125945355459,0.028014671933342516,-3.677008653527329e-05,9.8100001012553
1.9580000000000015,-0.00817646352818325,0.027831208586102465,-3.6540272660056045e-05,9.810000099890631
1.9600000000000015,-0.008121165744405358,0.027648891888947074,-3.631179011068952e-05,9.810000098544071
1.9620000000000015,-0.008066230314006837,0.02746771519925955,-3.608463222642765e-05,9.810000097215383
1.9640000000000015,-0.008011654970191512,0.027287671907661872,-3.585879236854366e-05,9.810000095904332
1.9660000000000015,-0.007957437459315726,0.02710875543789406,-3.563426392027462e-05,9.810000094610693
1.9680000000000015,-0.007903575540822294,0.026930959246716634,-3.5411040287028816e-05,9.810000093334235
1.9700000000000015,-0.007850066987174713,0.02675427682378991,-3.518911489633239e-05,9.810000092074736
1.9720000000000015,-0.0077969095837915805,0.026578701691566488,-3.496848119792506e-05,9.810000090831974
1.9740000000000015,-0.007744101128981214,0.02640422740518382,-3.4749132663861005e-05,9.810000089605731
1.9760000000000015,-0.007691639433876513,0.026230847552350074,-3.453106278853313e-05,9.81000008839579
1.9780000000000015,-0.00763952232237005,0.026058555753231148,-3.431426508871007e-05,9.810000087201942
1.9800000000000015,-0.007587747631049365,0.02588734566034319,-3.409873310363865e-05,9.810000086023974
1.9820000000000015,-0.007536313209132495,0.025717210958435176,-3.388446039503392e-05,9.81000008486168
1.9840000000000015,-0.0074852169184037335,0.025548145364381433,-3.367144054718124e-05,9.810000083714856
1.9860000000000015,-0.007434456633149598,0.025380142627067538,-3.34596671669654e-05,9.810000082583297
1.9880000000000015,-0.00738403024009504,0.025213196527278412,-3.3249133883924244e-05,9.810000081466805
1.9900000000000015,-0.007333935638339873,0.0250473008775831,-3.303983435026586e-05,9.810000080365183
1.9920000000000015,-0.0072841707392954326,0.024882449522219567,-3.2831762240885466e-05,9.810000079278238
1.9940000000000015,-0.007234733466621452,0.024718636336990528,-3.262491125350747e-05,9.810000078205775
1.9960000000000016,-0.007185621756163171,0.02455585522914161,-3.24192751086287e-05,9.810000077147606
1.9980000000000016,-0.007136833555888676,0.024394100137247222,-3.2214847549548204e-05,9.810000076103545
2.0000000000000013,-0.0070883668258264745,0.024233365031100875,-3.2011622342446324e-05,9.810000075073406
2.002000000000001,-0.007040219538003276,0.024073643911599975,-3.1809593276402824e-05,9.810000074057008
2.004000000000001,-0.0069923896763820085,0.02391493081063391,-3.160875416345182e-05,9.810000073054168
2.0060000000000007,-0.006944875236800083,0.02375721979096219,-3.14090988385228e-05,9.81000007206471
2.0080000000000005,-0.006897674226907868,0.02360050494610699,-3.121062115954513e-05,9.81000007108846
2.0100000000000002,-0.006850784666107395,0.0234447804002357,-3.1013315007438736e-05,9.810000070125245
2.012,-0.006804204585491301,0.023290040308047925,-3.0817174286154885e-05,9.81000006917489
2.014,-0.00675793202778199,0.023136278854655842,-3.062219292264092e-05,9.81000006823723
2.0159999999999996,-0.006711965047271033,0.022983490255477832,-3.0428364866954887e-05,9.810000067312098
2.0179999999999993,-0.006666301709758804,0.022831668756114403,-3.0235684092178234e-05,9.810000066399327
2.019999999999999,-0.006620940092494326,0.02268080863223962,-3.004414459450435e-05,9.810000065498759
2.021999999999999,-0.006575878284115366,0.022530904189480325,-2.9853740393187637e-05,9.81000006461023
2.0239999999999987,-0.00653111438458875,0.022381949763307596,-2.966446553062885e-05,9.810000063733582
2.0259999999999985,-0.006486646505150919,0.02223393971891597,-2.9476314072323203e-05,9.810000062868662
2.0279999999999982,-0.006442472768248693,0.022086868451112646,-2.9289280106919264e-05,9.810000062015312
2.029999999999998,-0.006398591307480303,0.02194073038419564,-2.910335774615103e-05,9.810000061173383
2.031999999999998,-0.006355000267536617,0.021795519971842977,-2.8918541124894307e-05,9.810000060342723
2.0339999999999976,-0.00631169780414262,0.021651231696998587,-2.8734824401184972e-05,9.810000059523183
2.0359999999999974,-0.006268682083999113,0.02150786007175376,-2.855220175618475e-05,9.81000005871462
2.037999999999997,-0.006225951284724651,0.021365399637230817,-2.8370667394171667e-05,9.810000057916884
2.039999999999997,-0.0061835035947977075,0.02122384496347233,-2.8190215542590408e-05,9.810000057129837
2.0419999999999967,-0.006141337213499064,0.02108319064932145,-2.8010840452002397e-05,9.810000056353338
2.0439999999999965,-0.006099450350854444,0.020943431322310035,-2.7832536396121138e-05,9.810000055587246
2.0459999999999963,-0.006057841227577365,0.02080456163853898,-2.765529767175814e-05,9.810000054831423
2.047999999999996,-0.006016508075012237,0.02066657628256412,-2.7479118598830368e-05,9.810000054085737
2.049999999999996,-0.005975449135077669,0.020529469967284317,-2.730399352039026e-05,9.810000053350054
2.0519999999999956,-0.005934662660210021,0.020393237433824034,-2.712991680259256e-05,9.81000005262424
2.0539999999999954,-0.0058941469133071914,0.02025787345141479,-2.695688283464506e-05,9.810000051908164
2.055999999999995,-0.005853900167672621,0.020123372817284376,-2.6784886028846883e-05,9.8100000512017
2.057999999999995,-0.005813920706959535,0.019989730356542727,-2.661392082058559e-05,9.81000005050472
2.0599999999999947,-0.005774206825115417,0.01985694092205897,-2.6443981668233753e-05,9.810000049817098
2.0619999999999945,-0.005734756826326704,0.019724999394356155,-2.6275063053242452e-05,9.810000049138711
2.0639999999999943,-0.0056955690249637205,0.019593900681491614,-2.61071594800706e-05,9.810000048469439
2.065999999999994,-0.005656641745525838,0.019463639718940627,-2.594026547614981e-05,9.81000004780916
2.067999999999994,-0.005617973322586864,0.01933421146948675,-2.577437559192166e-05,9.810000047157752
2.0699999999999936,-0.005579562100740663,0.019205610923101035,-2.560948440074806e-05,9.810000046515103
2.0719999999999934,-0.005541406434547003,0.019077833096830168,-2.5445586498918954e-05,9.810000045881095
2.073999999999993,-0.005503504688477634,0.01895087303468454,-2.5282676505658275e-05,9.810000045255611
2.075999999999993,-0.0054658552368625855,0.018824725807524152,-2.5120749063102022e-05,9.810000044638542
2.0779999999999927,-0.005428456463836713,0.01869938651293674,-2.4959798836186994e-05,9.810000044029776
2.0799999999999925,-0.0053913067632864525,0.01857485027513032,-2.479982051269871e-05,9.810000043429202
2.0819999999999923,-0.005354404538796812,0.01845111224482017,-2.464080880325482e-05,9.81000004283671
2.083999999999992,-0.005317748203598588,0.018328167599111402,-2.4482758441236885e-05,9.810000042252197
2.085999999999992,-0.005281336180515813,0.018206011541387068,-2.432566418277999e-05,9.810000041675554
2.0879999999999916,-0.005245166901913423,0.018084639301195148,-2.4169520806749877e-05,9.810000041106678
2.0899999999999914,-0.005209238809645153,0.017964046134134447,-2.40143231147026e-05,9.810000040545464
2.091999999999991,-0.0051735503550016755,0.01784422732173937,-2.3860065930830245e-05,9.810000039991815
2.093999999999991,-0.005138099998658937,0.017725178171369125,-2.3706744101953847e-05,9.810000039445628
2.0959999999999908,-0.005102886210626741,0.017606894016098065,-2.35543524975257e-05,9.810000038906802
2.0979999999999905,-0.005067907470197555,0.017489370214592685,-2.340288600947906e-05,9.81000003837524
2.0999999999999903,-0.00503316226589553,0.01737260215101304,-2.3252339552349996e-05,9.810000037850848
2.10199999999999,-0.00499864909542575,0.017256585234889762,-2.3102708063121858e-05,9.81000003733353
2.10399999999999,-0.0049643664656237214,0.017141314901014382,-2.295398650121585e-05,9.81000003682319
2.1059999999999897,-0.004930312892405061,0.017026786609329648,-2.280616984847995e-05,9.810000036319739
2.1079999999999894,-0.004896486900715435,0.016912995844814305,-2.265925310911067e-05,9.810000035823082
2.109999999999989,-0.0048628870244806785,0.016799938117377847,-2.2513231309687136e-05,9.81000003533313
2.111999999999989,-0.0048295118065571985,0.016687608961739746,-2.2368099499023617e-05,9.810000034849795
2.1139999999999888,-0.004796359798682546,0.01657600393732645,-2.2223852748221978e-05,9.810000034372985
2.1159999999999886,-0.004763429561426237,0.016465118628155015,-2.208048615056965e-05,9.81000003390262
2.1179999999999883,-0.004730719664140788,0.016354948642724555,-2.1937994821521984e-05,9.810000033438607
2.119999999999988,-0.004698228684912976,0.016245489613906566,-2.179637389866998e-05,9.810000032980867
2.121999999999988,-0.004665955210515304,0.01613673719883523,-2.1655618541703813e-05,9.810000032529313
2.1239999999999877,-0.004633897836357724,0.016028687078789988,-2.151572393228589e-05,9.810000032083863
2.1259999999999875,-0.004602055166439529,0.015921334959096933,-2.137668527413394e-05,9.810000031644439
2.1279999999999872,-0.004570425813301514,0.01581467656900806,-2.1238497792849722e-05,9.810000031210958
2.129999999999987,-0.004539008397978312,0.015708707661600433,-2.1101156735970922e-05,9.810000030783339
2.131999999999987,-0.0045078015499509854,0.015603424013663198,-2.0964657372880765e-05,9.810000030361508
2.1339999999999866,-0.00447680390709981,0.015498821425587892,-2.082899499475301e-05,9.810000029945385
2.1359999999999864,-0.00444601411565729,0.015394895721259873,-2.069416491450588e-05,9.810000029534894
2.137999999999986,-0.004415430830161383,0.015291642747953067,-2.056016246678935e-05,9.810000029129963
2.139999999999986,-0.00438505271340895,0.01518905837621586,-2.04269830078704e-05,9.810000028730514
2.1419999999999857,-0.004354878436409412,0.015087138499769176,-2.029462191565113e-05,9.810000028336475
2.1439999999999855,-0.004324906678338626,0.01498587903539346,-2.0163074589559698e-05,9.810000027947774
2.1459999999999853,-0.004295136126492975,0.014885275922825663,-2.0032336450549157e-05,9.810000027564342
2.147999999999985,-0.004265565476243675,0.01478532512464954,-1.9902402941018876e-05,9.810000027186105
2.149999999999985,-0.0042361934309913035,0.014686022626185988,-1.9773269524731908e-05,9.810000026812995
2.1519999999999846,-0.004207018702120516,0.01458736443539333,-1.9644931686841396e-05,9.810000026444945
2.1539999999999844,-0.004178040008955012,0.01448934658275209,-1.9517384933738675e-05,9.810000026081882
2.155999999999984,-0.004149256078712672,0.014391965121169716,-1.939062479312326e-05,9.810000025723747
2.157999999999984,-0.004120665646460945,0.014295216125864261,-1.926464681383105e-05,9.81000002537047
2.1599999999999837,-0.004092267455072423,0.014199095694261341,-1.9139446565809526e-05,9.810000025021987
2.1619999999999835,-0.004064060255180635,0.014103599945893318,-1.9015019640114262e-05,9.810000024678232
2.1639999999999833,-0.00403604280513606,0.014008725022287406,-1.8891361648776077e-05,9.810000024339143
2.165999999999983,-0.004008213870962322,0.013914467086869286,-1.8768468224841827e-05,9.810000024004658
2.167999999999983,-0.003980572226312626,0.01382082232484788,-1.864633502219633e-05,9.810000023674716
2.1699999999999826,-0.003953116652426381,0.013727786943122294,-1.852495771563278e-05,9.810000023349254
2.1719999999999824,-0.003925845938086048,0.013635357170166604,-1.8404332000668272e-05,9.810000023028214
2.173999999999982,-0.0038987588795741748,0.013543529255936774,-1.8284453593606553e-05,9.810000022711536
2.175999999999982,-0.0038718542806306534,0.013452299471761,-1.816531823140935e-05,9.810000022399162
2.1779999999999817,-0.0038451309524101763,0.013361664110237757,-1.8046921671651403e-05,9.810000022091034
2.1799999999999815,-0.0038185877134399152,0.013271619485130582,-1.792925969243368e-05,9.810000021787094
2.1819999999999813,-0.0037922233895773773,0.013182161931269441,-1.7812328092369487e-05,9.810000021487287
2.183999999999981,-0.003766036813968482,0.01309328780444772,-1.769612269051572e-05,9.810000021191557
2.185999999999981,-0.003740026827005842,0.013004993481320283,-1.7580639326313113e-05,9.810000020899851
2.1879999999999806,-0.0037141922762872434,0.012917275359299343,-1.7465873859498092e-05,9.810000020612113
2.1899999999999804,-0.0036885320165743335,0.012830129856454736,-1.735182217006047e-05,9.81000002032829
2.19199999999998,-0.0036630449097515,0.012743553411416447,-1.7238480158222874e-05,9.810000020048331
2.19399999999998,-0.003637729824784973,0.012657542483263812,-1.7125843744265884e-05,9.810000019772184
2.1959999999999797,-0.003612585637682101,0.012572093551435773,-1.7013908868587427e-05,9.810000019499796
2.1979999999999795,-0.003587611231450843,0.012487203115628964,-1.6902671491620698e-05,9.810000019231117
2.1999999999999793,-0.0035628054960594622,0.012402867695690236,-1.6792127593685845e-05,9.810000018966099
2.201999999999979,-0.003538167328396411,0.012319083831525822,-1.668227317502542e-05,9.81000001870469
2.203999999999979,-0.0035136956322304163,0.01223584808299718,-1.6573104255686094e-05,9.810000018446843
2.2059999999999786,-0.0034893893181707687,0.01215315702982352,-1.646461687547111e-05,9.81000001819251
2.2079999999999784,-0.0034652473036278003,0.012071007271484285,-1.6356807093889636e-05,9.810000017941643
2.209999999999978,-0.003441268512773562,0.011989395427119465,-1.6249670990077113e-05,9.810000017694199
2.211999999999978,-0.003417451876502695,0.011908318135433194,-1.614320466274927e-05,9.810000017450127
2.2139999999999778,-0.0033937963323935083,0.01182777205459294,-1.6037404230101997e-05,9.810000017209383
2.2159999999999775,-0.0033703008246692427,0.011747753862133122,-1.5932265829757494e-05,9.810000016971925
2.2179999999999773,-0.003346964304159514,0.011668260254864253,-1.582778561877004e-05,9.810000016737705
2.219999999999977,-0.0033237857282619795,0.0115892879487677,-1.57239597734641e-05,9.810000016506683
2.221999999999977,-0.003300764060904169,0.011510833678904837,-1.5620784489432226e-05,9.810000016278813
2.2239999999999767,-0.003277898272505535,0.011432894199317327,-1.5518255981428013e-05,9.810000016054053
2.2259999999999764,-0.003255187339939667,0.011355466282934072,-1.5416370483331353e-05,9.810000015832363
2.227999999999976,-0.0032326302464967187,0.011278546721473708,-1.531512424805882e-05,9.8100000156137
2.229999999999976,-0.0032102259818460144,0.011202132325352651,-1.5214513547533336e-05,9.810000015398025
2.231999999999976,-0.003187973541998841,0.011126219923586509,-1.5114534672575424e-05,9.810000015185294
2.2339999999999756,-0.0031658719292714443,0.011050806363698113,-1.5015183932864075e-05,9.810000014975468
2.2359999999999753,-0.003143920152248196,0.010975888511624456,-1.4916457656883003e-05,9.810000014768512
2.237999999999975,-0.0031221172257449533,0.010901463251621422,-1.481835219183736e-05,9.810000014564386
2.239999999999975,-0.0031004621707726096,0.010827527486171827,-1.4720863903603895e-05,9.810000014363048
2.2419999999999747,-0.0030789540145008377,0.010754078135885707,-1.4623989176589826e-05,9.810000014164464
2.2439999999999745,-0.0030575917902220025,0.010681112139417234,-1.452772441377535e-05,9.810000013968597
2.2459999999999742,-0.0030363745373152727,0.010608626453365003,-1.4432066036564983e-05,9.810000013775406
2.247999999999974,-0.0030153013012109045,0.010536618052184497,-1.4337010484772442e-05,9.81000001358486
2.249999999999974,-0.0029943711333547123,0.010465083928096156,-1.4242554216552076e-05,9.810000013396921
2.2519999999999736,-0.002973583091172728,0.010394021090992293,-1.414869370831345e-05,9.810000013211555
2.2539999999999734,-0.002952936238036044,0.010323426568341832,-1.4055425454606902e-05,9.810000013028723
2.255999999999973,-0.00293242964322583,0.010253297405107204,-1.396274596814305e-05,9.810000012848397
2.257999999999973,-0.0029120623818985275,0.010183630663651293,-1.387065177969627e-05,9.810000012670539
2.2599999999999727,-0.002891833535051237,0.010114423423645475,-1.3779139438016395e-05,9.810000012495118
2.2619999999999725,-0.0028717421894872727,0.010045672781982103,-1.3688205509786728e-05,9.810000012322098
2.2639999999999723,-0.0028517874377819116,0.00997737585268033,-1.359784657950291e-05,9.810000012151448
2.265999999999972,-0.002831968378248303,0.009909529766804127,-1.3508059249485614e-05,9.810000011983139
2.267999999999972,-0.0028122841149035628,0.00984213167237033,-1.3418840139777394e-05,9.810000011817134
2.2699999999999716,-0.002792733757435043,0.00977517873426001,-1.3330185888072644e-05,9.810000011653406
2.2719999999999714,-0.002773316421166784,0.009708668134129834,-1.3242093149643834e-05,9.81000001149192
2.273999999999971,-0.0027540312270261406,0.009642597070321238,-1.3154558597238645e-05,9.81000001133265
2.275999999999971,-0.0027348773015105753,0.009576962757782847,-1.3067578921123498e-05,9.810000011175564
2.2779999999999707,-0.0027158537766546246,0.009511762427975221,-1.2981150828924047e-05,9.810000011020634
2.2799999999999705,-0.0026969597899970605,0.009446993328782214,-1.2895271045535142e-05,9.810000010867826
2.2819999999999703,-0.002678194484548189,0.009382652724435635,-1.280993631317854e-05,9.810000010717117
2.28399999999997,-0.00265955700875736,0.009318737895414438,-1.272514339116824e-05,9.810000010568476
2.28599999999997,-0.0026410465164806098,0.00925524613837492,-1.2640889056023043e-05,9.810000010421875
2.2879999999999696,-0.00262266216694851,0.009192174766049903,-1.2557170101223981e-05,9.810000010277287
2.2899999999999694,-0.002604403124734164,0.009129521107173402,-1.2473983337256498e-05,9.810000010134683
2.291999999999969,-0.002586268559721371,0.009067282506396424,-1.239132559154866e-05,9.810000009994038
2.293999999999969,-0.002568257647072986,0.009005456324192794,-1.2309193708292157e-05,9.810000009855326
2.2959999999999687,-0.0025503695671994088,0.008944039936788254,-1.2227584548523535e-05,9.810000009718516
2.2979999999999685,-0.0025326035057272717,0.008883030736068512,-1.2146494989962825e-05,9.81000000958359
2.2999999999999683,-0.002514958653468278,0.00882242612949725,-1.2065921926961544e-05,9.810000009450516
2.301999999999968,-0.0024974342063882092,0.00876222354003414,-1.1985862270447021e-05,9.81000000931927
2.303999999999968,-0.002480029365576108,0.008702420406050664,-1.190631294783692e-05,9.810000009189828
2.3059999999999676,-0.002462743337213612,0.0086430141812481,-1.1827270902976274e-05,9.810000009062167
2.3079999999999674,-0.0024455753325444505,0.008584002334581108,-1.1748733096132814e-05,9.81000000893626
2.309999999999967,-0.0024285245678441164,0.008525382350166855,-1.167069650382593e-05,9.810000008812088
2.311999999999967,-0.0024115902643897036,0.008467151727206383,-1.159315811878881e-05,9.81000000868962
2.3139999999999668,-0.0023947716484298805,0.008409307979911462,-1.1516114949990623e-05,9.810000008568839
2.3159999999999665,-0.002378067951155055,0.008351848637412661,-1.1439564022441528e-05,9.81000000844972
2.3179999999999663,-0.0023614784086676828,0.008294771243686206,-1.1363502377206573e-05,9.810000008332239
2.319999999999966,-0.0023450022619527387,0.008238073357472007,-1.128792707131608e-05,9.810000008216376
2.321999999999966,-0.0023286387568483575,0.00818175255219057,-1.1212835177659466e-05,9.810000008102108
2.3239999999999656,-0.002312387144016613,0.008125806415872081,-1.1138223785013199e-05,9.810000007989412
2.3259999999999654,-0.002296246678914473,0.008070232551070002,-1.1064089997890014e-05,9.810000007878271
2.327999999999965,-0.002280216621764906,0.00801502857478351,-1.0990430936484266e-05,9.810000007768657
2.329999999999965,-0.002264296237528146,0.007960192118379953,-1.091724373661328e-05,9.810000007660555
2.3319999999999648,-0.002248484795873103,0.007905720827521726,-1.0844525549705798e-05,9.810000007553944
2.3339999999999645,-0.0022327815711489403,0.00785161236208096,-1.0772273542648938e-05,9.8100000074488
2.3359999999999643,-0.002217185842356814,0.007797864396063082,-1.07004848977306e-05,9.810000007345105
2.337999999999964,-0.002201696893121738,0.007744474617538131,-1.062915681266719e-05,9.810000007242838
2.339999999999964,-0.002186314011664627,0.007691440728555442,-1.0558286500439383e-05,9.810000007141984
2.3419999999999637,-0.0021710364907744856,0.007638760445070527,-1.048787118926165e-05,9.810000007042518
2.3439999999999634,-0.002155863627780753,0.00758643149686642,-1.0417908122485568e-05,9.810000006944426
2.3459999999999632,-0.002140794724525792,0.007534451627480554,-1.0348394558562488e-05,9.810000006847686
2.347999999999963,-0.002125829087337524,0.007482818594133853,-1.027932777102709e-05,9.81000000675228
2.349999999999963,-0.0021109660270022335,0.007431530167645431,-1.0210705048315302e-05,9.810000006658191
2.3519999999999626,-0.002096204858737501,0.007380584132366115,-1.014252369379067e-05,9.810000006565401
2.3539999999999623,-0.002081544902165297,0.007329978286102001,-1.007478102565474e-05,9.81000000647389
2.355999999999962,-0.0020669854812852186,0.007279710440039116,-1.000747437686647e-05,9.810000006383644
2.357999999999962,-0.002052525924447876,0.0072297784186714144,-9.94060109509559e-06,9.810000006294644
2.3599999999999617,-0.0020381655643284266,0.007180180059724323,-9.874158542622045e-06,9.81000000620687
2.3619999999999615,-0.002023903737900255,0.007130913214086056,-9.808144096319456e-06,9.81000000612031
2.3639999999999612,-0.002009739786408788,0.007081975745733388,-9.74255514757311e-06,9.810000006034947
2.365999999999961,-0.001995673055345471,0.007033365531658534,-9.677389102206248e-06,9.810000005950762
2.367999999999961,-0.001981702894421879,0.0069850804617960244,-9.612643380402938e-06,9.81000000586774
2.3699999999999606,-0.001967828657543978,0.006937118438950699,-9.548315416639798e-06,9.810000005785865
2.3719999999999604,-0.0019540497027865132,0.006889477378732337,-9.484402659689641e-06,9.810000005705122
2.37399999999996,-0.0019403653923675572,0.0068421552094781075,-9.42090257248374e-06,9.810000005625495
2.37599999999996,-0.0019267750926231916,0.00679514987218277,-9.357812632058282e-06,9.81000000554697
2.3779999999999597,-0.0019132781739823318,0.006748459320429988,-9.295130329509471e-06,9.81000000546953
2.3799999999999595,-0.0018998740109416865,0.006702081520322531,-9.232853169933121e-06,9.810000005393162
2.3819999999999593,-0.0018865619820408683,0.006656014450409156,-9.170978672322878e-06,9.810000005317848
2.383999999999959,-0.0018733414698376297,0.006610256101619239,-9.10950436955263e-06,9.810000005243577
2.385999999999959,-0.0018602118608832437,0.00656480447719298,-9.048427808305612e-06,9.810000005170334
2.3879999999999586,-0.0018471725456980265,0.0065196575926082835,-8.987746548962366e-06,9.810000005098104
2.3899999999999584,-0.001834222918746991,0.006474813475517607,-8.927458165597642e-06,9.810000005026874
2.391999999999958,-0.0018213623784156371,0.006430270165677058,-8.867560245886584e-06,9.81000000495663
2.393999999999958,-0.0018085903269858773,0.00638602571487992,-8.80805039105781e-06,9.810000004887359
2.3959999999999577,-0.001795906170612108,0.00634207818688464,-8.748926215779425e-06,9.810000004819045
2.3979999999999575,-0.0017833093192974004,0.006298425657353894,-8.69018534816802e-06,9.81000000475168
2.3999999999999573,-0.0017707991868698282,0.0062550662137859005,-8.631825429706024e-06,9.810000004685246
2.401999999999957,-0.0017583751909589368,0.00621199795544573,-8.573844115155907e-06,9.810000004619733
2.403999999999957,-0.0017460367529723417,0.006169218993297723,-8.516239072483203e-06,9.810000004555128
2.4059999999999566,-0.0017337832980724528,0.006126727449944558,-8.45900798285157e-06,9.810000004491418
2.4079999999999564,-0.0017216142551533399,0.006084521459556347,-8.402148540501722e-06,9.81000000442859
2.409999999999956,-0.0017095290568177185,0.006042599167810806,-8.34565845275211e-06,9.810000004366634
2.411999999999956,-0.0016975271393540718,0.006000958731823466,-8.289535439884083e-06,9.810000004305536
2.4139999999999557,-0.001685607942713909,0.005959598320081191,-8.233777235060431e-06,9.810000004245286
2.4159999999999555,-0.0016737709104891357,0.005918516112386788,-8.17838158436636e-06,9.810000004185872
2.4179999999999553,-0.0016620154898895616,0.005877710299786995,-8.123346246659738e-06,9.81000000412728
2.419999999999955,-0.0016503411317205427,0.005837179084509333,-8.06866899351736e-06,9.810000004069503
2.421999999999955,-0.001638747290360743,0.005796920679900059,-8.014347609190816e-06,9.810000004012526
2.4239999999999546,-0.001627233423740023,0.005756933310359911,-7.96037989053404e-06,9.81000000395634
2.4259999999999544,-0.0016157989933174523,0.005717215211285393,-7.906763646990303e-06,9.810000003900933
2.427999999999954,-0.0016044434640594522,0.005677764629000085,-7.853496700463265e-06,9.810000003846296
2.429999999999954,-0.00159316630441806,0.0056385798206959195,-7.800576885297432e-06,9.810000003792416
2.4319999999999538,-0.0015819669863093178,0.005599659054371149,-7.748002048217567e-06,9.810000003739285
2.4339999999999535,-0.0015708449850917858,0.005561000608766082,-7.695770048240301e-06,9.810000003686891
2.4359999999999533,-0.0015597997795451768,0.005522602773304366,-7.643878756644784e-06,9.810000003635228
2.437999999999953,-0.0015488308518491105,0.005484463848033165,-7.5923260569277795e-06,9.810000003584278
2.439999999999953,-0.0015379376875620015,0.005446582143554465,-7.541109844655467e-06,9.810000003534038
2.4419999999999527,-0.0015271197756000488,0.005408955980976336,-7.490228027537029e-06,9.810000003484497
2.4439999999999524,-0.0015163766082163647,0.005371583691842016,-7.439678525245289e-06,9.810000003435642
2.445999999999952,-0.0015057076809802158,0.005334463618074525,-7.389459269408846e-06,9.810000003387467
2.447999999999952,-0.0014951124927563752,0.00529759411192016,-7.3395682035890165e-06,9.810000003339962
2.4499999999999518,-0.0014845905456846113,0.005260973535882023,-7.290003283140781e-06,9.810000003293117
2.4519999999999516,-0.0014741413451592779,0.005224600262666842,-7.24076247522075e-06,9.810000003246923
2.4539999999999513,-0.0014637643998090298,0.005188472675124033,-7.191843758704628e-06,9.810000003201372
2.455999999999951,-0.001453459221476654,0.005152589166188097,-7.143245124139034e-06,9.810000003156455
2.457999999999951,-0.0014432253251990183,0.005116948138817685,-7.094964573652549e-06,9.810000003112162
2.4599999999999507,-0.0014330622291871382,0.005081548005940199,-7.047000120926322e-06,9.810000003068485
2.4619999999999505,-0.0014229694548063452,0.005046387190396401,-6.999349791161814e-06,9.810000003025415
2.4639999999999502,-0.001412946526556591,0.005011464124877263,-6.952011620957706e-06,9.810000002982946
2.46599999999995,-0.001402992972052845,0.004976777251873007,-6.9049836583215445e-06,9.810000002941067
2.46799999999995,-0.0013931083220056273,0.004942325023608841,-6.858263962527842e-06,9.81000000289977
2.4699999999999496,-0.0013832921102016303,0.004908105901998434,-6.811850604173773e-06,9.81000000285905
2.4719999999999493,-0.0013735438734844754,0.004874118358577441,-6.765741665006462e-06,9.810000002818894
2.473999999999949,-0.001363863151735566,0.004840360874454757,-6.719935237947302e-06,9.8100000027793
2.475999999999949,-0.0013542494878550561,0.004806831940254902,-6.674429427013687e-06,9.810000002740257
2.4779999999999487,-0.0013447024277429354,0.004773530056060419,-6.629222347237119e-06,9.810000002701756
2.4799999999999485,-0.001335221520280209,0.00474045373136312,-6.5843121246791605e-06,9.810000002663793
2.4819999999999482,-0.0013258063173102116,0.004707601484998722,-6.539696896256082e-06,9.810000002626358
2.483999999999948,-0.0013164563736200042,0.004674971845103646,-6.49537480981121e-06,9.810000002589446
2.485999999999948,-0.0013071712469218913,0.004642563349056289,-6.4513440240092886e-06,9.810000002553046
2.4879999999999476,-0.0012979504978350594,0.004610374543416098,-6.407602708202324e-06,9.810000002517155
2.4899999999999474,-0.0012887936898672919,0.004578403983883685,-6.364149042530889e-06,9.810000002481765
2.491999999999947,-0.0012797003893968229,0.004546650235234347,-6.3209812177217255e-06,9.810000002446868
2.493999999999947,-0.0012706701656542778,0.004515111871272652,-6.2780974351204474e-06,9.810000002412457
2.4959999999999467,-0.0012617025907047216,0.004483787474778148,-6.235495906621374e-06,9.810000002378526
2.4979999999999465,-0.0012527972394298173,0.0044526756374521845,-6.193174854606929e-06,9.810000002345069
2.4999999999999463,-0.0012439536895100854,0.004421774959865842,-6.151132511896688e-06,9.810000002312076
2.501999999999946,-0.0012351715214072745,0.004391084051405649,-6.109367121668418e-06,9.810000002279546
2.503999999999946,-0.0012264503183468294,0.004360601530222613,-6.067876937413827e-06,9.810000002247468
2.5059999999999456,-0.0012177896663004536,0.004330326023187909,-6.026660222966914e-06,9.810000002215839
2.5079999999999454,-0.0012091891539687946,0.004300256165829731,-5.9857152523166345e-06,9.810000002184653
2.509999999999945,-0.0012006483727642163,0.004270390602288974,-5.945040309629215e-06,9.810000002153899
2.511999999999945,-0.0011921669167936776,0.004240727985269379,-5.904633689205306e-06,9.810000002123576
2.5139999999999447,-0.0011837443828417113,0.004211266975983251,-5.864493695384443e-06,9.810000002093677
2.5159999999999445,-0.0011753803703534993,0.004182006244106029,-5.824618642546842e-06,9.810000002064195
2.5179999999999443,-0.0011670744814180575,0.004152944467720898,-5.785006854999634e-06,9.810000002035125
2.519999999999944,-0.0011588263207515132,0.004124080333272253,-5.745656666960385e-06,9.81000000200646
2.521999999999944,-0.001150635495680475,0.004095412535519172,-5.706566422538453e-06,9.810000001978196
2.5239999999999436,-0.0011425016161255238,0.004066939777475584,-5.667734475562738e-06,9.810000001950327
2.5259999999999434,-0.001134424294584772,0.004038660770375934,-5.629159189694788e-06,9.810000001922848
2.527999999999943,-0.001126403146117537,0.004010574233617565,-5.590838938277008e-06,9.810000001895752
2.529999999999943,-0.0011184377883281132,0.003982678894711971,-5.552772104277524e-06,9.810000001869035
2.5319999999999427,-0.0011105278413496321,0.003954973489240487,-5.5149570802826836e-06,9.810000001842692
2.5339999999999425,-0.0011026729278280259,0.003927456760803323,-5.477392268411765e-06,9.810000001816718
2.5359999999999423,-0.001094872672906082,0.0039001274609719266,-5.440076080266756e-06,9.810000001791105
2.537999999999942,-0.0010871267042075858,0.0038729843492479863,-5.403006936954363e-06,9.810000001765852
2.539999999999942,-0.0010794346518215744,0.0038460261930058286,-5.366183268918022e-06,9.810000001740951
2.5419999999999416,-0.0010717961482866625,0.003819251767455853,-5.329603516004806e-06,9.810000001716398
2.5439999999999414,-0.0010642108285754868,0.0037926598555880304,-5.293266127304355e-06,9.81000000169219
2.545999999999941,-0.0010566783300792204,0.0037662492481331292,-5.257169561185595e-06,9.810000001668321
2.547999999999941,-0.0010491982925921947,0.003740018743512858,-5.2213122852057205e-06,9.810000001644784
2.5499999999999408,-0.0010417703582965992,0.0037139671477977683,-5.185692776104378e-06,9.810000001621578
2.5519999999999405,-0.0010343941717472869,0.0036880932746562885,-5.150309519695081e-06,9.810000001598697
2.5539999999999403,-0.001027069379856666,0.003662395945310412,-5.115161010828735e-06,9.810000001576135
2.55599999999994,-0.0010197956318796786,0.0036368739884935965,-5.08024575338002e-06,9.81000000155389
2.55799999999994,-0.0010125725793988702,0.0036115262404042307,-5.045562260181336e-06,9.810000001531956
2.5599999999999397,-0.0010053998763095455,0.0035863515446624286,-5.011109052991758e-06,9.810000001510328
2.5619999999999394,-0.000998277178805025,0.0035613487522601762,-4.9768846623880175e-06,9.810000001489005
2.563999999999939,-0.0009912041453619754,0.0035365167215247683,-4.942887627803427e-06,9.81000000146798
2.565999999999939,-0.0009841804367258396,0.0035118543180678464,-4.909116497401674e-06,9.810000001447248
2.5679999999999388,-0.0009772057158963397,0.0034873604147499485,-4.87556982812337e-06,9.81000000142681
2.5699999999999386,-0.0009702796481130896,0.0034630338916251118,-4.842246185504652e-06,9.810000001406655
2.5719999999999383,-0.00096340190084127,0.003438873635909854,-4.809144143768828e-06,9.810000001386785
2.573999999999938,-0.0009565721437574055,0.0034148785419322106,-4.7762622856903215e-06,9.810000001367191
2.575999999999938,-0.0009497900487352214,0.0033910475110918493,-4.743599202581289e-06,9.810000001347873
2.5779999999999377,-0.0009430552898315876,0.003367379451816864,-4.7111534942381424e-06,9.810000001328826
2.5799999999999375,-0.0009363675432725422,0.0033438732795227823,-4.678923768911054e-06,9.810000001310046
2.5819999999999372,-0.0009297264874394102,0.0033205279165660355,-4.646908643208068e-06,9.81000000129153
2.583999999999937,-0.0009231318028549909,0.003297342292209612,-4.6151067421347665e-06,9.810000001273272
2.585999999999937,-0.000916583172169842,0.0032743153425743125,-4.58351669896891e-06,9.810000001255272
2.5879999999999366,-0.0009100802801486419,0.0032514460105999726,-4.552137155244952e-06,9.810000001237523
2.5899999999999364,-0.000903622813656631,0.0032287332460055793,-4.5209667607241184e-06,9.810000001220024
2.591999999999936,-0.0008972104616461345,0.0032061760052482804,-4.490004173349694e-06,9.81000000120277
2.593999999999936,-0.0008908429151431784,0.0031837732514779587,-4.4592480591494195e-06,9.810000001185758
2.5959999999999357,-0.0008845198672341728,0.0031615239545028893,-4.428697092260921e-06,9.810000001168985
2.5979999999999355,-0.0008782410130526773,0.0031394270907476405,-4.3983499548677925e-06,9.810000001152448
2.5999999999999353,-0.00087200604976626,0.0031174816432087567,-4.3682053371073396e-06,9.810000001136142
2.601999999999935,-0.000865814676563417,0.003095686601421523,-4.338261937102059e-06,9.810000001120066
2.603999999999935,-0.00085966659464059,0.003074040961413433,-4.30851846083802e-06,9.810000001104216
2.6059999999999346,-0.0008535615071892456,0.0030525437256720615,-4.278973622204115e-06,9.810000001088587
2.6079999999999344,-0.0008474991193830441,0.0030311939031007484,-4.249626142891326e-06,9.81000000107318
2.609999999999934,-0.0008414791383650868,0.0030099905089787144,-4.220474752339529e-06,9.810000001057988
2.611999999999934,-0.0008355012732352332,0.002988932564926717,-4.19151818774479e-06,9.81000000104301
2.6139999999999337,-0.0008295652350374967,0.0029680190988682744,-4.162755194014679e-06,9.810000001028241
2.6159999999999335,-0.0008236707367475282,0.002947249144984242,-4.134184523645839e-06,9.81000000101368
2.6179999999999333,-0.0008178174932601601,0.0029266217436840084,-4.105804936787121e-06,9.810000000999326
2.619999999999933,-0.00081200522137704,0.0029061359415600697,-4.077615201113087e-06,9.810000000985172
2.621999999999933,-0.0008062336397943261,0.0028857907913570125,-4.04961409185779e-06,9.810000000971216
2.6239999999999326,-0.0008005024690904718,0.002865585351927195,-4.021800391696359e-06,9.810000000957457
2.6259999999999324,-0.0007948114317140725,0.0028455186881997272,-3.9941728907744434e-06,9.810000000943893
2.627999999999932,-0.0007891602519718023,0.002825589871135048,-3.966730386572741e-06,9.810000000930517
2.629999999999932,-0.0007835486560164033,0.0028057979776994445,-3.939471683994845e-06,9.81000000091733
2.6319999999999317,-0.0007779763718347639,0.002786142090819627,-3.912395595227833e-06,9.81000000090433
2.6339999999999315,-0.0007724431292360649,0.0027666212993494943,-3.885500939738093e-06,9.810000000891511
2.6359999999999313,-0.0007669486598400045,0.0027472346980302476,-3.85878654418992e-06,9.810000000878874
2.637999999999931,-0.0007614926970650813,0.002727981387461588,-3.8322512424873045e-06,9.810000000866415
2.639999999999931,-0.0007560749761169599,0.002708860474060722,-3.8058938756762755e-06,9.81000000085413
2.6419999999999306,-0.0007506952339769104,0.0026898710700246965,-3.7797132918820777e-06,9.810000000842019
2.6439999999999304,-0.0007453532093903117,0.002671012293299375,-3.7537083463196285e-06,9.810000000830076
2.64599999999993,-0.0007400486428552235,0.0026522832675439875,-3.727877901252074e-06,9.810000000818302
2.64799999999993,-0.000734781276611041,0.0026336831220912455,-3.7022208258969557e-06,9.810000000806696
2.6499999999999297,-0.000729550854627204,0.002615210991918537,-3.67673599645555e-06,9.810000000795252
2.6519999999999295,-0.0007243571225919833,0.0025968660176102594,-3.6514222960403093e-06,9.810000000783969
2.6539999999999293,-0.000719199827901343,0.002578647345320149,-3.6262786145996994e-06,9.810000000772847
2.655999999999929,-0.0007140787196478493,0.002560554126746911,-3.601303848991874e-06,9.81000000076188
2.657999999999929,-0.0007089935486096761,0.0025425855190865775,-3.576496902793222e-06,9.810000000751067
2.6599999999999286,-0.0007039440672396532,0.0025247406850114587,-3.551856686405128e-06,9.810000000740407
2.6619999999999284,-0.0006989300296544015,0.0025070187926258284,-3.5273821168962255e-06,9.810000000729897
2.663999999999928,-0.0006939511916235228,0.002489419015439332,-3.5030721180425967e-06,9.810000000719535
2.665999999999928,-0.0006890073105588598,0.0024719405323315384,-3.4789256202662386e-06,9.81000000070932
2.6679999999999278,-0.0006840981455038269,0.002454582527516483,-3.4549415605713023e-06,9.810000000699247
2.6699999999999275,-0.0006792234571227927,0.0024373441905171907,-3.4311188825913e-06,9.810000000689318
2.6719999999999273,-0.0006743830076905522,0.002420224716120249,-3.4074565364088525e-06,9.810000000679528
2.673999999999927,-0.0006695765610818382,0.002403223304356976,-3.3839534786738682e-06,9.810000000669875
2.675999999999927,-0.0006648038827609134,0.002386339160462428,-3.3606086724698904e-06,9.810000000660361
2.6779999999999267,-0.0006600647397712289,0.0023695714948421633,-3.337421087265546e-06,9.810000000650978
2.6799999999999264,-0.0006553589007251287,0.0023529195230500835,-3.314389698989711e-06,9.81000000064173
2.681999999999926,-0.000650686135793645,0.002336382465741904,-3.291513489829273e-06,9.810000000632611
2.683999999999926,-0.000646046216696328,0.002319959548658534,-3.268791448362932e-06,9.81000000062362
2.685999999999926,-0.0006414389166911625,0.00230365000258287,-3.2462225693928636e-06,9.810000000614759
2.6879999999999256,-0.0006368640105645338,0.002287453063314315,-3.2238058539745837e-06,9.81000000060602
2.6899999999999253,-0.0006323212746212538,0.00227136797163997,-3.2015403094077483e-06,9.810000000597405
2.691999999999925,-0.0006278104866746642,0.002255393973294755,-3.1794249490996833e-06,9.810000000588913
2.693999999999925,-0.0006233314260367858,0.0022395303189392496,-3.1574587926272214e-06,9.81000000058054
2.6959999999999247,-0.0006188838735085418,0.0022237762641220214,-3.135640865621655e-06,9.810000000572286
2.6979999999999245,-0.0006144676113700245,0.0022081310692585823,-3.1139701998397232e-06,9.810000000564147
2.6999999999999242,-0.0006100824233708349,0.0021925939995948228,-3.0924458330578023e-06,9.810000000556125
2.701999999999924,-0.0006057280947204895,0.0021771643251726714,-3.0710668089886577e-06,9.810000000548213
2.703999999999924,-0.0006014044120788671,0.002161841320811257,-3.049832177372013e-06,9.810000000540414
2.7059999999999236,-0.000597111163546733,0.0021466242660670293,-3.028740993825681e-06,9.810000000532726
2.7079999999999234,-0.0005928481386563164,0.002131512445208274,-3.007792319857222e-06,9.810000000525147
2.709999999999923,-0.0005886151283619394,0.0021165051471885243,-2.986985222861642e-06,9.810000000517674
2.711999999999923,-0.0005844119250307083,0.0021016016656155404,-2.9663187760676206e-06,9.810000000510307
2.7139999999999227,-0.0005802383224332768,0.002086801298715858,-2.945792058431158e-06,9.810000000503045
2.7159999999999225,-0.0005760941157346425,0.0020721033493170623,-2.9254041547281845e-06,9.810000000495885
2.7179999999999223,-0.0005719791014850267,0.0020575071248079,-2.9051541553950057e-06,9.810000000488827
2.719999999999922,-0.0005678930776107833,0.002043011937121667,-2.8850411566300757e-06,9.810000000481867
2.721999999999922,-0.0005638358434053948,0.0020286171026941057,-2.86506426020602e-06,9.810000000475007
2.7239999999999216,-0.000559807199520497,0.002014321942449001,-2.845222573592763e-06,9.810000000468243
2.7259999999999214,-0.0005558069479569759,0.0020001257817605163,-2.825515209816654e-06,9.810000000461574
2.727999999999921,-0.0005518348920561206,0.001986027950427708,-2.805941287454832e-06,9.810000000455002
2.729999999999921,-0.0005478908364908225,0.0019720277826490457,-2.786499930628477e-06,9.81000000044852
2.7319999999999207,-0.000543974587256842,0.0019581246169902856,-2.76719026891896e-06,9.81000000044213
2.7339999999999205,-0.000540085951664113,0.0019443177963645248,-2.7480114374203482e-06,9.810000000435833
2.7359999999999203,-0.0005362247383281195,0.001930606667996752,-2.7289625766149004e-06,9.810000000429623
2.73799999999992,-0.0005323907571613139,0.001916990583402796,-2.710042832409609e-06,9.810000000423502
2.73999999999992,-0.0005285838193645973,0.0019034688983583057,-2.6912513560584395e-06,9.810000000417467
2.7419999999999196,-0.0005248037374188507,0.001890040972873268,-2.672587304145496e-06,9.810000000411517
2.7439999999999194,-0.0005210503250765155,0.0018767061711676353,-2.654049838579236e-06,9.810000000405651
2.745999999999919,-0.0005173233973532282,0.0018634638616436279,-2.635638126547674e-06,9.810000000399869
2.747999999999919,-0.0005136227705195165,0.0018503134168558202,-2.617351340446586e-06,9.810000000394169
2.7499999999999187,-0.0005099482620925341,0.0018372542134912004,-2.599188657918955e-06,9.81000000038855
2.7519999999999185,-0.0005062996908278601,0.0018242856323370405,-2.581149261755199e-06,9.81000000038301
2.7539999999999183,-0.0005026768767113447,0.001811407058257632,-2.5632323398917334e-06,9.810000000377547
2.755999999999918,-0.0004990796409509983,0.0017986178801732342,-2.5454370854333852e-06,9.810000000372163
2.757999999999918,-0.0004955078059689424,0.0017859174910279474,-2.527762696549134e-06,9.810000000366855
2.7599999999999176,-0.0004919611953934094,0.0017733052877664465,-2.510208376466057e-06,9.810000000361622
2.7619999999999174,-0.0004884396340507947,0.0017607806713073912,-2.492773333424159e-06,9.810000000356466
2.763999999999917,-0.00048494294795775,0.0017483430465223774,-2.4754567806926288e-06,9.810000000351378
2.765999999999917,-0.0004814709643133379,0.001735991822206023,-2.458257936484196e-06,9.810000000346365
2.7679999999999167,-0.0004780235114912281,0.0017237264110549193,-2.4411760239681497e-06,9.810000000341423
2.7699999999999165,-0.0004746004190319462,0.0017115462296410408,-2.424210271219384e-06,9.81000000033655
2.7719999999999163,-0.0004712015176351647,0.0016994506983906955,-2.4073599112285727e-06,9.810000000331748
2.773999999999916,-0.00046782663915206,0.001687439241552397,-2.390624181785474e-06,9.810000000327012
2.775999999999916,-0.0004644756165776951,0.0016755112871824612,-2.3740023255611453e-06,9.810000000322345
2.7779999999999156,-0.00046114828404347156,0.0016636662671117698,-2.357493589975876e-06,9.810000000317743
2.7799999999999154,-0.00045784447680961317,0.0016519036169291524,-2.341097227253416e-06,9.810000000313206
2.781999999999915,-0.000454564031257708,0.001640222775952581,-2.3248124943361035e-06,9.810000000308733
2.783999999999915,-0.00045130678488329394,0.001628623187207013,-2.308638652873498e-06,9.810000000304324
2.7859999999999148,-0.00044807257628848724,0.0016171042974033407,-2.292574969222276e-06,9.81000000029998
2.7879999999999145,-0.0004448612451746569,0.0016056655569151256,-2.276620714419947e-06,9.810000000295695
2.7899999999999143,-0.0004416726323351618,0.0015943064197475783,-2.260775164068878e-06,9.81000000029147
2.791999999999914,-0.0004385065796481177,0.0015830263435220478,-2.24503759839426e-06,9.810000000287307
2.793999999999914,-0.00043536293006921214,0.0015718247894527559,-2.2294073022134225e-06,9.810000000283202
2.7959999999999137,-0.00043224152762457184,0.001560701222320207,-2.2138835648659703e-06,9.810000000279157
2.7979999999999134,-0.00042914221740366493,0.0015496551104534641,-2.198465680242799e-06,9.810000000275167
2.7999999999999132,-0.00042606484555226,0.0015386859257024497,-2.1831529467009713e-06,9.810000000271234
2.801999999999913,-0.00042300925926542186,0.0015277931434191125,-2.167944667077293e-06,9.810000000267358
2.803999999999913,-0.00041997530678055127,0.0015169762424352695,-2.152840148663244e-06,9.810000000263537
2.8059999999999126,-0.0004169628373704815,0.0015062347050349095,-2.1378387031155213e-06,9.81000000025977
2.8079999999999123,-0.0004139717013366041,0.0014955680169386816,-2.1229396465030534e-06,9.810000000256057
2.809999999999912,-0.0004110017500020428,0.0014849756672806304,-2.108142299265332e-06,9.810000000252396
2.811999999999912,-0.000408052835704873,0.0014744571485849301,-2.0934459861692735e-06,9.810000000248786
2.8139999999999117,-0.00040512481179138556,0.0014640119567437273,-2.078850036277096e-06,9.810000000245228
2.8159999999999115,-0.00040221753260938895,0.0014536395909983057,-2.064353782950549e-06,9.810000000241722
2.8179999999999112,-0.0003993308535015639,0.0014433395539124984,-2.049956563766065e-06,9.810000000238265
2.819999999999911,-0.0003964646307988385,0.0014331113513627162,-2.0356577206167075e-06,9.810000000234856
2.821999999999911,-0.00039361872181383785,0.0014229544925002792,-2.0214565994996425e-06,9.810000000231497
2.8239999999999106,-0.00039079298483434384,0.0014128684897469857,-2.0073525506776955e-06,9.810000000228186
2.8259999999999104,-0.00038798727911682005,0.0014028528587618752,-1.993344928514568e-06,9.810000000224921
2.82799999999991,-0.0003852014648799641,0.0013929071184279346,-1.9794330915336654e-06,9.810000000221702
2.82999999999991,-0.000382435403298313,0.0013830307908255079,-1.965616402325592e-06,9.81000000021853
2.8319999999999097,-0.0003796889564958794,0.0013732234012167864,-1.9518942275794275e-06,9.810000000215403
2.8339999999999095,-0.00037696198753982534,0.001363484478026975,-1.9382659380757117e-06,9.81000000021232
2.8359999999999093,-0.0003742543604341921,0.0013538135528165943,-1.924730908577576e-06,9.81000000020928
2.837999999999909,-0.00037156594011365573,0.0013442101602681863,-1.9112885178833185e-06,9.810000000206285
2.839999999999909,-0.0003688965924373297,0.0013346738381630485,-1.8979381487653501e-06,9.810000000203331
2.8419999999999086,-0.00036624618418260485,0.0013252041273624008,-1.8846791879577917e-06,9.81000000020042
2.8439999999999084,-0.00036361458303903443,0.0013158005717852266,-1.8715110261052241e-06,9.81000000019755
2.845999999999908,-0.00036100165760224675,0.0013064627183938709,-1.8584330577979904e-06,9.810000000194721
2.847999999999908,-0.00035840727736790744,0.001297190117169667,-1.8454446814937473e-06,9.810000000191932
2.8499999999999077,-0.0003558313127257148,0.001287982321096318,-1.8325452995251747e-06,9.810000000189183
2.8519999999999075,-0.0003532736349534371,0.0012788388861388466,-1.8197343180565808e-06,9.810000000186474
2.8539999999999073,-0.00035073411621098756,0.0012697593712247613,-1.8070111470641862e-06,9.810000000183802
2.855999999999907,-0.0003482126295345327,0.0012607433382274388,-1.7943752003404877e-06,9.81000000018117
2.857999999999907,-0.0003457090488306492,0.0012517903519417494,-1.7818258954096015e-06,9.810000000178572
2.8599999999999066,-0.0003432232488705032,0.001242899980072979,-1.7693626535917807e-06,9.810000000176014
2.8619999999999064,-0.00034075510528408265,0.0012340717932102388,-1.7569848998915486e-06,9.810000000173492
2.863999999999906,-0.0003383044945544586,0.0012253053648120646,-1.744692063022067e-06,9.810000000171005
2.865999999999906,-0.00033587129401208124,0.0012166002711886887,-1.7324835753912083e-06,9.810000000168555
2.8679999999999057,-0.0003334553818291148,0.001207956091483207,-1.7203588730738721e-06,9.810000000166138
2.8699999999999055,-0.0003310566370138114,0.0011993724076516364,-1.7083173957706305e-06,9.810000000163756
2.8719999999999053,-0.0003286749394049255,0.0011908488044429738,-1.6963585867648774e-06,9.81000000016141
2.873999999999905,-0.0003263101696661515,0.0011823848693870082,-1.6844818929668429e-06,9.810000000159095
2.875999999999905,-0.00032396220928060496,0.001173980192773272,-1.6726867648564519e-06,9.810000000156814
2.8779999999999046,-0.00032163094054534494,0.0011656343676299896,-1.6609726564247436e-06,9.810000000154565
2.8799999999999044,-0.00031931624656592565,0.0011573469897096773,-1.6493390251891315e-06,9.810000000152348
2.881999999999904,-0.00031701801125097175,0.0011491176574769538,-1.6377853322333427e-06,9.810000000150163
2.883999999999904,-0.0003147361193068056,0.0011409459720830612,-1.6263110420958045e-06,9.810000000148008
2.8859999999999038,-0.0003124704562321138,0.0011328315373459212,-1.6149156227188495e-06,9.810000000145886
2.8879999999999035,-0.0003102209083126246,0.0011247739597445975,-1.603598545560078e-06,9.810000000143793
2.8899999999999033,-0.0003079873626158392,0.0011167728483927044,-1.5923592854651293e-06,9.81000000014173
2.891999999999903,-0.0003057697069857935,0.0011088278150228987,-1.5811973206639135e-06,9.810000000139697
2.893999999999903,-0.00030356783003784627,0.0011009384739735833,-1.5701121327912033e-06,9.810000000137691
2.8959999999999027,-0.0003013816211535105,0.0010931044421678582,-1.5591032068184947e-06,9.810000000135716
2.8979999999999024,-0.0002992109704753145,0.0010853253390980097,-1.5481700310471993e-06,9.810000000133767
2.899999999999902,-0.00029705576890169005,0.0010776007868122162,-1.5373120971261806e-06,9.810000000131847
2.901999999999902,-0.0002949159080819052,0.0010699304098923902,-1.5265288999678948e-06,9.810000000129953
2.9039999999999018,-0.00029279128041102126,0.0010623138354419921,-1.5158199377761005e-06,9.810000000128088
2.9059999999999016,-0.00029068177902488913,0.0010547506930660873,-1.5051847119849432e-06,9.81000000012625
2.9079999999999013,-0.00028858729779516633,0.0010472406148613752,-1.4946227273098845e-06,9.810000000124436
2.909999999999901,-0.0002865077313243828,0.0010397832353918179,-1.484133491634694e-06,9.81000000012265
2.911999999999901,-0.0002844429749410277,0.0010323781916775578,-1.4737165160475145e-06,9.810000000120889
2.9139999999999007,-0.0002823929246946666,0.0010250251231805185,-1.463371314838695e-06,9.810000000119151
2.9159999999999004,-0.0002803574773510999,0.0010177236717833526,-1.453097405422364e-06,9.81000000011744
2.9179999999999002,-0.0002783365303875432,0.001010473481778364,-1.4428943083695862e-06,9.810000000115755
2.9199999999999,-0.0002763299819878458,0.0010032741998486734,-1.4327615473530285e-06,9.81000000011409
2.9219999999999,-0.00027433773103773603,0.0009961254750549238,-1.4226986491531254e-06,9.810000000112453
2.9239999999998996,-0.00027235967712010094,0.000989026958817555,-1.4127051436132787e-06,9.810000000110836
2.9259999999998993,-0.00027039572051029166,0.0009819783049046151,-1.4027805636566397e-06,9.810000000109243
2.927999999999899,-0.00026844576217146366,0.0009749791694140366,-1.3929244452394574e-06,9.810000000107674
2.929999999999899,-0.00026650970374994743,0.0009680292107581239,-1.383136327328302e-06,9.810000000106127
2.9319999999998987,-0.0002645874475706468,0.0009611280896502604,-1.3734157519014136e-06,9.810000000104601
2.9339999999998985,-0.00026267889663246806,0.0009542754690893966,-1.3637622639242158e-06,9.810000000103097
2.9359999999998982,-0.0002607839546037789,0.0009474710143445411,-1.3541754113237965e-06,9.810000000101615
2.937999999999898,-0.00025890252581789816,0.0009407143929403571,-1.3446547449749114e-06,9.810000000100153
2.939999999999898,-0.00025703451526861706,0.0009340052746405442,-1.3351998186599855e-06,9.810000000098714
2.9419999999998976,-0.00025517982860573694,0.0009273433314400839,-1.3258101891285784e-06,9.810000000097295
2.9439999999998974,-0.00025333837213065515,0.0009207282375408652,-1.3164854159680673e-06,9.810000000095895
2.945999999999897,-0.00025151005279196734,0.0009141596693439304,-1.3072250616608408e-06,9.810000000094517
2.947999999999897,-0.0002496947781811016,0.0009076373054328559,-1.2980286915408865e-06,9.810000000093156
2.9499999999998967,-0.00024789245652798067,0.0009011608265604579,-1.2888958737867507e-06,9.810000000091817
2.9519999999998965,-0.0002461029966967096,0.000894729915635498,-1.2798261794139215e-06,9.810000000090497
2.9539999999998963,-0.0002443263081813041,0.0008883442577027413,-1.270819182190729e-06,9.810000000089195
2.955999999999896,-0.0002425623011014293,0.0008820035399374161,-1.2618744587163112e-06,9.81000000008791
2.957999999999896,-0.00024081088619817205,0.0008757074516285968,-1.2529915883729224e-06,9.810000000086646
2.9599999999998956,-0.00023907197482985571,0.0008694556841581536,-1.244170153226607e-06,9.810000000085399
2.9619999999998954,-0.0002373454789678586,0.0008632479309985361,-1.2354097381400463e-06,9.810000000084171
2.963999999999895,-0.00023563131119247292,0.0008570838876928327,-1.2267099306846786e-06,9.810000000082958
2.965999999999895,-0.00023392938468879662,0.0008509632518381511,-1.2180703210888593e-06,9.810000000081764
2.9679999999998947,-0.00023223961324263194,0.000844885723082295,-1.2094905023357695e-06,9.810000000080587
2.9699999999998945,-0.00023056191123643318,0.0008388510030993909,-1.2009700700227217e-06,9.810000000079427
2.9719999999998943,-0.00022889619364527332,0.0008328587955799173,-1.1925086223817232e-06,9.810000000078285
2.973999999999894,-0.00022724237603282074,0.0008269088062262721,-1.1841057603625995e-06,9.810000000077157
2.975999999999894,-0.00022560037454737498,0.0008210007427228608,-1.1757610874269442e-06,9.810000000076046
2.9779999999998936,-0.0002239701059178961,0.0008151343147394198,-1.1674742097165918e-06,9.81000000007495
2.9799999999998934,-0.00022235148745008504,0.0008093092339055347,-1.1592447358961761e-06,9.810000000073872
2.981999999999893,-0.00022074443702247044,0.0008035252138073175,-1.151072277244961e-06,9.810000000072808
2.983999999999893,-0.0002191488730825288,0.000797781969970787,-1.1429564475980696e-06,9.810000000071758
2.9859999999998927,-0.00021756471464283827,0.0007920792198452516,-1.1348968632863447e-06,9.810000000070724
2.9879999999998925,-0.00021599188127724713,0.0007864166827955539,-1.1268931431756191e-06,9.810000000069707
2.9899999999998923,-0.00021443029311706734,0.0007807940800898839,-1.1189449086554793e-06,9.810000000068701
2.991999999999892,-0.0002128798708472988,0.000775211134884268,-1.1110517835895057e-06,9.810000000067712
2.993999999999892,-0.00021134053570287588,0.0007696675722114911,-1.1032133943146354e-06,9.810000000066736
2.9959999999998916,-0.00020981220946493585,0.0007641631189700174,-1.0954293696399713e-06,9.810000000065775
2.9979999999998914,-0.00020829481445712108,0.0007586975039073717,-1.087699340781954e-06,9.810000000064827
2.999999999999891,-0.00020678827354189181,0.0007532704576146005,-1.0800229414240907e-06,9.810000000063893
3.001999999999891,-0.00020529251011687914,0.0007478817125063298,-1.07239980761314e-06,9.810000000062972
3.0039999999998908,-0.00020380744811124423,0.0007425310028174416,-1.0648295778422891e-06,9.810000000062063
3.0059999999998905,-0.00020233301198207355,0.0007372180645853476,-1.0573118929710822e-06,9.81000000006117
3.0079999999998903,-0.00020086912671080014,0.0007319426356366945,-1.0498463961941788e-06,9.810000000060286
3.00999999999989,-0.0001994157177996387,0.000726704455580717,-1.0424327330846241e-06,9.810000000059418
3.01199999999989,-0.00019797271126804677,0.0007215032657959428,-1.0350705515616142e-06,9.810000000058562
3.0139999999998897,-0.0001965400336492174,0.0007163388094146825,-1.027759501832054e-06,9.810000000057716
3.0159999999998894,-0.00019511761198658242,0.00071121083131749,-1.0204992364441722e-06,9.810000000056883
3.017999999999889,-0.0001937053738303449,0.00070611907811876,-1.0132894102404968e-06,9.810000000056064
3.019999999999889,-0.00019230324723404463,0.0007010632981501099,-1.0061296802845155e-06,9.810000000055256
3.0219999999998888,-0.00019091116075112388,0.0006960432414603795,-9.990197059747137e-07,9.810000000054458
3.0239999999998886,-0.00018952904343153912,0.0006910586597923655,-9.919591488950983e-07,9.810000000053671
3.0259999999998883,-0.00018815682481837124,0.0006861093065839298,-9.849476729402902e-07,9.810000000052897
3.027999999999888,-0.00018679443494448443,0.0006811949369436252,-9.779849441520105e-07,9.810000000052135
3.029999999999888,-0.00018544180432918518,0.0006763153076495883,-9.710706308175607e-07,9.810000000051382
3.0319999999998877,-0.0001840988639749171,0.0006714701771340289,-9.642044034049842e-07,9.81000000005064
3.0339999999998875,-0.00018276554536397058,0.0006666593054732583,-9.573859345601627e-07,9.810000000049909
3.0359999999998872,-0.00018144178045521512,0.0006618824543777196,-9.506148991031913e-07,9.81000000004919
3.037999999999887,-0.0001801275016808577,0.000657139387178692,-9.438909739864179e-07,9.810000000048479
3.039999999999887,-0.00017882264194321663,0.0006524298688205365,-9.372138383144048e-07,9.81000000004778
3.0419999999998866,-0.00017752713461151293,0.0006477536658518318,-9.305831733510273e-07,9.81000000004709
3.0439999999998864,-0.00017624091351870207,0.0006431105464054331,-9.239986624002142e-07,9.81000000004641
3.045999999999886,-0.00017496391295830727,0.000638500280197364,-9.174599908987604e-07,9.81000000004574
3.047999999999886,-0.0001736960676812802,0.000633922638513522,-9.109668463712313e-07,9.810000000045079
3.0499999999998857,-0.0001724373128928874,0.0006293773941963835,-9.045189183838675e-07,9.810000000044429
3.0519999999998855,-0.00017118758424960627,0.0006248643216405729,-8.98115898598072e-07,9.810000000043786
3.0539999999998853,-0.00016994681785604933,0.0006203831967784593,-8.917574807107797e-07,9.810000000043154
3.055999999999885,-0.00016871495026191116,0.0006159337970690782,-8.854433604313335e-07,9.810000000042532
3.057999999999885,-0.000167491918458926,0.000611515901492592,-8.791732355205352e-07,9.810000000041917
3.0599999999998846,-0.00016627765987785862,0.0006071292905336716,-8.729468057037946e-07,9.810000000041311
3.0619999999998844,-0.0001650721123855067,0.0006027737461759569,-8.667637727085754e-07,9.810000000040715
3.063999999999884,-0.0001638752142817204,0.000598449051893194,-8.606238402640879e-07,9.810000000040127
3.065999999999884,-0.00016268690429644629,0.000594154992637048,-8.545267140627136e-07,9.810000000039546
3.0679999999998837,-0.0001615071215867965,0.0005898913548249171,-8.484721017204184e-07,9.810000000038976
3.0699999999998835,-0.0001603358057341233,0.0005856579263366077,-8.424597128369909e-07,9.810000000038412
3.0719999999998833,-0.00015917289674112348,0.0005814544964999331,-8.36489258930587e-07,9.810000000037856
3.073999999999883,-0.0001580183350289642,0.0005772808560796338,-8.305604534087905e-07,9.81000000003731
3.075999999999883,-0.0001568720614344139,0.0005731367972751621,-8.246730116395475e-07,9.81000000003677
3.0779999999998826,-0.00015573401720701021,0.0005690221137018483,-8.188266508336791e-07,9.810000000036238
3.0799999999998824,-0.00015460414400623952,0.0005649366003853604,-8.130210900765241e-07,9.810000000035714
3.081999999999882,-0.0001534823838987272,0.0005608800537561659,-8.072560503595396e-07,9.810000000035197
3.083999999999882,-0.00015236867935545473,0.0005568522716362359,-8.015312545236815e-07,9.81000000003469
3.0859999999998817,-0.0001512629732489944,0.0005528530532301831,-7.958464272519957e-07,9.810000000034186
3.0879999999998815,-0.00015016520885076381,0.0005488821991152903,-7.902012950490743e-07,9.810000000033693
3.0899999999998813,-0.00014907532982829852,0.000544939511232647,-7.845955862323733e-07,9.810000000033206
3.091999999999881,-0.00014799328024253089,0.0005410247928838264,-7.790290309859609e-07,9.810000000032726
3.093999999999881,-0.000146919004545109,0.0005371378487109431,-7.73501361225606e-07,9.810000000032252
3.0959999999998806,-0.00014585244757572014,0.0005332784846944377,-7.680123106631845e-07,9.810000000031785
3.0979999999998804,-0.00014479355455942507,0.0005294465081475366,-7.625616148337184e-07,9.810000000031327
3.09999999999988,-0.0001437422711040236,0.0005256417277007424,-7.571490110089438e-07,9.810000000030872
3.10199999999988,-0.00014269854319743988,0.0005218639532918625,-7.51774238172351e-07,9.810000000030426
3.1039999999998797,-0.00014166231720510563,0.0005181129961671172,-7.464370371193899e-07,9.810000000029985
3.1059999999998795,-0.00014063353986738325,0.0005143886688611975,-7.411371503192593e-07,9.810000000029552
3.1079999999998793,-0.00013961215829699317,0.0005106907851950497,-7.35874321976e-07,9.810000000029124
3.109999999999879,-0.00013859811997645247,0.0005070191602703356,-7.30648298052161e-07,9.810000000028703
3.111999999999879,-0.00013759137275555353,0.0005033736104494908,-7.254588261286444e-07,9.810000000028285
3.1139999999998786,-0.00013659186484883988,0.0004997539533568323,-7.203056555016277e-07,9.810000000027879
3.1159999999998784,-0.0001355995448331027,0.0004961600078685882,-7.151885371543461e-07,9.810000000027474
3.117999999999878,-0.00013461436164489466,0.0004925915941040336,-7.101072237407251e-07,9.810000000027076
3.119999999999878,-0.00013363626457806583,0.0004890485334144126,-7.050614695431981e-07,9.810000000026685
3.1219999999998778,-0.00013266520328131102,0.00048553064837739883,-7.000510304925462e-07,9.810000000026298
3.1239999999998775,-0.00013170112775572794,0.0004820377627915552,-6.950756641875841e-07,9.810000000025916
3.1259999999998773,-0.0001307439883524085,0.00047856970165971647,-6.901351297887827e-07,9.810000000025541
3.127999999999877,-0.00012979373577003055,0.000475126291188989,-6.85229188099004e-07,9.810000000025171
3.129999999999877,-0.0001288503210524668,0.00047170735878188753,-6.80357601544146e-07,9.810000000024807
3.1319999999998767,-0.0001279136955864207,0.0004683127330230407,-6.755201341027799e-07,9.810000000024447
3.1339999999998764,-0.0001269838110990687,0.0004649422436758673,-6.707165513478229e-07,9.810000000024093
3.135999999999876,-0.00012606061965571904,0.0004615957216748212,-6.659466204379219e-07,9.810000000023745
3.137999999999876,-0.00012514407365748825,0.00045827299911542025,-6.612101100833296e-07,9.8100000000234
3.139999999999876,-0.00012423412583899968,0.0004549739092442753,-6.56506790510781e-07,9.810000000023061
3.1419999999998756,-0.0001233307292660815,0.00045169828645909033,-6.518364335409396e-07,9.810000000022727
3.1439999999998753,-0.0001224338373334952,0.000448445966293152,-6.471988124901854e-07,9.810000000022397
3.145999999999875,-0.0001215434037626734,0.0004452167854108979,-6.425937021966512e-07,9.810000000022074
3.147999999999875,-0.00012065938259947087,0.00044201058160126975,-6.380208790210679e-07,9.810000000021754
3.1499999999998747,-0.00011978172821193322,0.0004388271937688497,-6.334801208220385e-07,9.810000000021438
3.1519999999998745,-0.000118910395288081,0.0004356664619261054,-6.2897120694324e-07,9.810000000021127
3.1539999999998742,-0.00011804533883370975,0.0004325282271856351,-6.244939182000674e-07,9.810000000020821
3.155999999999874,-0.00011718651417019827,0.0004294123317557357,-6.200480369035582e-07,9.81000000002052
3.157999999999874,-0.0001163338769323374,0.0004263186189304317,-6.156333468212486e-07,9.81000000002022
3.1599999999998736,-0.00011548738306617398,0.0004232469330817206,-6.112496331624026e-07,9.810000000019928
3.1619999999998734,-0.00011464698882687035,0.000420197119651817,-6.068966825626566e-07,9.81000000001964
3.163999999999873,-0.00011381265077656626,0.0004171690251520452,-6.025742831436991e-07,9.810000000019354
3.165999999999873,-0.00011298432578227384,0.00041416249714622055,-5.982822243970244e-07,9.810000000019075
3.1679999999998727,-0.00011216197101377474,0.000411177384249542,-5.940202972421938e-07,9.810000000018798
3.1699999999998725,-0.00011134554394152863,0.0004082135361230523,-5.897882940350722e-07,9.810000000018524
3.1719999999998723,-0.00011053500233460579,0.00040527080346145134,-5.855860085002992e-07,9.810000000018256
3.173999999999872,-0.00010973030425862401,0.0004023490379908806,-5.814132357758922e-07,9.810000000017991
3.175999999999872,-0.00010893140807371473,0.0003994480924545203,-5.77269772319525e-07,9.81000000001773
3.1779999999998716,-0.0001081382724324807,0.0003965678206170212,-5.731554160273286e-07,9.810000000017473
3.1799999999998714,-0.0001073508562779805,0.0003937080772501019,-5.69069966139906e-07,9.81000000001722
3.181999999999871,-0.00010656911884173313,0.0003908687181236861,-5.650132232096405e-07,9.810000000016968
3.183999999999871,-0.00010579301964172355,0.0003880496000047941,-5.609849891554635e-07,9.810000000016723
3.1859999999998707,-0.00010502251848042397,0.00038525058064978836,-5.569850672424404e-07,9.81000000001648
3.1879999999998705,-0.00010425757544282852,0.0003824715187977254,-5.530132620733277e-07,9.810000000016242
3.1899999999998703,-0.00010349815089450997,0.0003797122741592777,-5.490693795293422e-07,9.810000000016005
3.19199999999987,-0.00010274420547968096,0.0003769727074145173,-5.451532268105938e-07,9.810000000015773
3.19399999999987,-0.00010199570011926622,0.00037425268020737685,-5.412646124389238e-07,9.810000000015545
3.1959999999998696,-0.00010125259600899044,0.00037155205513789407,-5.374033462352632e-07,9.81000000001532
3.1979999999998694,-0.00010051485461749039,0.0003688706957500252,-5.335692392460294e-07,9.810000000015096
3.199999999999869,-9.978243768442046e-05,0.0003662084665349685,-5.297621038445531e-07,9.810000000014877
3.201999999999869,-9.90553072185825e-05,0.0003635652329189778,-5.25981753657189e-07,9.81000000001466
3.2039999999998687,-9.833342549606906e-05,0.0003609408612567149,-5.222280035511325e-07,9.810000000014448
3.2059999999998685,-9.761675505841324e-05,0.00035833521882792593,-5.185006696595396e-07,9.810000000014238
3.2079999999998683,-9.690525871075164e-05,0.00035574817383079413,-5.147995693688995e-07,9.810000000014032
3.209999999999868,-9.619889952000551e-05,0.00035317959537307697,-5.11124521280719e-07,9.810000000013828
3.211999999999868,-9.549764081306792e-05,0.000350629353468782,-5.074753452354168e-07,9.810000000013627
3.2139999999998676,-9.480144617501154e-05,0.0003480973190281963,-5.03851862260616e-07,9.810000000013428
3.2159999999998674,-9.411027944729577e-05,0.00034558336385788626,-5.00253894631859e-07,9.810000000013233
3.217999999999867,-9.342410472599875e-05,0.000343087360648511,-4.966812657952364e-07,9.810000000013043
3.219999999999867,-9.27428863600491e-05,0.00034060918297482227,-4.931338004272623e-07,9.810000000012852
3.2219999999998667,-9.206658894948657e-05,0.00033814870528126197,-4.896113243315261e-07,9.810000000012664
3.2239999999998665,-9.139517734371158e-05,0.0003357058028875014,-4.861136645603766e-07,9.810000000012481
3.2259999999998663,-9.072861663976794e-05,0.0003332803519718233,-4.826406492860297e-07,9.8100000000123
3.227999999999866,-9.00668721806257e-05,0.00033087222957112173,-4.791921078586185e-07,9.81000000001212
3.229999999999866,-8.94099095534772e-05,0.00032848131357425455,-4.757678707891504e-07,9.810000000011945
3.2319999999998656,-8.87576945880442e-05,0.0003261074827165042,-4.7236776974453666e-07,9.810000000011772
3.2339999999998654,-8.811019335490276e-05,0.0003237506165707147,-4.689916375045137e-07,9.8100000000116
3.235999999999865,-8.746737216381483e-05,0.00032141059554396777,-4.6563930798067633e-07,9.810000000011431
3.237999999999865,-8.68291975620641e-05,0.00031908730087536717,-4.6231061624808343e-07,9.810000000011266
3.2399999999998648,-8.619563633281863e-05,0.00031678061462274393,-4.5900539845103706e-07,9.810000000011103
3.2419999999998645,-8.556665549349108e-05,0.0003144904196637647,-4.5572349187111485e-07,9.81000000001094
3.2439999999998643,-8.494222229411252e-05,0.0003122165996892837,-4.524647349076103e-07,9.810000000010781
3.245999999999864,-8.43223042157258e-05,0.00030995903919337246,-4.492289670197003e-07,9.810000000010623
3.247999999999864,-8.370686896877694e-05,0.00030771762347442725,-4.460160287935142e-07,9.81000000001047
3.2499999999998637,-8.309588449153096e-05,0.0003054922386229826,-4.4282576185867836e-07,9.810000000010318
3.2519999999998634,-8.248931894848534e-05,0.00030328277152281876,-4.396580089546281e-07,9.810000000010168
3.2539999999998632,-8.18871407288078e-05,0.00030108910983877576,-4.365126138464166e-07,9.81000000001002
3.255999999999863,-8.128931844476986e-05,0.00029891114201896827,-4.3338942140284846e-07,9.810000000009873
3.257999999999863,-8.069582093020687e-05,0.00029674875728149164,-4.30288277499074e-07,9.81000000000973
3.2599999999998626,-8.010661723897138e-05,0.0002946018456177453,-4.272090291065605e-07,9.810000000009587
3.2619999999998623,-7.952167664340868e-05,0.0002924702977813537,-4.241515242202451e-07,9.810000000009449
3.263999999999862,-7.894096863284784e-05,0.0002903540052804116,-4.2111561182227975e-07,9.810000000009312
3.265999999999862,-7.836446291208403e-05,0.00028825286038191525,-4.1810114198356627e-07,9.810000000009177
3.2679999999998617,-7.779212939988487e-05,0.00028616675609957555,-4.1510796577745855e-07,9.810000000009042
3.2699999999998615,-7.72239382275083e-05,0.0002840955861882791,-4.121359352676377e-07,9.81000000000891
3.2719999999998612,-7.665985973722455e-05,0.00028203924514187207,-4.0918490353338873e-07,9.810000000008781
3.273999999999861,-7.60998644808471e-05,0.00027999762818872856,-4.062547246697408e-07,9.810000000008653
3.275999999999861,-7.554392321827912e-05,0.0002779706312839958,-4.033452537495845e-07,9.810000000008527
3.2779999999998606,-7.49920069160688e-05,0.00027595815110516216,-4.004563468228498e-07,9.810000000008403
3.2799999999998604,-7.444408674597132e-05,0.00027396008504873396,-3.975878609280015e-07,9.810000000008282
3.28199999999986,-7.390013408352416e-05,0.0002719763312235877,-3.9473965406567117e-07,9.810000000008161
3.28399999999986,-7.336012050662442e-05,0.00027000678844986246,-3.919115852346688e-07,9.810000000008042
3.2859999999998597,-7.282401779412645e-05,0.00026805135624898886,-3.8910351436746285e-07,9.810000000007925
3.2879999999998595,-7.229179792444351e-05,0.00026610993484147327,-3.8631530235275813e-07,9.81000000000781
3.2899999999998593,-7.1763433074163e-05,0.0002641824251402505,-3.835468110077515e-07,9.810000000007696
3.291999999999859,-7.123889561665942e-05,0.00026226872875179173,-3.807979031379278e-07,9.810000000007584
3.293999999999859,-7.071815812072921e-05,0.00026036874796502566,-3.7806844245890076e-07,9.810000000007474
3.2959999999998586,-7.020119334923318e-05,0.0002584823857480147,-3.753582936050899e-07,9.810000000007363
3.2979999999998584,-6.96879742577417e-05,0.0002566095457457394,-3.726673221509956e-07,9.810000000007257
3.299999999999858,-6.917847399319701e-05,0.0002547501322723431,-3.6999539456944063e-07,9.81000000000715
3.301999999999858,-6.867266589257918e-05,0.00025290405030891624,-3.6734237825205927e-07,9.810000000007047
3.3039999999998577,-6.817052348158105e-05,0.0002510712054990648,-3.647081415046261e-07,9.810000000006944
3.3059999999998575,-6.767202047330095e-05,0.0002492515041400474,-3.620925534917317e-07,9.810000000006843
3.3079999999998573,-6.717713076692654e-05,0.0002474448531872063,-3.594954843316382e-07,9.810000000006744
3.309999999999857,-6.66858284464452e-05,0.00024565116024067343,-3.5691680499063203e-07,9.810000000006646
3.311999999999857,-6.619808777935668e-05,0.00024387033354426207,-3.543563873143274e-07,9.810000000006548
3.3139999999998566,-6.571388321539459e-05,0.0002421022819810355,-3.518141040213885e-07,9.810000000006452
3.3159999999998564,-6.5233189385248e-05,0.00024034691507330696,-3.4928982874728395e-07,9.810000000006358
3.317999999999856,-6.475598109931152e-05,0.000238604142968237,-3.4678343592472234e-07,9.810000000006266
3.319999999999856,-6.428223334642921e-05,0.0002368738764411574,-3.4429480086379193e-07,9.810000000006175
3.3219999999998557,-6.381192129264472e-05,0.00023515602689224734,-3.4182379975737016e-07,9.810000000006085
3.3239999999998555,-6.33450202799738e-05,0.00023345050633545453,-3.3937030959823466e-07,9.810000000005996
3.3259999999998553,-6.288150582517017e-05,0.000231757227401819,-3.3693420825860986e-07,9.810000000005909
3.327999999999855,-6.242135361851338e-05,0.000230076103328394,-3.34515374406813e-07,9.810000000005822
3.329999999999855,-6.196453952259466e-05,0.00022840704795935423,-3.321136875611432e-07,9.810000000005736
3.3319999999998546,-6.151103957110933e-05,0.00022674997574267193,-3.297290280938803e-07,9.810000000005655
3.3339999999998544,-6.106082996766904e-05,0.00022510480172014592,-3.2736127715957006e-07,9.810000000005571
3.335999999999854,-6.061388708461867e-05,0.00022347144152518598,-3.2501031671034513e-07,9.81000000000549
3.337999999999854,-6.017018746184861e-05,0.00022184981138502848,-3.226760295615952e-07,9.81000000000541
3.3399999999998538,-5.972970780563593e-05,0.00022023982810633392,-3.2035829926939117e-07,9.810000000005331
3.3419999999998535,-5.929242498747225e-05,0.00021864140908183419,-3.1805701024539993e-07,9.810000000005253
3.3439999999998533,-5.8858316042922624e-05,0.00021705447227482233,-3.1577204762121305e-07,9.810000000005177
3.345999999999853,-5.8427358170471e-05,0.00021547893622579967,-3.135032973626089e-07,9.8100000000051
3.347999999999853,-5.799952873037935e-05,0.00021391472004582862,-3.1125064623393504e-07,9.810000000005028
3.3499999999998527,-5.757480524356403e-05,0.00021236174340766948,-3.0901398173667993e-07,9.810000000004953
3.3519999999998524,-5.715316539047025e-05,0.00021081992654688848,-3.0679319216039463e-07,9.81000000000488
3.353999999999852,-5.673458700995982e-05,0.00020928919025521028,-3.0458816654590984e-07,9.81000000000481
3.355999999999852,-5.631904809820544e-05,0.0002077694558771945,-3.0239879468568326e-07,9.81000000000474
3.3579999999998518,-5.5906526807584965e-05,0.00020626064531023566,-3.002249671617305e-07,9.81000000000467
3.3599999999998515,-5.5497001445591355e-05,0.00020476268099680784,-2.9806657529570104e-07,9.810000000004601
3.3619999999998513,-5.509045047374908e-05,0.00020327548592114126,-2.959235111484953e-07,9.810000000004536
3.363999999999851,-5.468685250653727e-05,0.00020179898360589839,-2.9379566751969844e-07,9.81000000000447
3.365999999999851,-5.4286186310319584e-05,0.0002003330981088505,-2.91682937946807e-07,9.810000000004404
3.3679999999998507,-5.3888430802280476e-05,0.00019887775401955385,-2.8958521670427687e-07,9.81000000000434
3.3699999999998504,-5.349356504937507e-05,0.0001974328764527025,-2.875023987645847e-07,9.810000000004276
3.3719999999998502,-5.3101568267274374e-05,0.00019599839105034392,-2.854343798593502e-07,9.810000000004214
3.37399999999985,-5.2712419819330564e-05,0.00019457422397190822,-2.8338105640254394e-07,9.810000000004152
3.37599999999985,-5.232609921553993e-05,0.00019316030189531588,-2.813423255384636e-07,9.810000000004091
3.3779999999998496,-5.194258611151927e-05,0.00019175655201033047,-2.793180851019799e-07,9.810000000004031
3.3799999999998493,-5.156186030748437e-05,0.00019036290201745085,-2.773082336410771e-07,9.810000000003972
3.381999999999849,-5.118390174723519e-05,0.0001889792801245874,-2.753126704143047e-07,9.810000000003916
3.383999999999849,-5.0808690517154366e-05,0.00018760561504041481,-2.733312953502514e-07,9.810000000003859
3.3859999999998487,-5.0436206845207835e-05,0.00018624183597326402,-2.713640090692869e-07,9.810000000003802
3.3879999999998485,-5.006643109995667e-05,0.00018488787262558305,-2.6941071285503997e-07,9.810000000003747
3.3899999999998482,-4.969934378956215e-05,0.00018354365519726045,-2.6747130872607715e-07,9.810000000003692
3.391999999999848,-4.933492556081527e-05,0.0001822091143734386,-2.6554569933202644e-07,9.810000000003637
3.393999999999848,-4.897315719816624e-05,0.0001808841813245138,-2.6363378798673045e-07,9.810000000003583
3.3959999999998476,-4.861401962275396e-05,0.0001795687877061362,-2.617354787016462e-07,9.810000000003532
3.3979999999998474,-4.825749389145549e-05,0.00017826286564923878,-2.598506761061765e-07,9.81000000000348
3.399999999999847,-4.7903561195926554e-05,0.00017696634776446902,-2.579792855305169e-07,9.810000000003429
3.401999999999847,-4.755220286166212e-05,0.00017567916713221782,-2.5612121292568805e-07,9.81000000000338
3.4039999999998467,-4.72034003470591e-05,0.0001744012573015117,-2.542763648831329e-07,9.81000000000333
3.4059999999998465,-4.6857135242474645e-05,0.0001731325522922284,-2.524446486921632e-07,9.810000000003281
3.4079999999998463,-4.651338926931547e-05,0.00017187298657958682,-2.506259721965101e-07,9.810000000003233
3.409999999999846,-4.617214427910946e-05,0.0001706224951030097,-2.488202439259128e-07,9.810000000003186
3.411999999999846,-4.583338225259051e-05,0.0001693810132594766,-2.470273730529256e-07,9.81000000000314
3.4139999999998456,-4.549708529879675e-05,0.00016814847689687647,-2.4524726934901976e-07,9.810000000003093
3.4159999999998454,-4.516323565416873e-05,0.00016692482231400765,-2.4347984321551877e-07,9.810000000003049
3.417999999999845,-4.483181568165865e-05,0.00016570998625503846,-2.4172500565181273e-07,9.810000000003003
3.419999999999845,-4.4502807869839644e-05,0.0001645039059095072,-2.3998266828597066e-07,9.81000000000296
3.4219999999998447,-4.417619483201943e-05,0.00016330651891010637,-2.3825274338040303e-07,9.810000000002915
3.4239999999998445,-4.385195930537401e-05,0.0001621177633227118,-2.365351437492903e-07,9.810000000002873
3.4259999999998443,-4.353008415007018e-05,0.00016093757765192181,-2.3482978285110897e-07,9.810000000002832
3.427999999999844,-4.321055234840356e-05,0.00015976590083330237,-2.3313657473106762e-07,9.81000000000279
3.429999999999844,-4.289334700394343e-05,0.00015860267223006313,-2.3145543401302879e-07,9.81000000000275
3.4319999999998436,-4.257845134067511e-05,0.0001574478316341655,-2.297862759415472e-07,9.81000000000271
3.4339999999998434,-4.2265848702162404e-05,0.0001563013192563516,-2.2812901629837794e-07,9.81000000000267
3.435999999999843,-4.195552255070347e-05,0.00015516307572946794,-2.2648357146886755e-07,9.810000000002631
3.437999999999843,-4.164745646649097e-05,0.00015403304210624962,-2.2484985844609347e-07,9.810000000002592
3.4399999999998427,-4.1341634146790055e-05,0.0001529111598504573,-2.2322779475934477e-07,9.810000000002555
3.4419999999998425,-4.10380394051163e-05,0.00015179737083687714,-2.2161729850229434e-07,9.810000000002516
3.4439999999998423,-4.073665617041587e-05,0.00015069161735021294,-2.2001828834879003e-07,9.81000000000248
3.445999999999842,-4.043746848625234e-05,0.00014959384208176256,-2.1843068354351893e-07,9.810000000002443
3.447999999999842,-4.0140460510004586e-05,0.0001485039881238783,-2.1685440386721867e-07,9.810000000002407
3.4499999999998416,-3.9845616512064655e-05,0.00014742199896996711,-2.152893696642794e-07,9.810000000002372
3.4519999999998414,-3.95529208750401e-05,0.00014634781851227468,-2.137355018453572e-07,9.810000000002338
3.453999999999841,-3.92623580929652e-05,0.00014528139103745394,-2.1219272186470038e-07,9.810000000002304
3.455999999999841,-3.897391277052536e-05,0.00014422266121991782,-2.1066095167187169e-07,9.81000000000227
3.4579999999998408,-3.8687569622268385e-05,0.00014317157412848644,-2.0914011381381884e-07,9.810000000002237
3.4599999999998405,-3.840331347183556e-05,0.00014212807521641618,-2.0763013134921693e-07,9.810000000002203
3.4619999999998403,-3.8121129251194975e-05,0.00014109211032029183,-2.0613092786233405e-07,9.810000000002173
3.46399999999984,-3.784100199987713e-05,0.00014006362565891872,-2.0464242747693437e-07,9.81000000000214
3.46599999999984,-3.7562916864217135e-05,0.00013904256782999895,-2.0316455484502927e-07,9.810000000002109
3.4679999999998397,-3.7286859096603516e-05,0.00013802888380680788,-2.016972351353666e-07,9.810000000002077
3.4699999999998394,-3.701281405473599e-05,0.0001370225209337625,-2.0024039400904038e-07,9.810000000002047
3.471999999999839,-3.674076720087207e-05,0.0001360234269319609,-1.9879395770798667e-07,9.810000000002018
3.473999999999839,-3.647070410110251e-05,0.0001350315498847797,-1.973578529178176e-07,9.810000000001988
3.4759999999998388,-3.6202610424615684e-05,0.00013404683824341345,-1.9593200685543991e-07,9.810000000001958
3.4779999999998386,-3.593647194297523e-05,0.00013306924082022757,-1.945163472191466e-07,9.81000000000193
3.4799999999998383,-3.567227452938664e-05,0.00013209870679429736,-1.9311080227645685e-07,9.810000000001903
3.481999999999838,-3.5410004157992616e-05,0.00013113518569700587,-1.9171530072628038e-07,9.810000000001875
3.483999999999838,-3.514964690316188e-05,0.00013017862741536735,-1.9032977176068768e-07,9.810000000001846
3.4859999999998377,-3.489118893877783e-05,0.0001292289821920273,-1.8895414508956188e-07,9.81000000000182
3.4879999999998375,-3.463461653753395e-05,0.0001282862006219389,-1.8758835092765333e-07,9.810000000001793
3.4899999999998372,-3.437991607024474e-05,0.00012735023364460755,-1.86232319930982e-07,9.810000000001766
3.491999999999837,-3.412707400515213e-05,0.00012642103254630692,-1.8488598324563955e-07,9.810000000001741
3.493999999999837,-3.38760769072364e-05,0.00012549854895786315,-1.8354927250672267e-07,9.810000000001715
3.4959999999998366,-3.362691143753152e-05,0.0001245827348524389,-1.8222211983711738e-07,9.81000000000169
3.4979999999998364,-3.337956435245154e-05,0.000123673542539994,-1.809044578083873e-07,9.810000000001665
3.499999999999836,-3.3134022503121394e-05,0.00012277092466506987,-1.7959621943881165e-07,9.81000000000164
3.501999999999836,-3.289027283470118e-05,0.00012187483421011283,-1.782973382542392e-07,9.810000000001617
3.5039999999998357,-3.264830238572573e-05,0.00012098522448771919,-1.7700774822368457e-07,9.810000000001592
3.5059999999998355,-3.240809828744668e-05,0.00012010204913952724,-1.7572738376952454e-07,9.81000000000157
3.5079999999998353,-3.216964776317867e-05,0.00011922526213400149,-1.7445617976513434e-07,9.810000000001548
3.509999999999835,-3.1932938127643594e-05,0.00011835481776754055,-1.731940715701369e-07,9.810000000001525
3.511999999999835,-3.169795678633236e-05,0.00011749067065561411,-1.7194099495266542e-07,9.810000000001502
3.5139999999998346,-3.146469123486241e-05,0.0001166327757349786,-1.7069688613643778e-07,9.81000000000148
3.5159999999998344,-3.1233129058339486e-05,0.00011578108826146153,-1.694616817979593e-07,9.810000000001457
3.517999999999834,-3.1003257930728426e-05,0.00011493556380552987,-1.682353190383755e-07,9.810000000001438
3.519999999999834,-3.0775065614219417e-05,0.00011409615825450584,-1.6701773543041843e-07,9.810000000001414
3.5219999999998337,-3.0548539958612e-05,0.00011326282780370387,-1.6580886893991175e-07,9.810000000001395
3.5239999999998335,-3.0323668900694712e-05,0.00011243552895864628,-1.6460865797209317e-07,9.810000000001374
3.5259999999998333,-3.0100440463624588e-05,0.0001116142185350634,-1.6341704139322645e-07,9.810000000001354
3.527999999999833,-2.9878842756326744e-05,0.00011079885364892252,-1.6223395843905196e-07,9.810000000001335
3.529999999999833,-2.965886397287838e-05,0.00010998939172418306,-1.6105934882343753e-07,9.810000000001315
3.5319999999998326,-2.9440492391912738e-05,0.0001091857904828257,-1.5989315264682727e-07,9.810000000001295
3.5339999999998324,-2.9223716376025244e-05,0.00010838800794374438,-1.587353104041635e-07,9.810000000001278
3.535999999999832,-2.9008524371170882e-05,0.00010759600242717797,-1.575857630557514e-07,9.810000000001258
3.537999999999832,-2.8794904906081405e-05,0.0001068097325447392,-1.564444519352333e-07,9.810000000001239
3.5399999999998317,-2.8582846591671503e-05,0.0001060291572049541,-1.5531131883256626e-07,9.81000000000122
3.5419999999998315,-2.837233812047156e-05,0.00010525423559996742,-1.5418630586389115e-07,9.810000000001203
3.5439999999998313,-2.8163368266033887e-05,0.00010448492721883723,-1.5306935564185062e-07,9.810000000001185
3.545999999999831,-2.795592588237427e-05,0.00010372119182980872,-1.519604110953929e-07,9.810000000001168
3.547999999999831,-2.7749999903395913e-05,0.00010296298948917736,-1.50859415589393e-07,9.81000000000115
3.5499999999998306,-2.7545579342326633e-05,0.00010221028053464151,-1.4976631286940204e-07,9.810000000001134
3.5519999999998304,-2.7342653291151597e-05,0.00010146302558751823,-1.4868104710632923e-07,9.810000000001118
3.55399999999983,-2.7141210920061622e-05,0.00010072118554498808,-1.4760356282826003e-07,9.810000000001102
3.55599999999983,-2.6941241476903647e-05,9.998472157898723e-05,-1.4653380492687068e-07,9.810000000001086
3.5579999999998297,-2.674273428662015e-05,9.92535951417469e-05,-1.4547171873936683e-07,9.810000000001068
3.5599999999998295,-2.654567875070851e-05,9.852776795582233e-05,-1.4441724995507755e-07,9.810000000001054
3.5619999999998293,-2.6350064346680325e-05,9.780720201409288e-05,-1.4337034463409773e-07,9.810000000001038
3.563999999999829,-2.615588062752745e-05,9.709185957643828e-05,-1.4233094918829154e-07,9.810000000001024
3.565999999999829,-2.596311722117689e-05,9.638170317527813e-05,-1.412990104626976e-07,9.810000000001008
3.5679999999998286,-2.5771763829970117e-05,9.567669560338511e-05,-1.4027447561639308e-07,9.810000000000993
3.5699999999998284,-2.5581810230129054e-05,9.49767999205323e-05,-1.3925729221582014e-07,9.81000000000098
3.571999999999828,-2.5393246271233145e-05,9.42819794479538e-05,-1.382474081906877e-07,9.810000000000965
3.573999999999828,-2.5206061875709748e-05,9.359219776169734e-05,-1.3724477177662675e-07,9.81000000000095
3.5759999999998278,-2.5020247038302342e-05,9.290741870370319e-05,-1.362493316585014e-07,9.810000000000937
3.5779999999998275,-2.4835791825569755e-05,9.222760636629375e-05,-1.352610368132319e-07,9.810000000000922
3.5799999999998273,-2.4652686375369898e-05,9.155272509992876e-05,-1.3427983661496376e-07,9.810000000000908
3.581999999999827,-2.4470920896359e-05,9.088273950545006e-05,-1.3330568076519593e-07,9.810000000000896
3.583999999999827,-2.4290485667490832e-05,9.021761443408161e-05,-1.32338519310073e-07,9.810000000000882
3.5859999999998267,-2.411137103751376e-05,8.955731498853743e-05,-1.3137830267039723e-07,9.81000000000087
3.5879999999998264,-2.3933567424476583e-05,8.890180651858999e-05,-1.3042498160897597e-07,9.810000000000857
3.589999999999826,-2.375706531523887e-05,8.825105461885442e-05,-1.2947850722264224e-07,9.810000000000844
3.591999999999826,-2.3581855264985725e-05,8.760502512657286e-05,-1.2853883093409295e-07,9.810000000000832
3.593999999999826,-2.3407927896735852e-05,8.696368412493795e-05,-1.2760590454649494e-07,9.81000000000082
3.5959999999998256,-2.3235273900869606e-05,8.632699793312199e-05,-1.2667968014758625e-07,9.810000000000807
3.5979999999998253,-2.3063884034645976e-05,8.569493311181634e-05,-1.2576011018877194e-07,9.810000000000796
3.599999999999825,-2.2893749121726158e-05,8.50674564599077e-05,-1.2484714746439395e-07,9.810000000000784
3.601999999999825,-2.2724860051701635e-05,8.444453501226243e-05,-1.2394074510324219e-07,9.810000000000771
3.6039999999998247,-2.2557207779635475e-05,8.382613603307916e-05,-1.2304085650951287e-07,9.81000000000076
3.6059999999998245,-2.2390783325588192e-05,8.321222702364404e-05,-1.2214743546662545e-07,9.81000000000075
3.6079999999998242,-2.2225577774156828e-05,8.26027757156834e-05,-1.2126043607857528e-07,9.81000000000074
3.609999999999824,-2.206158227402518e-05,8.199775006582433e-05,-1.203798127230523e-07,9.810000000000729
3.611999999999824,-2.1898788037500695e-05,8.1397118262242e-05,-1.1950552014239692e-07,9.810000000000716
3.6139999999998236,-2.1737186340066883e-05,8.080084871690447e-05,-1.1863751337192829e-07,9.810000000000706
3.6159999999998234,-2.1576768519929086e-05,8.020891006889629e-05,-1.1777574779320227e-07,9.810000000000697
3.617999999999823,-2.141752597757576e-05,7.962127117666339e-05,-1.1692017906194239e-07,9.810000000000686
3.619999999999823,-2.1259450175333084e-05,7.903790112133664e-05,-1.1607076316090076e-07,9.810000000000676
3.6219999999998227,-2.1102532636924047e-05,7.845876920451618e-05,-1.1522745639034597e-07,9.810000000000667
3.6239999999998225,-2.0946764947036373e-05,7.788384494383979e-05,-1.14390215333166e-07,9.810000000000656
3.6259999999998223,-2.0792138750888187e-05,7.731309807409082e-05,-1.135589968824155e-07,9.810000000000647
3.627999999999822,-2.0638645753798224e-05,7.674649854498242e-05,-1.1273375823135112e-07,9.810000000000636
3.629999999999822,-2.0486277720753695e-05,7.618401652226542e-05,-1.1191445690104344e-07,9.810000000000628
3.6319999999998216,-2.0335026475989316e-05,7.562562238218889e-05,-1.1110105069270585e-07,9.810000000000619
3.6339999999998214,-2.018488390257075e-05,7.507128670928435e-05,-1.1029349767711882e-07,9.81000000000061
3.635999999999821,-2.0035841941966937e-05,7.452098030190527e-05,-1.0949175627199205e-07,9.810000000000601
3.637999999999821,-1.9887892593649073e-05,7.397467415893241e-05,-1.0869578510616232e-07,9.810000000000592
3.6399999999998207,-1.9741027914662938e-05,7.343233949306837e-05,-1.0790554318420812e-07,9.810000000000583
3.6419999999998205,-1.959524001922785e-05,7.289394771754307e-05,-1.0712098975086158e-07,9.810000000000574
3.6439999999998203,-1.9450521078324544e-05,7.235947045165316e-05,-1.0634208436769512e-07,9.810000000000565
3.64599999999982,-1.930686331929853e-05,7.182887951300675e-05,-1.0556878683960082e-07,9.810000000000556
3.64799999999982,-1.9164259025456837e-05,7.130214692084715e-05,-1.048010572661881e-07,9.81000000000055
3.6499999999998196,-1.9022700535669162e-05,7.077924489383704e-05,-1.0403885603079886e-07,9.81000000000054
3.6519999999998194,-1.8882180243969045e-05,7.026014585005852e-05,-1.0328214381449105e-07,9.810000000000533
3.653999999999819,-1.8742690599166098e-05,6.974482240147361e-05,-1.0253088154717235e-07,9.810000000000526
3.655999999999819,-1.860422410445382e-05,6.923324735614013e-05,-1.0178503044618438e-07,9.810000000000517
3.6579999999998187,-1.846677331702626e-05,6.872539371378006e-05,-1.010445519797555e-07,9.81000000000051
3.6599999999998185,-1.8330330847690267e-05,6.822123466799532e-05,-1.0030940790547149e-07,9.810000000000503
3.6619999999998183,-1.8194889360482163e-05,6.772074360405208e-05,-9.957956025879391e-08,9.810000000000494
3.663999999999818,-1.8060441572291048e-05,6.722389409555702e-05,-9.885497132877303e-08,9.810000000000487
3.665999999999818,-1.7926980252486564e-05,6.673065990224157e-05,-9.813560364597648e-08,9.81000000000048
3.6679999999998176,-1.779449822253556e-05,6.62410149755014e-05,-9.742142005834024e-08,9.810000000000473
3.6699999999998174,-1.766298835563871e-05,6.575493344842535e-05,-9.671238363162176e-08,9.810000000000466
3.671999999999817,-1.7532443576360475e-05,6.527238963911921e-05,-9.600845769963438e-08,9.81000000000046
3.673999999999817,-1.740285686026128e-05,6.47933580495977e-05,-9.53096058646764e-08,9.810000000000452
3.6759999999998167,-1.7274221233536357e-05,6.431781336246091e-05,-9.461579197271952e-08,9.810000000000446
3.6779999999998165,-1.7146529772656785e-05,6.38457304397864e-05,-9.392698011339982e-08,9.81000000000044
3.6799999999998163,-1.7019775604006056e-05,6.337708432534491e-05,-9.324313465772129e-08,9.810000000000432
3.681999999999816,-1.6893951903527935e-05,6.291185023906102e-05,-9.25642202080137e-08,9.810000000000427
3.683999999999816,-1.676905189637169e-05,6.2450003578121e-05,-9.189020162277097e-08,9.810000000000421
3.6859999999998156,-1.664506885653996e-05,6.199151991586486e-05,-9.122104401652579e-08,9.810000000000414
3.6879999999998154,-1.652199610654525e-05,6.153637499735493e-05,-9.055671272190323e-08,9.810000000000407
3.689999999999815,-1.6399827017062068e-05,6.108454474159152e-05,-8.989717332667212e-08,9.810000000000402
3.691999999999815,-1.6278555006585685e-05,6.063600523818933e-05,-8.924239164825026e-08,9.810000000000397
3.6939999999998148,-1.615817354108207e-05,6.019073275180898e-05,-8.859233379596027e-08,9.81000000000039
3.6959999999998145,-1.6038676133662125e-05,5.974870370997025e-05,-8.794696604513568e-08,9.810000000000384
3.6979999999998143,-1.5920056344233864e-05,5.9309894714130947e-05,-8.730625497400268e-08,9.810000000000379
3.699999999999814,-1.580230777917886e-05,5.887428252750017e-05,-8.66701673378007e-08,9.810000000000374
3.701999999999814,-1.5685424091013276e-05,5.844184408279349e-05,-8.603867016790479e-08,9.810000000000368
3.7039999999998137,-1.5569398978059886e-05,5.801255647669357e-05,-8.541173072103907e-08,9.810000000000363
3.7059999999998134,-1.545422618412462e-05,5.75863969676343e-05,-8.47893164655595e-08,9.810000000000358
3.7079999999998132,-1.5339899498168587e-05,5.716334297801667e-05,-8.417139511787646e-08,9.810000000000352
3.709999999999813,-1.5226412753986813e-05,5.674337209088506e-05,-8.355793461631431e-08,9.810000000000347
3.711999999999813,-1.5113759829891391e-05,5.6326462047711495e-05,-8.294890310717574e-08,9.810000000000342
3.7139999999998126,-1.5001934648387952e-05,5.591259075171925e-05,-8.234426899353207e-08,9.810000000000336
3.7159999999998123,-1.4890931175867694e-05,5.550173626012772e-05,-8.174400085864931e-08,9.810000000000331
3.717999999999812,-1.4780743422286096e-05,5.509387679079969e-05,-8.114806755208754e-08,9.810000000000327
3.719999999999812,-1.4671365440859338e-05,5.468899071337825e-05,-8.05564381005412e-08,9.810000000000322
3.7219999999998117,-1.456279132774747e-05,5.4287056555934134e-05,-7.996908179378374e-08,9.810000000000317
3.7239999999998115,-1.4455015221755266e-05,5.388805299610262e-05,-7.938596809535469e-08,9.810000000000313
3.7259999999998112,-1.4348031304024233e-05,5.349195886551507e-05,-7.880706670316451e-08,9.810000000000308
3.727999999999811,-1.4241833797729065e-05,5.309875314758316e-05,-7.823234753525809e-08,9.810000000000302
3.729999999999811,-1.413641696777407e-05,5.2708414977498874e-05,-7.766178074052583e-08,9.810000000000299
3.7319999999998106,-1.4031775120505112e-05,5.232092363447934e-05,-7.709533662135139e-08,9.810000000000295
3.7339999999998104,-1.3927902603408285e-05,5.1936258548414095e-05,-7.65329857189254e-08,9.81000000000029
3.73599999999981,-1.3824793804812986e-05,5.155439929764934e-05,-7.597469879884356e-08,9.810000000000286
3.73799999999981,-1.3722443153608304e-05,5.1175325602340626e-05,-7.54204467861046e-08,9.810000000000281
3.7399999999998097,-1.3620845118941674e-05,5.0799017333315934e-05,-7.487020087551657e-08,9.810000000000278
3.7419999999998095,-1.3519994209939682e-05,5.0425454500996815e-05,-7.432393241679417e-08,9.810000000000274
3.7439999999998093,-1.341988497542002e-05,5.0054617259829945e-05,-7.378161297443341e-08,9.810000000000269
3.745999999999809,-1.3320512003603446e-05,4.968648590828711e-05,-7.324321433792586e-08,9.810000000000265
3.747999999999809,-1.322186992183901e-05,4.932104088221792e-05,-7.270870845649707e-08,9.810000000000262
3.7499999999998086,-1.312395339632488e-05,4.895826275706553e-05,-7.21780674737057e-08,9.810000000000258
3.7519999999998084,-1.3026757131822499e-05,4.859813225119035e-05,-7.165126377501864e-08,9.810000000000255
3.753999999999808,-1.293027587138627e-05,4.8240630218114815e-05,-7.112826991001768e-08,9.81000000000025
3.755999999999808,-1.2834504396088793e-05,4.788573764873917e-05,-7.06090586268975e-08,9.810000000000247
3.7579999999998077,-1.2739437524748327e-05,4.7533435670233566e-05,-7.009360286957716e-08,9.810000000000244
3.7599999999998075,-1.264507011366068e-05,4.7183705543822326e-05,-6.958187576212948e-08,9.810000000000239
3.7619999999998073,-1.2551397056328899e-05,4.6836528665891775e-05,-6.907385063074177e-08,9.810000000000235
3.763999999999807,-1.245841328319735e-05,4.649188656577452e-05,-6.856950098812955e-08,9.810000000000233
3.765999999999807,-1.236611376138585e-05,4.614976090574945e-05,-6.806880054288426e-08,9.81000000000023
3.7679999999998066,-1.2274493494434848e-05,4.5810133475502234e-05,-6.757172314593485e-08,9.810000000000226
3.7699999999998064,-1.2183547522035086e-05,4.547298619988062e-05,-6.707824288738704e-08,9.810000000000223
3.771999999999806,-1.2093270919775023e-05,4.513830113003129e-05,-6.65883340056574e-08,9.810000000000219
3.773999999999806,-1.200365879887936e-05,4.480606044783144e-05,-6.61019709465159e-08,9.810000000000215
3.7759999999998057,-1.1914706305958664e-05,4.447624646034927e-05,-6.56191283094982e-08,9.810000000000214
3.7779999999998055,-1.1826408622750111e-05,4.414884160427567e-05,-6.513978090692343e-08,9.81000000000021
3.7799999999998053,-1.1738760965871559e-05,4.3823828439276743e-05,-6.466390369768894e-08,9.810000000000207
3.781999999999805,-1.1651758586573356e-05,4.350118964910182e-05,-6.419147180832871e-08,9.810000000000203
3.783999999999805,-1.1565396770481325e-05,4.318090804601493e-05,-6.37224605920653e-08,9.8100000000002
3.7859999999998046,-1.1479670837359681e-05,4.286296656082387e-05,-6.325684552486782e-08,9.810000000000198
3.7879999999998044,-1.1394576140860626e-05,4.2547348249527486e-05,-6.279460228902968e-08,9.810000000000194
3.789999999999804,-1.1310108068285073e-05,4.223403628777626e-05,-6.23357067192458e-08,9.81000000000019
3.791999999999804,-1.1226262040336682e-05,4.1923013974195985e-05,-6.188013484869862e-08,9.810000000000189
3.7939999999998038,-1.1143033510891417e-05,4.161426472263252e-05,-6.142786282976397e-08,9.810000000000185
3.7959999999998035,-1.1060417966749387e-05,4.130777207101493e-05,-6.097886704254856e-08,9.810000000000183
3.7979999999998033,-1.0978410927406618e-05,4.100351967138448e-05,-6.053312399069214e-08,9.81000000000018
3.799999999999803,-1.0897007944820182e-05,4.0701491293218275e-05,-6.009061034691356e-08,9.810000000000178
3.801999999999803,-1.0816204603168893e-05,4.0401670825645095e-05,-5.965130298649602e-08,9.810000000000175
3.8039999999998027,-1.0735996518627297e-05,4.010404227079802e-05,-5.92151789204166e-08,9.810000000000173
3.8059999999998024,-1.0656379339135239e-05,3.980858974603023e-05,-5.8782215328323194e-08,9.810000000000171
3.807999999999802,-1.0577348744174054e-05,3.9515297480591345e-05,-5.835238952892811e-08,9.810000000000167
3.809999999999802,-1.049890044453837e-05,3.9224149817843186e-05,-5.792567901294392e-08,9.810000000000166
3.8119999999998018,-1.0421030182105635e-05,3.893513121636767e-05,-5.750206146380204e-08,9.810000000000162
3.8139999999998015,-1.034373372961678e-05,3.86482262444274e-05,-5.708151470303795e-08,9.81000000000016
3.8159999999998013,-1.0267006890459068e-05,3.8363419578857727e-05,-5.666401668531338e-08,9.810000000000159
3.817999999999801,-1.0190845498442286e-05,3.808069600839046e-05,-5.624954554370487e-08,9.810000000000155
3.819999999999801,-1.0115245417581625e-05,3.780004043033019e-05,-5.5838079559968686e-08,9.810000000000153
3.8219999999998007,-1.0040202541878303e-05,3.752143785166216e-05,-5.542959718476005e-08,9.810000000000151
3.8239999999998004,-9.965712795111277e-06,3.724487338351287e-05,-5.502407698251469e-08,9.810000000000148
3.8259999999998002,-9.891772130615681e-06,3.6970332247797356e-05,-5.462149771410592e-08,9.810000000000146
3.8279999999998,-9.818376531076754e-06,3.6697799769464025e-05,-5.4221838256809976e-08,9.810000000000144
3.8299999999998,-9.745522008312685e-06,3.642726138203405e-05,-5.382507767432635e-08,9.810000000000143
3.8319999999997996,-9.673204603072991e-06,3.6158702619846184e-05,-5.3431195136537333e-08,9.810000000000139
3.8339999999997993,-9.601420384823582e-06,3.589210912470409e-05,-5.3040170001911844e-08,9.810000000000137
3.835999999999799,-9.530165451545124e-06,3.562746663922901e-05,-5.265198174980868e-08,9.810000000000137
3.837999999999799,-9.45943592952919e-06,3.536476100796764e-05,-5.226661000002834e-08,9.810000000000134
3.8399999999997987,-9.389227973172188e-06,3.510397817850006e-05,-5.188403453257724e-08,9.810000000000132
3.8419999999997985,-9.319537764775957e-06,3.484510419811599e-05,-5.1504235257271555e-08,9.81000000000013
3.8439999999997982,-9.250361514343895e-06,3.458812521603068e-05,-5.112719224588322e-08,9.810000000000128
3.845999999999798,-9.181695459381556e-06,3.433302748116905e-05,-5.0752885714283175e-08,9.810000000000127
3.847999999999798,-9.113535864708301e-06,3.4079797336626286e-05,-5.038129596654881e-08,9.810000000000125
3.8499999999997976,-9.045879022249025e-06,3.382842122963881e-05,-5.001240351461549e-08,9.810000000000123
3.8519999999997974,-8.978721250845797e-06,3.357888570161333e-05,-4.964618897274758e-08,9.810000000000121
3.853999999999797,-8.912058896065114e-06,3.3331177390342585e-05,-4.928263308915106e-08,9.81000000000012
3.855999999999797,-8.845888330002888e-06,3.3085283031113235e-05,-4.892171676535898e-08,9.810000000000118
3.8579999999997967,-8.780205951091692e-06,3.2841189455597985e-05,-4.8563421050639416e-08,9.810000000000116
3.8599999999997965,-8.715008183919058e-06,3.259888358631615e-05,-4.820772708593207e-08,9.810000000000114
3.8619999999997963,-8.650291479032497e-06,3.235835244328098e-05,-4.7854616185551154e-08,9.810000000000112
3.863999999999796,-8.586052312760007e-06,3.211958313624443e-05,-4.750406975619291e-08,9.81000000000011
3.865999999999796,-8.522287187019534e-06,3.188256287023665e-05,-4.715606936598498e-08,9.810000000000109
3.8679999999997956,-8.458992629130616e-06,3.164727894445802e-05,-4.681059673882467e-08,9.810000000000107
3.8699999999997954,-8.396165191641569e-06,3.141371874452399e-05,-4.646763367305641e-08,9.810000000000105
3.871999999999795,-8.333801452143344e-06,3.118186974911244e-05,-4.6127162122786034e-08,9.810000000000104
3.873999999999795,-8.271898013087849e-06,3.0951719527747804e-05,-4.5789164179452427e-08,9.810000000000104
3.8759999999997947,-8.210451501610677e-06,3.07232557385854e-05,-4.545362205313055e-08,9.8100000000001
3.8779999999997945,-8.149458569356071e-06,3.0496466127303484e-05,-4.512051806615994e-08,9.8100000000001
3.8799999999997943,-8.088915892299649e-06,3.0271338528211152e-05,-4.4789834671841863e-08,9.810000000000098
3.881999999999794,-8.028820170568935e-06,3.0047860865356233e-05,-4.4461554473340634e-08,9.810000000000096
3.883999999999794,-7.969168128272747e-06,2.9826021148093746e-05,-4.413566017982912e-08,9.810000000000095
3.8859999999997936,-7.909956513330576e-06,2.9605807471085884e-05,-4.3812134612417664e-08,9.810000000000095
3.8879999999997934,-7.851182097299755e-06,2.9387208015409912e-05,-4.349096072271722e-08,9.810000000000093
3.889999999999793,-7.79284167520264e-06,2.9170211048558177e-05,-4.317212159901217e-08,9.810000000000091
3.891999999999793,-7.734932065358194e-06,2.895480492222231e-05,-4.285560044729605e-08,9.81000000000009
3.8939999999997927,-7.677450109220256e-06,2.8740978068969598e-05,-4.254138055944301e-08,9.81000000000009
3.8959999999997925,-7.620392671204691e-06,2.8528719007782392e-05,-4.222944538168366e-08,9.810000000000088
3.8979999999997923,-7.563756638529868e-06,2.8318016337410793e-05,-4.191977844540294e-08,9.810000000000086
3.899999999999792,-7.5075389210460445e-06,2.810885874191211e-05,-4.161236343554292e-08,9.810000000000084
3.901999999999792,-7.451736451075821e-06,2.790123498511139e-05,-4.130718413392077e-08,9.810000000000084
3.9039999999997916,-7.396346183250186e-06,2.7695133912817208e-05,-4.100422444994187e-08,9.810000000000082
3.9059999999997914,-7.341365094348973e-06,2.749054445060591e-05,-4.0703468401304696e-08,9.81000000000008
3.907999999999791,-7.286790183147978e-06,2.728745560049793e-05,-4.040490008183858e-08,9.81000000000008
3.909999999999791,-7.232618470248336e-06,2.708585644982089e-05,-4.0108503767419714e-08,9.810000000000079
3.9119999999997908,-7.178846997928074e-06,2.688573616013075e-05,-3.98142637965367e-08,9.810000000000079
3.9139999999997905,-7.1254728299825856e-06,2.6687083972751218e-05,-3.9522164638197756e-08,9.810000000000077
3.9159999999997903,-7.07249305156947e-06,2.6489889206557992e-05,-3.923219087252765e-08,9.810000000000075
3.91799999999979,-7.019904769055728e-06,2.6294141256870874e-05,-3.894432718367208e-08,9.810000000000075
3.91999999999979,-6.9677051098670365e-06,2.6099829594345875e-05,-3.865855835259468e-08,9.810000000000073
3.9219999999997897,-6.9158912223304376e-06,2.5906943768298882e-05,-3.837486930011645e-08,9.810000000000072
3.9239999999997894,-6.864460275528105e-06,2.5715473401166223e-05,-3.809324502973452e-08,9.810000000000072
3.925999999999789,-6.813409459146663e-06,2.552540819072045e-05,-3.7813670657836986e-08,9.81000000000007
3.927999999999789,-6.762735983328739e-06,2.5336737908962435e-05,-3.753613140649233e-08,9.81000000000007
3.9299999999997888,-6.712437078526711e-06,2.5149452401013494e-05,-3.7260612596122466e-08,9.810000000000068
3.9319999999997886,-6.662509995352049e-06,2.496354158733117e-05,-3.698709967582988e-08,9.810000000000066
3.9339999999997883,-6.6129520044357095e-06,2.4778995458169778e-05,-3.671557816593738e-08,9.810000000000066
3.935999999999788,-6.56376039627747e-06,2.4595804079119867e-05,-3.6446033725692825e-08,9.810000000000064
3.937999999999788,-6.514932481110763e-06,2.4413957583352986e-05,-3.617845207070117e-08,9.810000000000064
3.9399999999997877,-6.466465588752009e-06,2.4233446179376906e-05,-3.5912819065571564e-08,9.810000000000063
3.9419999999997875,-6.418357068463233e-06,2.4054260144388297e-05,-3.564912065401353e-08,9.810000000000063
3.9439999999997872,-6.3706042888080406e-06,2.3876389827596398e-05,-3.5387342901349776e-08,9.810000000000061
3.945999999999787,-6.32320463752532e-06,2.3699825641359912e-05,-3.5127471899031276e-08,9.810000000000061
3.947999999999787,-6.276155521374141e-06,2.3524558075589532e-05,-3.486949393234802e-08,9.81000000000006
3.9499999999997866,-6.229454366009665e-06,2.335057768223754e-05,-3.4613395310253316e-08,9.810000000000057
3.9519999999997864,-6.183098615834696e-06,2.3177875087484546e-05,-3.435916250780618e-08,9.810000000000057
3.953999999999786,-6.13708573387116e-06,2.3006440981768527e-05,-3.410678205855145e-08,9.810000000000057
3.955999999999786,-6.091413201633805e-06,2.2836266118676926e-05,-3.385624054625145e-08,9.810000000000056
3.9579999999997857,-6.046078518979538e-06,2.2667341327133405e-05,-3.3607524747588804e-08,9.810000000000056
3.9599999999997855,-6.0010792039877625e-06,2.2499657495887443e-05,-3.336062146185102e-08,9.810000000000054
3.9619999999997852,-5.956412792823008e-06,2.2333205582377427e-05,-3.311551761545778e-08,9.810000000000054
3.963999999999785,-5.91207683960641e-06,2.21679766082991e-05,-3.287220021668375e-08,9.810000000000052
3.965999999999785,-5.868068916287198e-06,2.200396165960556e-05,-3.26306563601507e-08,9.810000000000052
3.9679999999997846,-5.8243866125119685e-06,2.184115188761516e-05,-3.239087324394507e-08,9.810000000000052
3.9699999999997844,-5.781027535498377e-06,2.1679538506795718e-05,-3.2152838149151945e-08,9.81000000000005
3.971999999999784,-5.737989309906632e-06,2.1519112795872423e-05,-3.191653845688052e-08,9.81000000000005
3.973999999999784,-5.695269577717623e-06,2.135986609450416e-05,-3.1681961615115296e-08,9.810000000000048
3.9759999999997837,-5.652865998099976e-06,2.1201789808822946e-05,-3.1449095205858235e-08,9.810000000000048
3.9779999999997835,-5.610776247294835e-06,2.1044875402570847e-05,-3.1217926849401574e-08,9.810000000000047
3.9799999999997833,-5.568998018487339e-06,2.0889114403747292e-05,-3.098844428365459e-08,9.810000000000047
3.981999999999783,-5.527529021678121e-06,2.073449840460906e-05,-3.076063536889634e-08,9.810000000000047
3.983999999999783,-5.486366983574723e-06,2.0581019051699334e-05,-3.053448797923848e-08,9.810000000000045
3.9859999999997826,-5.445509647467517e-06,2.0428668053602876e-05,-3.030999009416701e-08,9.810000000000045
3.9879999999997824,-5.404954773105626e-06,2.0277437180946042e-05,-3.008712980307341e-08,9.810000000000045
3.989999999999782,-5.364700136577262e-06,2.0127318264181006e-05,-2.986589528463552e-08,9.810000000000043
3.991999999999782,-5.324743530194522e-06,1.997830319136998e-05,-2.9646274785914717e-08,9.810000000000043
3.9939999999997817,-5.285082762373721e-06,1.983038391040101e-05,-2.942825665153522e-08,9.810000000000041
3.9959999999997815,-5.245715657526823e-06,1.9683552423448522e-05,-2.921182926506763e-08,9.810000000000041
3.9979999999997813,-5.206640055937365e-06,1.9537800794728532e-05,-2.8996981140752327e-08,9.810000000000041
3.999999999999781,-5.167853813647448e-06,1.9393121144959216e-05,-2.8783700865256595e-08,9.810000000000041
4.001999999999781,-5.129354802344725e-06,1.9249505651360923e-05,-2.8571977101633785e-08,9.81000000000004
4.003999999999781,-5.091140909249413e-06,1.910694654765615e-05,-2.8361798593310033e-08,9.81000000000004
4.005999999999781,-5.053210036999058e-06,1.8965436125177444e-05,-2.8153154180692883e-08,9.810000000000038
4.007999999999781,-5.015560103542187e-06,1.8824966728435863e-05,-2.7946032755008205e-08,9.810000000000038
4.00999999999978,-4.978189042025297e-06,1.868553075844462e-05,-2.774042329967775e-08,9.810000000000038
4.01199999999978,-4.941094800684291e-06,1.854712067050332e-05,-2.753631486923804e-08,9.810000000000036
4.01399999999978,-4.90427534273368e-06,1.8409728975305852e-05,-2.7333696605748552e-08,9.810000000000036
4.01599999999978,-4.8677286462558e-06,1.827334823894037e-05,-2.7132557742793833e-08,9.810000000000036
4.0179999999997795,-4.831452704098884e-06,1.813797107845776e-05,-2.6932887559147473e-08,9.810000000000036
4.019999999999779,-4.795445523761847e-06,1.800359016851897e-05,-2.6734675457749727e-08,9.810000000000036
4.021999999999779,-4.759705127296782e-06,1.78701982325319e-05,-2.6537910869375996e-08,9.810000000000034
4.023999999999779,-4.724229551202616e-06,1.7737788047082952e-05,-2.634258330617166e-08,9.810000000000034
4.025999999999779,-4.689016846314321e-06,1.760635244415282e-05,-2.6148682390658996e-08,9.810000000000032
4.027999999999778,-4.654065077705382e-06,1.7475884304469136e-05,-2.5956197784358277e-08,9.810000000000032
4.029999999999778,-4.619372324581505e-06,1.7346376561938057e-05,-2.5765119241399044e-08,9.810000000000032
4.031999999999778,-4.584936680180865e-06,1.7217822200320588e-05,-2.5575436574653974e-08,9.810000000000032
4.033999999999778,-4.550756251672184e-06,1.7090214254340456e-05,-2.5387139671790184e-08,9.81000000000003
4.0359999999997775,-4.5168291600506e-06,1.696354581079201e-05,-2.5200218511502852e-08,9.81000000000003
4.037999999999777,-4.48315354003795e-06,1.6837810006324464e-05,-2.5014663142159827e-08,9.81000000000003
4.039999999999777,-4.449727539987498e-06,1.6713000025226082e-05,-2.483046366015702e-08,9.81000000000003
4.041999999999777,-4.416549321784218e-06,1.658910910164e-05,-2.464761023835045e-08,9.81000000000003
4.043999999999777,-4.3836170607450895e-06,1.6466130519564193e-05,-2.446609312964482e-08,9.810000000000029
4.045999999999776,-4.3509289455193875e-06,1.6344057612851482e-05,-2.4285902670607418e-08,9.810000000000029
4.047999999999776,-4.3184831779934e-06,1.6222883762993767e-05,-2.410702925992534e-08,9.810000000000029
4.049999999999776,-4.286277973199587e-06,1.610260239690626e-05,-2.3929463336572817e-08,9.810000000000027
4.051999999999776,-4.2543115592168686e-06,1.5983206991359013e-05,-2.3753195433236607e-08,9.810000000000027
4.053999999999776,-4.222582177079777e-06,1.5864691068545392e-05,-2.3578216129663662e-08,9.810000000000027
4.055999999999775,-4.191088080678751e-06,1.5747048200513605e-05,-2.340451610613538e-08,9.810000000000027
4.057999999999775,-4.15982753666928e-06,1.563027200473517e-05,-2.3232086096863988e-08,9.810000000000027
4.059999999999775,-4.128798824385501e-06,1.5514356141889137e-05,-2.306091686796727e-08,9.810000000000025
4.061999999999775,-4.098000235736052e-06,1.539929432472518e-05,-2.289099932106568e-08,9.810000000000025
4.0639999999997745,-4.067430075126514e-06,1.5285080304768962e-05,-2.272232434633398e-08,9.810000000000025
4.065999999999774,-4.037086659357495e-06,1.5171707884508888e-05,-2.2554882963291132e-08,9.810000000000024
4.067999999999774,-4.006968317540429e-06,1.5059170908533e-05,-2.2388666224106345e-08,9.810000000000024
4.069999999999774,-3.977073391004509e-06,1.494746326796054e-05,-2.2223665266768266e-08,9.810000000000024
4.071999999999774,-3.947400233216919e-06,1.4836578893794629e-05,-2.2059871242991527e-08,9.810000000000024
4.073999999999773,-3.917947209683133e-06,1.4726511766893233e-05,-2.189727543407333e-08,9.810000000000024
4.075999999999773,-3.888712697871568e-06,1.4617255905782429e-05,-2.1735869116359806e-08,9.810000000000024
4.077999999999773,-3.859695087116097e-06,1.4508805377735254e-05,-2.1575643689424954e-08,9.810000000000022
4.079999999999773,-3.830892778536279e-06,1.4401154289908623e-05,-2.1416590579198993e-08,9.810000000000022
4.0819999999997725,-3.8023041849487293e-06,1.429429679377488e-05,-2.1258701290958166e-08,9.810000000000022
4.083999999999772,-3.773927730785133e-06,1.418822708179812e-05,-2.110196737482514e-08,9.810000000000022
4.085999999999772,-3.745761852005833e-06,1.4082939389649986e-05,-2.0946380453777477e-08,9.810000000000022
4.087999999999772,-3.7178049960200613e-06,1.397842799288599e-05,-2.0791932189033676e-08,9.810000000000022
4.089999999999772,-3.690055621595092e-06,1.3874687212484956e-05,-2.063861434572177e-08,9.810000000000022
4.091999999999771,-3.662512198780904e-06,1.3771711407093817e-05,-2.0486418708257924e-08,9.81000000000002
4.093999999999771,-3.6351732088237698e-06,1.3669494978567032e-05,-2.0335337145742932e-08,9.81000000000002
4.095999999999771,-3.6080371440886992e-06,1.3568032367535065e-05,-2.0185361564843105e-08,9.81000000000002
4.097999999999771,-3.5811025079774593e-06,1.3467318055620139e-05,-2.0036483937611858e-08,9.81000000000002
4.0999999999997705,-3.554367814851019e-06,1.3367346563220468e-05,-1.9888696279280324e-08,9.810000000000018
4.10199999999977,-3.5278315899453507e-06,1.3268112452833919e-05,-1.9741990688711037e-08,9.810000000000018
4.10399999999977,-3.5014923692916665e-06,1.3169610326842238e-05,-1.9596359326386985e-08,9.810000000000018
4.10599999999977,-3.4753486996410758e-06,1.3071834825295274e-05,-1.94517943921077e-08,9.810000000000018
4.10799999999977,-3.449399138389254e-06,1.2974780625910987e-05,-1.930828812757292e-08,9.810000000000018
4.109999999999769,-3.4236422534966717e-06,1.2878442446291218e-05,-1.916583284416926e-08,9.810000000000018
4.111999999999769,-3.398076623408828e-06,1.2782815043921682e-05,-1.9024420925907292e-08,9.810000000000018
4.113999999999769,-3.3727008369809162e-06,1.268789321395621e-05,-1.888404480719757e-08,9.810000000000018
4.115999999999769,-3.347513493406914e-06,1.2593671787000958e-05,-1.8744696950331112e-08,9.810000000000016
4.1179999999997685,-3.3225132021442533e-06,1.2500145631330195e-05,-1.8606369873030258e-08,9.810000000000016
4.119999999999768,-3.297698582836265e-06,1.240730965399419e-05,-1.8469056163741497e-08,9.810000000000016
4.121999999999768,-3.2730682652368423e-06,1.2315158799711307e-05,-1.8332748471921914e-08,9.810000000000016
4.123999999999768,-3.2486208891395376e-06,1.2223688048652256e-05,-1.8197439485596847e-08,9.810000000000016
4.125999999999768,-3.224355104302226e-06,1.2132892418655853e-05,-1.806312195898742e-08,9.810000000000016
4.127999999999767,-3.200269570373984e-06,1.2042766964121132e-05,-1.7929788702697356e-08,9.810000000000016
4.129999999999767,-3.176362956833048e-06,1.1953306770467926e-05,-1.7797432523395544e-08,9.810000000000016
4.131999999999767,-3.1526339429026176e-06,1.1864506965215717e-05,-1.7666046351601393e-08,9.810000000000016
4.133999999999767,-3.1290812174865914e-06,1.1776362708012666e-05,-1.7535623131824136e-08,9.810000000000015
4.1359999999997665,-3.105703479098673e-06,1.168886919395927e-05,-1.74061558624029e-08,9.810000000000015
4.137999999999766,-3.0824994357914565e-06,1.1602021653608363e-05,-1.7277637598062314e-08,9.810000000000015
4.139999999999766,-3.059467805092174e-06,1.1515815349641464e-05,-1.7150061414711342e-08,9.810000000000015
4.141999999999766,-3.036607313922926e-06,1.1430245584623962e-05,-1.7023420499702185e-08,9.810000000000015
4.143999999999766,-3.013916698543073e-06,1.1345307689926276e-05,-1.689770802915425e-08,9.810000000000013
4.145999999999765,-2.9913947044716835e-06,1.1260997035694817e-05,-1.67729172829602e-08,9.810000000000013
4.147999999999765,-2.9690400864321374e-06,1.117730901977313e-05,-1.6649041521987954e-08,9.810000000000013
4.149999999999765,-2.9468516082723604e-06,1.1094239079888647e-05,-1.6526074128146492e-08,9.810000000000013
4.151999999999765,-2.9248280429072127e-06,1.1011782682573816e-05,-1.640400848177947e-08,9.810000000000013
4.1539999999997645,-2.9029681722520174e-06,1.0929935327597652e-05,-1.628283801378363e-08,9.810000000000013
4.155999999999764,-2.881270787151654e-06,1.084869255018151e-05,-1.616255623318927e-08,9.810000000000013
4.157999999999764,-2.8597346873185188e-06,1.0768049916567535e-05,-1.6043156679524284e-08,9.810000000000013
4.159999999999764,-2.8383586812749127e-06,1.0688003021802899e-05,-1.5924632899749453e-08,9.810000000000013
4.161999999999764,-2.8171415862777073e-06,1.060854749860288e-05,-1.580697855080847e-08,9.810000000000013
4.1639999999997634,-2.7960822282607317e-06,1.0529679008487783e-05,-1.569018730199044e-08,9.810000000000013
4.165999999999763,-2.775179441768303e-06,1.0451393246214474e-05,-1.5574252887148102e-08,9.810000000000013
4.167999999999763,-2.7544320698976127e-06,1.0373685935344842e-05,-1.5459169056830455e-08,9.810000000000011
4.169999999999763,-2.73383896423669e-06,1.0296552830461577e-05,-1.534492960535015e-08,9.810000000000011
4.171999999999763,-2.7133989847934906e-06,1.0219989721599697e-05,-1.5231528423363818e-08,9.810000000000011
4.173999999999762,-2.693110999942724e-06,1.0143992425383481e-05,-1.5118959400001226e-08,9.810000000000011
4.175999999999762,-2.672973886363808e-06,1.0068556789457997e-05,-1.5007216474849753e-08,9.810000000000011
4.177999999999762,-2.6529865289832614e-06,9.993678690273338e-06,-1.4896293615034204e-08,9.810000000000011
4.179999999999762,-2.633147820908229e-06,9.919354037516161e-06,-1.478618486754527e-08,9.810000000000011
4.1819999999997615,-2.6134566633644407e-06,9.845578771893923e-06,-1.4676884336665165e-08,9.810000000000011
4.183999999999761,-2.5939119656518973e-06,9.772348856271784e-06,-1.456838608554637e-08,9.810000000000011
4.185999999999761,-2.574512645073963e-06,9.699660288967247e-06,-1.4460684288374847e-08,9.810000000000011
4.187999999999761,-2.5552576268797574e-06,9.627509097102836e-06,-1.4353773157788839e-08,9.810000000000011
4.189999999999761,-2.536145844206545e-06,9.555891336606095e-06,-1.4247646946919608e-08,9.810000000000011
4.19199999999976,-2.517176238028773e-06,9.484803088885943e-06,-1.414229991367257e-08,9.810000000000011
4.19399999999976,-2.4983477570893817e-06,9.41424046969574e-06,-1.4037726423056583e-08,9.810000000000011
4.19599999999976,-2.479659357862136e-06,9.344199613622912e-06,-1.393392077377472e-08,9.81000000000001
4.19799999999976,-2.4611100044740745e-06,9.274676694030866e-06,-1.3830877425553406e-08,9.81000000000001
4.1999999999997595,-2.4426986686567616e-06,9.205667908656499e-06,-1.372859083898191e-08,9.81000000000001
4.201999999999759,-2.424424329697541e-06,9.137169479610183e-06,-1.362705547701307e-08,9.81000000000001
4.203999999999759,-2.4062859743841425e-06,9.069177656699438e-06,-1.3526265844250583e-08,9.81000000000001
4.205999999999759,-2.3882825969404213e-06,9.001688721860452e-06,-1.3426216539312647e-08,9.81000000000001
4.207999999999759,-2.370413198979831e-06,8.934698980295015e-06,-1.332690215674289e-08,9.81000000000001
4.209999999999758,-2.352676789450027e-06,8.868204764902058e-06,-1.3228317338774893e-08,9.81000000000001
4.211999999999758,-2.3350723845796874e-06,8.802202435169755e-06,-1.3130456764781428e-08,9.810000000000008
4.213999999999758,-2.3175990078231203e-06,8.736688378283428e-06,-1.3033315165763381e-08,9.810000000000008
4.215999999999758,-2.3002556898093005e-06,8.671659006909764e-06,-1.2936887301235349e-08,9.810000000000008
4.2179999999997575,-2.283041468288691e-06,8.607110760304695e-06,-1.2841167973585042e-08,9.810000000000008
4.219999999999757,-2.265955388086712e-06,8.54304010098976e-06,-1.2746151992237257e-08,9.810000000000008
4.221999999999757,-2.2489965010439135e-06,8.479443521399398e-06,-1.265183425068212e-08,9.810000000000008
4.223999999999757,-2.2321638659694462e-06,8.416317537233646e-06,-1.2558209653362797e-08,9.810000000000008
4.225999999999757,-2.215456548587883e-06,8.353658690781799e-06,-1.24652731549568e-08,9.810000000000008
4.227999999999756,-2.1988736214904695e-06,8.291463548706628e-06,-1.2373019737184266e-08,9.810000000000008
4.229999999999756,-2.182414164084165e-06,8.22972870315227e-06,-1.228144442308929e-08,9.810000000000008
4.231999999999756,-2.166077262542892e-06,8.168450770636347e-06,-1.2190542266308786e-08,9.810000000000008
4.233999999999756,-2.149862009758792e-06,8.107626392049963e-06,-1.210030835278741e-08,9.810000000000008
4.2359999999997555,-2.133767505293477e-06,8.047252232657698e-06,-1.2010737802506265e-08,9.810000000000008
4.237999999999755,-2.11779285532485e-06,7.987324984313391e-06,-1.1921825796405728e-08,9.810000000000008
4.239999999999755,-2.10193717260944e-06,7.92784135770493e-06,-1.1833567490313984e-08,9.810000000000008
4.241999999999755,-2.0861995764181422e-06,7.868798095648888e-06,-1.1745958167022944e-08,9.810000000000008
4.243999999999755,-2.070579192505198e-06,7.810191956472229e-06,-1.1658993050296062e-08,9.810000000000008
4.245999999999754,-2.055075153050584e-06,7.752019727306946e-06,-1.1572667456498127e-08,9.810000000000008
4.247999999999754,-2.0396865966156983e-06,7.69427821744274e-06,-1.1486976721477579e-08,9.810000000000008
4.249999999999754,-2.024412668094613e-06,7.636964260542793e-06,-1.1401916227249951e-08,9.810000000000008
4.251999999999754,-2.0092525186741886e-06,7.580074710212226e-06,-1.1317481353459271e-08,9.810000000000008
4.2539999999997535,-1.994205305785329e-06,7.523606444429646e-06,-1.1233667528953232e-08,9.810000000000006
4.255999999999753,-1.9792701930542347e-06,7.4675563655471345e-06,-1.1150470233632957e-08,9.810000000000006
4.257999999999753,-1.964446350258086e-06,7.411921398074487e-06,-1.1067884975132168e-08,9.810000000000006
4.259999999999753,-1.949732953285159e-06,7.356698486463442e-06,-1.0985907265194564e-08,9.810000000000006
4.261999999999753,-1.9351291840838646e-06,7.301884600647099e-06,-1.0904532683886673e-08,9.810000000000006
4.263999999999752,-1.9206342306228633e-06,7.247476730500496e-06,-1.0823756818694831e-08,9.810000000000006
4.265999999999752,-1.906247286842319e-06,7.193471890272161e-06,-1.0743575316170268e-08,9.810000000000006
4.267999999999752,-1.891967552614014e-06,7.139867114152553e-06,-1.0663983833483067e-08,9.810000000000006
4.269999999999752,-1.87779423369925e-06,7.086659457381959e-06,-1.0584978052315969e-08,9.810000000000006
4.2719999999997516,-1.8637265417045335e-06,7.033845997358376e-06,-1.0506553692925635e-08,9.810000000000006
4.273999999999751,-1.8497636940372585e-06,6.981423833637511e-06,-1.042870651578094e-08,9.810000000000006
4.275999999999751,-1.8359049138680402e-06,6.929390084609128e-06,-1.0351432285438314e-08,9.810000000000006
4.277999999999751,-1.8221494300775357e-06,6.877741895252237e-06,-1.0274726859870118e-08,9.810000000000006
4.279999999999751,-1.8084964772254234e-06,6.826476426056254e-06,-1.0198586066851273e-08,9.810000000000004
4.2819999999997505,-1.7949452955083026e-06,6.775590858560411e-06,-1.0123005767655566e-08,9.810000000000004
4.28399999999975,-1.7814951307131635e-06,6.725082397569542e-06,-1.0047981883773394e-08,9.810000000000004
4.28599999999975,-1.7681452341841499e-06,6.674948264506762e-06,-9.973510323223779e-09,9.810000000000004
4.28799999999975,-1.7548948627738126e-06,6.625185705168666e-06,-9.899587069621807e-09,9.810000000000004
4.28999999999975,-1.7417432788054407e-06,6.5757919841859055e-06,-9.826208121260176e-09,9.810000000000004
4.291999999999749,-1.7286897500353943e-06,6.526764385023184e-06,-9.753369492372639e-09,9.810000000000004
4.293999999999749,-1.7157335496065726e-06,6.478100214410802e-06,-9.6810672647731e-09,9.810000000000004
4.295999999999749,-1.7028739560196095e-06,6.429796793481569e-06,-9.609297489037022e-09,9.810000000000004
4.297999999999749,-1.6901102530885575e-06,6.38185146552601e-06,-9.53805627330645e-09,9.810000000000004
4.2999999999997485,-1.67744172990322e-06,6.3342615926686996e-06,-9.467339747290318e-09,9.810000000000004
4.301999999999748,-1.6648676807870518e-06,6.287024558084038e-06,-9.397144088761027e-09,9.810000000000004
4.303999999999748,-1.6523874052639225e-06,6.24013776156471e-06,-9.327465474826971e-09,9.810000000000004
4.305999999999748,-1.6400002080115845e-06,6.193598626168994e-06,-9.258300158500212e-09,9.810000000000004
4.307999999999748,-1.6277053988328695e-06,6.147404589357683e-06,-9.18964436993768e-09,9.810000000000004
4.309999999999747,-1.6155022926135865e-06,6.101553109641392e-06,-9.12149439271447e-09,9.810000000000004
4.311999999999747,-1.6033902092892886e-06,6.056041662149019e-06,-9.053846515134945e-09,9.810000000000004
4.313999999999747,-1.5913684738076015e-06,6.01086774084352e-06,-8.986697056473532e-09,9.810000000000004
4.315999999999747,-1.5794364160861263e-06,5.966028860737669e-06,-8.920042393538677e-09,9.810000000000004
4.3179999999997465,-1.567593370981417e-06,5.921522552354644e-06,-8.853878899421924e-09,9.810000000000004
4.319999999999746,-1.5558386782535294e-06,5.877346363943787e-06,-8.788202969609908e-09,9.810000000000004
4.321999999999746,-1.5441716825261366e-06,5.833497863696381e-06,-8.723011048419505e-09,9.810000000000004
4.323999999999746,-1.5325917332532926e-06,5.789974636421991e-06,-8.658299592799909e-09,9.810000000000004
4.325999999999746,-1.5210981846817642e-06,5.7467742857642376e-06,-8.594065098629504e-09,9.810000000000004
4.327999999999745,-1.5096903958177941e-06,5.703894431985023e-06,-8.530304076970746e-09,9.810000000000004
4.329999999999745,-1.4983677303938652e-06,5.661332711964531e-06,-8.467013055202401e-09,9.810000000000004
4.331999999999745,-1.487129556833247e-06,5.6190867803091145e-06,-8.404188590751761e-09,9.810000000000004
4.333999999999745,-1.4759752482123286e-06,5.577154310459183e-06,-8.341827284993e-09,9.810000000000004
4.3359999999997445,-1.4649041822318133e-06,5.535532990257653e-06,-8.279925734354865e-09,9.810000000000004
4.337999999999744,-1.4539157411790503e-06,5.494220526381499e-06,-8.218480581539458e-09,9.810000000000004
4.339999999999744,-1.443009311897014e-06,5.45321464101809e-06,-8.157488479238597e-09,9.810000000000004
4.341999999999744,-1.4321842857466363e-06,5.412513075188851e-06,-8.096946128935659e-09,9.810000000000004
4.343999999999744,-1.4214400585824325e-06,5.372113582101945e-06,-8.036850206865265e-09,9.810000000000004
4.345999999999743,-1.4107760307104019e-06,5.332013936015363e-06,-7.977197465317443e-09,9.810000000000004
4.347999999999743,-1.4001916068570068e-06,5.292211926697491e-06,-7.917984671519515e-09,9.810000000000004
4.349999999999743,-1.3896861961425841e-06,5.252705357211343e-06,-7.859208583515761e-09,9.810000000000004
4.351999999999743,-1.3792592120414603e-06,5.213492050561871e-06,-7.800866026471171e-09,9.810000000000004
4.3539999999997425,-1.3689100723575788e-06,5.174569841940767e-06,-7.742953806238762e-09,9.810000000000004
4.355999999999742,-1.358638199189047e-06,5.135936584265895e-06,-7.685468772931523e-09,9.810000000000004
4.357999999999742,-1.3484430188949e-06,5.097590147073396e-06,-7.628407809739676e-09,9.810000000000002
4.359999999999742,-1.3383239620685121e-06,5.059528413194043e-06,-7.5717677964166e-09,9.810000000000002
4.361999999999742,-1.328280463499927e-06,5.0217492842926585e-06,-7.515545673032352e-09,9.810000000000002
4.363999999999741,-1.3183119621559167e-06,4.984250672005039e-06,-7.459738340832867e-09,9.810000000000002
4.365999999999741,-1.308417901137883e-06,4.947030509016802e-06,-7.404342788494382e-09,9.810000000000002
4.367999999999741,-1.2985977276552667e-06,4.910086741308192e-06,-7.349356005903915e-09,9.810000000000002
4.369999999999741,-1.288850892994527e-06,4.873417330369853e-06,-7.2947750101708056e-09,9.810000000000002
4.3719999999997405,-1.2791768524969844e-06,4.837020248771282e-06,-7.240596796411633e-09,9.810000000000002
4.37399999999974,-1.269575065523368e-06,4.800893486808145e-06,-7.1868184138272885e-09,9.810000000000002
4.37599999999974,-1.2600449954183636e-06,4.765035052502276e-06,-7.133436967181886e-09,9.810000000000002
4.37799999999974,-1.2505861094928864e-06,4.729442962738594e-06,-7.080449517560029e-09,9.810000000000002
4.37999999999974,-1.2411978789886302e-06,4.694115252128185e-06,-7.027853183335303e-09,9.810000000000002
4.381999999999739,-1.231879779047045e-06,4.659049970792534e-06,-6.975645116489455e-09,9.810000000000002
4.383999999999739,-1.2226312886916127e-06,4.624245177716209e-06,-6.923822428259963e-09,9.810000000000002
4.385999999999739,-1.21345189078353e-06,4.589698954041489e-06,-6.872382340495962e-09,9.810000000000002
4.387999999999739,-1.2043410720039823e-06,4.555409389773736e-06,-6.821322036714791e-09,9.810000000000002
4.3899999999997386,-1.195298322823125e-06,4.521374590428712e-06,-6.770638737925414e-09,9.810000000000002
4.391999999999738,-1.1863231374779228e-06,4.48759267260103e-06,-6.7203296534873074e-09,9.810000000000002
4.393999999999738,-1.1774150139367002e-06,4.454061770611474e-06,-6.670392057261352e-09,9.810000000000002
4.395999999999738,-1.1685734538769807e-06,4.420780029859685e-06,-6.6208232136144e-09,9.810000000000002
4.397999999999738,-1.1597979626500378e-06,4.3877456134714676e-06,-6.571620453584984e-09,9.810000000000002
4.3999999999997375,-1.1510880492675979e-06,4.3549566912199435e-06,-6.522781050537127e-09,9.810000000000002
4.401999999999737,-1.1424432263619577e-06,4.322411452820172e-06,-6.474302371259344e-09,9.810000000000002
4.403999999999737,-1.133863010168257e-06,4.290108096850297e-06,-6.426181751945871e-09,9.810000000000002
4.405999999999737,-1.1253469204912435e-06,4.258044838506745e-06,-6.378416586667188e-09,9.810000000000002
4.407999999999737,-1.1168944806853298e-06,4.226219902956913e-06,-6.331004253259311e-09,9.810000000000002
4.409999999999736,-1.1085052176257884e-06,4.1946315297707085e-06,-6.28394216419068e-09,9.810000000000002
4.411999999999736,-1.1001786616843788e-06,4.1632779707047805e-06,-6.23722774251568e-09,9.810000000000002
4.413999999999736,-1.0919143467027583e-06,4.132157490810404e-06,-6.190858435294804e-09,9.810000000000002
4.415999999999736,-1.0837118099614597e-06,4.101268370649251e-06,-6.144831739769971e-09,9.810000000000002
4.4179999999997355,-1.0755705921621676e-06,4.0706088996460784e-06,-6.099145129130322e-09,9.810000000000002
4.419999999999735,-1.067490237401127e-06,4.040177380520269e-06,-6.053796103255285e-09,9.810000000000002
4.421999999999735,-1.0594702931425553e-06,4.009972129285831e-06,-6.008782189726342e-09,9.810000000000002
4.423999999999735,-1.051510310196484e-06,3.97999147303563e-06,-5.964100919662931e-09,9.810000000000002
4.425999999999735,-1.043609842687738e-06,3.950233754372926e-06,-5.919749878798508e-09,9.810000000000002
4.427999999999734,-1.0357684480426415e-06,3.920697322548295e-06,-5.8757266080955055e-09,9.810000000000002
4.429999999999734,-1.0279856869535646e-06,3.8913805445384795e-06,-5.832028729753577e-09,9.810000000000002
4.431999999999734,-1.0202611233634137e-06,3.86228179507542e-06,-5.7886538355594476e-09,9.810000000000002
4.433999999999734,-1.0125943244368265e-06,3.833399463293572e-06,-5.745599562699543e-09,9.810000000000002
4.4359999999997335,-1.0049848605357981e-06,3.8047319505141276e-06,-5.70286356979025e-09,9.810000000000002
4.437999999999733,-9.974323051997396e-07,3.7762776680292515e-06,-5.6604435126006605e-09,9.810000000000002
4.439999999999733,-9.899362351188882e-07,3.7480350404257336e-06,-5.618337082423654e-09,9.810000000000002
4.441999999999733,-9.824962301165812e-07,3.7200025011534477e-06,-5.5765419567845615e-09,9.810000000000002
4.443999999999733,-9.751118731226673e-07,3.6921784969568947e-06,-5.535055850258155e-09,9.810000000000002
4.445999999999732,-9.677827501513485e-07,3.6645614856594295e-06,-5.493876490371556e-09,9.810000000000002
4.447999999999732,-9.605084502745904e-07,3.6371499383790345e-06,-5.453001643564602e-09,9.810000000000002
4.449999999999732,-9.532885656043968e-07,3.6099423350967764e-06,-5.412429065922546e-09,9.810000000000002
4.451999999999732,-9.461226912662201e-07,3.5829371690883465e-06,-5.372156554016828e-09,9.810000000000002
4.4539999999997315,-9.390104253878825e-07,3.5561329391688648e-06,-5.332181857874862e-09,9.810000000000002
4.455999999999731,-9.319513690619074e-07,3.529528162987505e-06,-5.292502832091008e-09,9.810000000000002
4.457999999999731,-9.249451263344416e-07,3.5031213637328682e-06,-5.253117286636388e-09,9.810000000000002
4.459999999999731,-9.179913041764495e-07,3.476911078996068e-06,-5.214023087616678e-09,9.810000000000002
4.461999999999731,-9.110895124726343e-07,3.4508958519076447e-06,-5.1752180578302894e-09,9.810000000000002
4.46399999999973,-9.042393639904172e-07,3.4250742411085363e-06,-5.136700090127785e-09,9.810000000000002
4.46599999999973,-8.974404743622117e-07,3.3994448141027656e-06,-5.098467073320373e-09,9.810000000000002
4.46799999999973,-8.906924620632653e-07,3.374006149473209e-06,-5.060516917882925e-09,9.810000000000002
4.46999999999973,-8.839949483872862e-07,3.348756837989485e-06,-5.022847569384824e-09,9.810000000000002
4.4719999999997295,-8.773475574375809e-07,3.3236954748527537e-06,-4.985456921353042e-09,9.810000000000002
4.473999999999729,-8.707499160916e-07,3.2988206729903434e-06,-4.948342966275594e-09,9.810000000000002
4.475999999999729,-8.642016539920778e-07,3.274131049761125e-06,-4.91150364630326e-09,9.810000000000002
4.477999999999729,-8.577024035204406e-07,3.2496252358185954e-06,-4.874936953899026e-09,9.810000000000002
4.479999999999729,-8.51251799779082e-07,3.2253018706793353e-06,-4.8386408826524815e-09,9.810000000000002
4.481999999999728,-8.448494805692045e-07,3.2011596049387805e-06,-4.802613453019696e-09,9.810000000000002
4.483999999999728,-8.384950863775252e-07,3.1771970958396807e-06,-4.766852662834209e-09,9.810000000000002
4.485999999999728,-8.321882603496864e-07,3.1534130139194113e-06,-4.731356563107714e-09,9.810000000000002
4.487999999999728,-8.259286482725294e-07,3.129806038578432e-06,-4.696123208865031e-09,9.810000000000002
4.4899999999997275,-8.197158985519373e-07,3.1063748602960582e-06,-4.661150684904435e-09,9.810000000000002
4.491999999999727,-8.135496621995395e-07,3.0831181761989173e-06,-4.626437056329122e-09,9.810000000000002
4.493999999999727,-8.074295928127702e-07,3.060034693384607e-06,-4.591980406594148e-09,9.810000000000002
4.495999999999727,-8.013553465504954e-07,3.0371231311374657e-06,-4.557778863437893e-09,9.810000000000002
4.497999999999727,-7.953265821175013e-07,3.0143822164970306e-06,-4.5238305495851584e-09,9.810000000000002
4.499999999999726,-7.893429607445537e-07,2.991810686473809e-06,-4.490133608374984e-09,9.810000000000002
4.501999999999726,-7.83404146170671e-07,2.9694072869413906e-06,-4.456686191933296e-09,9.810000000000002
4.503999999999726,-7.77509804625398e-07,2.9471707726364514e-06,-4.4234864617844945e-09,9.810000000000002
4.505999999999726,-7.716596048110805e-07,2.9250999071587504e-06,-4.390532589467661e-09,9.810000000000002
4.507999999999726,-7.658532178851383e-07,2.9031934629711315e-06,-4.357822757157287e-09,9.810000000000002
4.509999999999725,-7.600903174379076e-07,2.881450223615292e-06,-4.325355183471305e-09,9.810000000000002
4.511999999999725,-7.543705794749156e-07,2.859868981496016e-06,-4.293128099233088e-09,9.810000000000002
4.513999999999725,-7.486936824035848e-07,2.838448535665399e-06,-4.261139722924147e-09,9.810000000000002
4.515999999999725,-7.430593070155076e-07,2.8171876940386204e-06,-4.22938828619209e-09,9.810000000000002
4.5179999999997245,-7.374671364642881e-07,2.7960852756097166e-06,-4.197872059676821e-09,9.810000000000002
4.519999999999724,-7.319168562500324e-07,2.7751401071279204e-06,-4.16658931619932e-09,9.810000000000002
4.521999999999724,-7.264081542038371e-07,2.754351023097665e-06,-4.135538331257923e-09,9.810000000000002
4.523999999999724,-7.209407204678483e-07,2.7337168679943532e-06,-4.1047174087112825e-09,9.810000000000002
4.525999999999724,-7.155142474841826e-07,2.7132364918328134e-06,-4.074124831231909e-09,9.810000000000002
4.527999999999723,-7.101284299683377e-07,2.6929087579225027e-06,-4.0437589486403316e-09,9.810000000000002
4.529999999999723,-7.047829649047604e-07,2.672732531788648e-06,-4.013618053290657e-09,9.810000000000002
4.531999999999723,-6.994775515202581e-07,2.6527066922511022e-06,-3.983700505716136e-09,9.810000000000002
4.533999999999723,-6.942118912662726e-07,2.6328301269928037e-06,-3.954004685570992e-09,9.810000000000002
4.5359999999997225,-6.889856878100161e-07,2.6131017281282314e-06,-3.924528941949311e-09,9.810000000000002
4.537999999999722,-6.837986470167462e-07,2.593520396634949e-06,-3.895271643809649e-09,9.810000000000002
4.539999999999722,-6.786504769276075e-07,2.574085044569376e-06,-3.866231205849104e-09,9.810000000000002
4.541999999999722,-6.735408877507686e-07,2.5547945884194735e-06,-3.8374060139655685e-09,9.810000000000002
4.543999999999722,-6.684695918392644e-07,2.5356479557520567e-06,-3.808794500877768e-09,9.810000000000002
4.545999999999721,-6.634363036821336e-07,2.5166440785654853e-06,-3.780395071595521e-09,9.810000000000002
4.547999999999721,-6.584407398822596e-07,2.4977818999369723e-06,-3.75220617904765e-09,9.810000000000002
4.549999999999721,-6.534826191430774e-07,2.4790603695910437e-06,-3.7242262747430278e-09,9.810000000000002
4.551999999999721,-6.485616622552783e-07,2.4604784438995403e-06,-3.6964538091730272e-09,9.810000000000002
4.5539999999997205,-6.436775920790836e-07,2.4420350880973862e-06,-3.6688872574001754e-09,9.810000000000002
4.55599999999972,-6.388301335287341e-07,2.423729275174703e-06,-3.641525107190919e-09,9.810000000000002
4.55799999999972,-6.340190135591963e-07,2.4055599847689268e-06,-3.614365846995551e-09,9.810000000000002
4.55999999999972,-6.292439611528666e-07,2.3875262031648067e-06,-3.5874079663659615e-09,9.810000000000002
4.56199999999972,-6.245047072974148e-07,2.3696269277259463e-06,-3.560650006742454e-09,9.810000000000002
4.563999999999719,-6.198009849747041e-07,2.3518611613553777e-06,-3.5340904995512193e-09,9.810000000000002
4.565999999999719,-6.151325291519287e-07,2.334227911387674e-06,-3.5077279538857926e-09,9.810000000000002
4.567999999999719,-6.104990767572404e-07,2.3167261973441506e-06,-3.4815609447650212e-09,9.810000000000002
4.569999999999719,-6.05900366670885e-07,2.2993550431776635e-06,-3.4555880262160327e-09,9.810000000000002
4.5719999999997185,-6.013361397119083e-07,2.282113479488382e-06,-3.4298077565837744e-09,9.81
4.573999999999718,-5.968061386159976e-07,2.2650005479553315e-06,-3.4042187493405564e-09,9.81
4.575999999999718,-5.923101080354825e-07,2.248015290257537e-06,-3.37881954824928e-09,9.81
4.577999999999718,-5.878477945105295e-07,2.2311567624765344e-06,-3.3536087905598335e-09,9.81
4.579999999999718,-5.834189464624944e-07,2.2144240240175173e-06,-3.328585082650434e-09,9.81
4.581999999999717,-5.790233141828442e-07,2.197816139825107e-06,-3.3037470251984888e-09,9.81
4.583999999999717,-5.746606498154302e-07,2.1813321837070075e-06,-3.2790932512594155e-09,9.81
4.585999999999717,-5.703307073431937e-07,2.164971236118237e-06,-3.2546224018637608e-09,9.81
4.587999999999717,-5.660332425726556e-07,2.1487323852690133e-06,-3.2303331390780918e-09,9.81
4.5899999999997165,-5.617680131228377e-07,2.132614724908979e-06,-3.2062241214526936e-09,9.81
4.591999999999716,-5.575347784097518e-07,2.116617356542979e-06,-3.182294029523723e-09,9.81
4.593999999999716,-5.533332996353212e-07,2.1007393872152822e-06,-3.1585415412676634e-09,9.81
4.595999999999716,-5.491633397740863e-07,2.0849799306174737e-06,-3.1349653450190353e-09,9.81
4.597999999999716,-5.450246635643411e-07,2.0693381048726777e-06,-3.1115641147741472e-09,9.81
4.599999999999715,-5.409170374859754e-07,2.0538130391828762e-06,-3.088336585914559e-09,9.81
4.601999999999715,-5.368402297471806e-07,2.0384038693973633e-06,-3.0652815059635653e-09,9.81
4.603999999999715,-5.327940102888813e-07,2.0231097291496616e-06,-3.0423975343530567e-09,9.81
4.605999999999715,-5.287781507492823e-07,2.007929769799463e-06,-3.0196834683102276e-09,9.81
4.6079999999997145,-5.247924244638693e-07,1.9928631427064584e-06,-2.997138043470129e-09,9.81
4.609999999999714,-5.208366064565456e-07,1.977909003661881e-06,-2.9747599838058333e-09,9.81
4.611999999999714,-5.16910473417474e-07,1.9630665195358204e-06,-2.9525480773711342e-09,9.81
4.613999999999714,-5.1301380369643e-07,1.9483348605220216e-06,-2.930501089302268e-09,9.81
4.615999999999714,-5.09146377287291e-07,1.933713204569428e-06,-2.9086178122283503e-09,9.81
4.6179999999997134,-5.053079758169583e-07,1.919200735166411e-06,-2.8868970417650587e-09,9.81
4.619999999999713,-5.014983825342768e-07,1.9047966413407702e-06,-2.865337576880131e-09,9.81
4.621999999999713,-4.977173823011731e-07,1.8905001165518466e-06,-2.8439382076703125e-09,9.81
4.623999999999713,-4.93964761574929e-07,1.876310363122065e-06,-2.8226977659406574e-09,9.81
4.625999999999713,-4.902403083948866e-07,1.8622265900211644e-06,-2.801615100867546e-09,9.81
4.627999999999712,-4.865438123780174e-07,1.8482480084346541e-06,-2.780689029168665e-09,9.81
4.629999999999712,-4.828750647056267e-07,1.8343738361953568e-06,-2.759918385377528e-09,9.81
4.631999999999712,-4.792338581078441e-07,1.820603298891294e-06,-2.739302034974926e-09,9.81
4.633999999999712,-4.7561998685697587e-07,1.8069356254341427e-06,-2.718838824724264e-09,9.81
4.6359999999997115,-4.7203324675199436e-07,1.7933700524907798e-06,-2.698527633112111e-09,9.81
4.637999999999711,-4.6847343510745934e-07,1.77990582226751e-06,-2.678367345872011e-09,9.81
4.639999999999711,-4.6494035074687075e-07,1.766542180294293e-06,-2.6583568311973196e-09,9.81
4.641999999999711,-4.6143379398272664e-07,1.7532783820720594e-06,-2.638495015373131e-09,9.81
4.643999999999711,-4.579535666187389e-07,1.7401136819938539e-06,-2.618780757892326e-09,9.81
4.64599999999971,-4.5449947192546e-07,1.727047346639462e-06,-2.599213002012882e-09,9.81
4.64799999999971,-4.5107131463585115e-07,1.7140786448044406e-06,-2.5797906627847555e-09,9.81
4.64999999999971,-4.4766890093641935e-07,1.701206849715888e-06,-2.5605126521713192e-09,9.81
4.65199999999971,-4.4429203845392294e-07,1.6884312412482157e-06,-2.541377904486789e-09,9.81
4.6539999999997095,-4.409405362420767e-07,1.675751105923149e-06,-2.522385376968044e-09,9.81
4.655999999999709,-4.3761420477712035e-07,1.6631657324781836e-06,-2.503533999984367e-09,9.81
4.657999999999709,-4.343128559445241e-07,1.6506744162981286e-06,-2.484822727351799e-09,9.81
4.659999999999709,-4.3103630302126234e-07,1.6382764616308772e-06,-2.4662505620957595e-09,9.81
4.661999999999709,-4.277843606758136e-07,1.6259711727243224e-06,-2.447816456618019e-09,9.81
4.663999999999708,-4.2455684495486635e-07,1.613757860473671e-06,-2.429519387888102e-09,9.81
4.665999999999708,-4.21353573274455e-07,1.6016358402056709e-06,-2.4113583328482463e-09,9.81
4.667999999999708,-4.181743644066663e-07,1.5896044338943839e-06,-2.39333229387242e-09,9.81
4.669999999999708,-4.1501903847077543e-07,1.5776629679454133e-06,-2.375440274177022e-09,9.81
4.6719999999997075,-4.118874169243836e-07,1.565810773195905e-06,-2.3576812781028215e-09,9.81
4.673999999999707,-4.08779322550123e-07,1.554047187130318e-06,-2.3400543365819357e-09,9.81
4.675999999999707,-4.0569457944900943e-07,1.5423715505567672e-06,-2.322558469965072e-09,9.81
4.677999999999707,-4.0263301303379537e-07,1.530783207607025e-06,-2.3051926881539928e-09,9.81
4.679999999999707,-3.995944500134593e-07,1.5192815101680618e-06,-2.2879560411011914e-09,9.81
4.681999999999706,-3.965787183821267e-07,1.5078658156662755e-06,-2.270847594392811e-09,9.81
4.683999999999706,-3.9358564741463915e-07,1.4965354837438358e-06,-2.253866391929227e-09,9.81
4.685999999999706,-3.906150676576902e-07,1.4852898784744536e-06,-2.237011481093054e-09,9.81
4.687999999999706,-3.8766681091653195e-07,1.4741283705791535e-06,-2.2202819382331712e-09,9.81
4.6899999999997055,-3.847407102483267e-07,1.4630503341026162e-06,-2.203676831509014e-09,9.81
4.691999999999705,-3.818365999510688e-07,1.4520551486289505e-06,-2.1871952462228735e-09,9.81
4.693999999999705,-3.7895431555693695e-07,1.4411421970659217e-06,-2.1708362601032204e-09,9.81
4.695999999999705,-3.760936938212155e-07,1.4303108678607223e-06,-2.1545989686415347e-09,9.81
4.697999999999705,-3.7325457270899977e-07,1.4195605561078584e-06,-2.1384824981543324e-09,9.81
4.699999999999704,-3.7043679139962764e-07,1.4088906546860644e-06,-2.1224859056830486e-09,9.81
4.701999999999704,-3.676401902600903e-07,1.398300569768702e-06,-2.106608354648201e-09,9.81
4.703999999999704,-3.6486461085389507e-07,1.3877897030975895e-06,-2.09084891496512e-09,9.81
4.705999999999704,-3.621098959189083e-07,1.3773574674934017e-06,-2.0752067383888998e-09,9.81
4.7079999999997035,-3.593758893584916e-07,1.3670032802083543e-06,-2.0596809842336836e-09,9.81
4.709999999999703,-3.566624362415023e-07,1.3567265584946641e-06,-2.0442707693356457e-09,9.81
4.711999999999703,-3.539693827912144e-07,1.3465267251439746e-06,-2.028975230710951e-09,9.81
4.713999999999703,-3.5129657637423964e-07,1.3364032084873576e-06,-2.0137935260440324e-09,9.81
4.715999999999703,-3.486438654938806e-07,1.3263554401795408e-06,-1.9987248089959467e-09,9.81
4.717999999999702,-3.460110997790512e-07,1.31638285741468e-06,-1.983768254566202e-09,9.81
4.719999999999702,-3.433981299798458e-07,1.306484899602702e-06,-1.968923021814276e-09,9.81
4.721999999999702,-3.408048079564599e-07,1.2966610116929608e-06,-1.9541882916599177e-09,9.81
4.723999999999702,-3.38230986672543e-07,1.2869106419584674e-06,-1.9395632422000426e-09,9.81
4.7259999999997016,-3.356765201841197e-07,1.2772332442116603e-06,-1.9250470740790655e-09,9.81
4.727999999999701,-3.3314126363294246e-07,1.2676282755886347e-06,-1.9106389858103473e-09,9.81
4.729999999999701,-3.3062507324205995e-07,1.258095195441256e-06,-1.8963381613769432e-09,9.81
4.731999999999701,-3.281278063069541e-07,1.248633467552933e-06,-1.882143795450731e-09,9.81
4.733999999999701,-3.256493211822453e-07,1.2392425623543867e-06,-1.8680551189276394e-09,9.81
4.7359999999997004,-3.2318947728169264e-07,1.229921950276338e-06,-1.8540713240489222e-09,9.81
4.7379999999997,-3.207481350560359e-07,1.220671112828364e-06,-1.8401916900433363e-09,9.81
4.7399999999997,-3.1832515600185894e-07,1.2114895270884986e-06,-1.8264154081505557e-09,9.81
4.7419999999997,-3.159204026482948e-07,1.2023766767820897e-06,-1.8127417066392128e-09,9.81
4.7439999999997,-3.135337385437312e-07,1.1933320522817976e-06,-1.799169851483299e-09,9.81
4.745999999999699,-3.1116502826024215e-07,1.1843551417445117e-06,-1.7856990463109542e-09,9.81
4.747999999999699,-3.088141373714302e-07,1.1754454444059775e-06,-1.7723285829247006e-09,9.81
4.749999999999699,-3.064809324524263e-07,1.166602459501939e-06,-1.7590577166995139e-09,9.81
4.751999999999699,-3.0416528107545844e-07,1.1578256884839124e-06,-1.7458856915086779e-09,9.81
4.7539999999996985,-3.01867051796557e-07,1.1491146394507268e-06,-1.7328117901473004e-09,9.81
4.755999999999698,-2.9958611415333883e-07,1.140468821609096e-06,-1.7198352720643293e-09,9.81
4.757999999999698,-2.9732233864949695e-07,1.131887751920934e-06,-1.7069554488159504e-09,9.81
4.759999999999698,-2.95075596761448e-07,1.1233709440244968e-06,-1.694171559002072e-09,9.81
4.761999999999698,-2.928457609183899e-07,1.1149179215290106e-06,-1.6814829186427919e-09,9.81
4.763999999999697,-2.906327045023025e-07,1.106528208043702e-06,-1.6688888090234594e-09,9.81
4.765999999999697,-2.884363018346523e-07,1.0982013338251098e-06,-1.6563885519985782e-09,9.81
4.767999999999697,-2.862564281808243e-07,1.0899368269140029e-06,-1.6439814099610152e-09,9.81
4.769999999999697,-2.840929597279643e-07,1.0817342264300046e-06,-1.6316667363827309e-09,9.81
4.7719999999996965,-2.819457735894104e-07,1.0735930692769672e-06,-1.6194438260505218e-09,9.81
4.773999999999696,-2.7981474779139826e-07,1.0655128990060566e-06,-1.607312015245757e-09,9.81
4.775999999999696,-2.776997612730614e-07,1.0574932591684383e-06,-1.5952706069031686e-09,9.81
4.777999999999696,-2.756006938731362e-07,1.0495336999625907e-06,-1.5833189459250022e-09,9.81
4.779999999999696,-2.735174263299622e-07,1.0416337715869929e-06,-1.5714563443432149e-09,9.81
4.781999999999695,-2.7144984026375586e-07,1.0337930331032076e-06,-1.559682181819801e-09,9.81
4.783999999999695,-2.693978181810418e-07,1.0260110413570264e-06,-1.547995780761786e-09,9.81
4.785999999999695,-2.6736124346357445e-07,1.0182873587336696e-06,-1.5363964939197778e-09,9.81
4.787999999999695,-2.6534000036612196e-07,1.0106215487262413e-06,-1.5248836545823346e-09,9.81
4.7899999999996945,-2.6333397400095586e-07,1.0030131825830453e-06,-1.5134566520572222e-09,9.81
4.791999999999694,-2.6134305033563536e-07,9.95461832660271e-07,-1.5021148570012916e-09,9.81
4.793999999999694,-2.5936711619300714e-07,9.879670713141071e-07,-1.490857608766595e-09,9.81
4.795999999999694,-2.574060592356953e-07,9.805284786559418e-07,-1.4796843033206596e-09,9.81
4.797999999999694,-2.554597679683167e-07,9.731456336892774e-07,-1.4685942933981883e-09,9.81
4.799999999999693,-2.5352813172640266e-07,9.658181209570435e-07,-1.4575869636764723e-09,9.81
4.801999999999693,-2.516110406653195e-07,9.585455305415975e-07,-1.4466617313466688e-09,9.81
4.803999999999693,-2.4970838576026887e-07,9.513274525252969e-07,-1.4358179837309988e-09,9.81
4.805999999999693,-2.4782005880185634e-07,9.441634792062703e-07,-1.4250551032551812e-09,9.81
4.8079999999996925,-2.459459523916595e-07,9.370532050984173e-07,-1.414372467553038e-09,9.81
4.809999999999692,-2.440859599289336e-07,9.299962313629503e-07,-1.4037694999377744e-09,9.81
4.811999999999692,-2.4223997560617986e-07,9.229921613768533e-07,-1.3932456197731042e-09,9.81
4.813999999999692,-2.404078944047141e-07,9.160406007328807e-07,-1.3828002425835448e-09,9.81
4.815999999999692,-2.38589612090235e-07,9.091411572395585e-07,-1.3724327801658133e-09,9.81
4.817999999999691,-2.3678502520839265e-07,9.022934409211835e-07,-1.3621426407013906e-09,9.81
4.819999999999691,-2.349940310759255e-07,8.954970662335946e-07,-1.3519292540529791e-09,9.81
4.821999999999691,-2.3321652777179712e-07,8.887516520641728e-07,-1.341792072194239e-09,9.81
4.823999999999691,-2.3145241413719651e-07,8.820568173002991e-07,-1.3317305192762316e-09,9.81
4.8259999999996905,-2.2970158976667474e-07,8.754121852608963e-07,-1.3217440417974625e-09,9.81
4.82799999999969,-2.2796395500814497e-07,8.688173792648878e-07,-1.3118320586725874e-09,9.81
4.82999999999969,-2.262394109540195e-07,8.622720270627386e-07,-1.3019940114046952e-09,9.81
4.83199999999969,-2.2452785942791506e-07,8.557757630522271e-07,-1.2922293897046648e-09,9.81
4.83399999999969,-2.2282920298908432e-07,8.493282194153603e-07,-1.2825376315137819e-09,9.81
4.835999999999689,-2.2114334492355296e-07,8.429290327656878e-07,-1.2729181980495772e-09,9.81
4.837999999999689,-2.1947018923968792e-07,8.365778419325296e-07,-1.2633705490641669e-09,9.81
4.839999999999689,-2.1780964066376594e-07,8.302742879609774e-07,-1.2538941429726997e-09,9.81
4.841999999999689,-2.161616046311106e-07,8.240180163276645e-07,-1.2444884621657543e-09,9.81
4.8439999999996886,-2.1452598728166064e-07,8.178086747249956e-07,-1.2351529882721935e-09,9.81
4.845999999999688,-2.129026954599699e-07,8.11645910845375e-07,-1.2258871771094335e-09,9.81
4.847999999999688,-2.1129163669748133e-07,8.055293812442914e-07,-1.2166905592337593e-09,9.81
4.849999999999688,-2.0969271922582148e-07,7.994587358299205e-07,-1.207562564739788e-09,9.81
4.851999999999688,-2.081058519546429e-07,7.93433635589293e-07,-1.1985027236017277e-09,9.81
4.8539999999996875,-2.065309444804871e-07,7.874537370778976e-07,-1.1895104907888828e-09,9.81
4.855999999999687,-2.0496790706684272e-07,7.815187068221925e-07,-1.1805854091499271e-09,9.81
4.857999999999687,-2.0341665065079278e-07,7.756282080249797e-07,-1.1717269595571459e-09,9.81
4.859999999999687,-2.0187708683636734e-07,7.697819072127175e-07,-1.1629346358112982e-09,9.81
4.861999999999687,-2.0034912788346476e-07,7.639794764512918e-07,-1.1542079701239453e-09,9.81
4.863999999999686,-1.9883268670785158e-07,7.582205878065886e-07,-1.1455464707767026e-09,9.81
4.865999999999686,-1.9732767687673108e-07,7.52504915560265e-07,-1.1369496471357657e-09,9.81
4.867999999999686,-1.9583401260431158e-07,7.46832136209749e-07,-1.1284170097985516e-09,9.81
4.869999999999686,-1.9435160874294356e-07,7.412019306840106e-07,-1.1199480959242762e-09,9.81
4.8719999999996855,-1.928803807831195e-07,7.356139799120201e-07,-1.1115424193322457e-09,9.81
4.873999999999685,-1.9142024484461092e-07,7.300679692542894e-07,-1.1031995207036929e-09,9.81
4.875999999999685,-1.899711176742525e-07,7.245635851792167e-07,-1.0949189302737366e-09,9.81
4.877999999999685,-1.8853291663929478e-07,7.191005174788559e-07,-1.0867001930101754e-09,9.81
4.879999999999685,-1.8710555972962002e-07,7.136784548373758e-07,-1.0785428185594365e-09,9.81
4.881999999999684,-1.8568896554223174e-07,7.082970936941442e-07,-1.0704463816610649e-09,9.81
4.883999999999684,-1.8428305328125466e-07,7.029561304885281e-07,-1.0624104349504654e-09,9.81
4.885999999999684,-1.8288774275793488e-07,6.97655261659895e-07,-1.0544345088031582e-09,9.81
4.887999999999684,-1.8150295437956078e-07,6.9239418918704e-07,-1.0465181741359694e-09,9.81
4.8899999999996835,-1.801286091472475e-07,6.871726161566436e-07,-1.0386609926730001e-09,9.81
4.891999999999683,-1.7876462865815251e-07,6.819902445475009e-07,-1.0308624917674058e-09,9.81
4.893999999999683,-1.774109350899653e-07,6.768467840936053e-07,-1.0231222648226981e-09,9.81
4.895999999999683,-1.7606745120533895e-07,6.717419423131797e-07,-1.0154398589195505e-09,9.81
4.897999999999683,-1.7473410033859544e-07,6.666754333717596e-07,-1.007814875083039e-09,9.81
4.899999999999682,-1.7341080640458876e-07,6.616469670033389e-07,-1.0002468431634515e-09,9.81
4.901999999999682,-1.7209749387654723e-07,6.566562640207663e-07,-9.92735397339229e-10,9.81
4.903999999999682,-1.7079408780379963e-07,6.517030363738066e-07,-9.852800508976218e-10,9.81
4.905999999999682,-1.6950051378518592e-07,6.467870093068506e-07,-9.778804466595474e-10,9.81
4.9079999999996815,-1.6821669798235196e-07,6.419079014169762e-07,-9.70536132076291e-10,9.81
4.909999999999681,-1.6694256710645484e-07,6.370654379485744e-07,-9.632467092404505e-10,9.81
4.911999999999681,-1.6567804841816277e-07,6.32259344146036e-07,-9.560117601379695e-10,9.81
4.913999999999681,-1.644230697187922e-07,6.274893496852942e-07,-9.488308968727136e-10,9.81
4.915999999999681,-1.6317755935252338e-07,6.227551831343964e-07,-9.417036991983827e-10,9.81
4.91799999999968,-1.6194144619532176e-07,6.180565786008176e-07,-9.346297897706875e-10,9.81
4.91999999999968,-1.60714659661585e-07,6.133932668683765e-07,-9.276087340642574e-10,9.81
4.92199999999968,-1.5949712968420127e-07,6.087649886918614e-07,-9.20640190860507e-10,9.81
4.92399999999968,-1.5828878672784378e-07,6.041714781787473e-07,-9.137237246557936e-10,9.81
4.9259999999996795,-1.5708956177124458e-07,5.996124782995933e-07,-9.068589808630922e-10,9.81
4.927999999999679,-1.5589938631162618e-07,5.950877298091879e-07,-9.000455610213489e-10,9.81
4.929999999999679,-1.5471819236027e-07,5.905969756780903e-07,-8.932830727142334e-10,9.81
4.931999999999679,-1.5354591243365322e-07,5.861399633084016e-07,-8.865711549348277e-10,9.81
4.933999999999679,-1.5238247955344877e-07,5.817164401022235e-07,-8.799094282180146e-10,9.81
4.935999999999678,-1.5122782724209392e-07,5.773261556774283e-07,-8.732975196936462e-10,9.81
4.937999999999678,-1.500818895183586e-07,5.729688618676594e-07,-8.667350632718659e-10,9.81
4.939999999999678,-1.4894460089734548e-07,5.686443105065602e-07,-8.60221674646764e-10,9.81
4.941999999999678,-1.4781589638162685e-07,5.643522578593162e-07,-8.537570015346153e-10,9.81
4.9439999999996775,-1.466957114612446e-07,5.600924601911129e-07,-8.473406738108111e-10,9.81
4.945999999999677,-1.4558398210484725e-07,5.558646781986779e-07,-8.409723537503626e-10,9.81
4.947999999999677,-1.4448064476855284e-07,5.516686681471969e-07,-8.346516358015642e-10,9.81
4.949999999999677,-1.4338563637379144e-07,5.475041973807103e-07,-8.283782221128148e-10,9.81
4.951999999999677,-1.4229889432059954e-07,5.43371026595946e-07,-8.221517225199271e-10,9.81
4.953999999999676,-1.4122035647432565e-07,5.392689231369445e-07,-8.159718045786661e-10,9.81
4.955999999999676,-1.4014996116563016e-07,5.351976543477467e-07,-8.098381188383759e-10,9.81
4.957999999999676,-1.3908764718826961e-07,5.311569886802786e-07,-8.037503113140076e-10,9.81
4.959999999999676,-1.3803335379244936e-07,5.271466979101231e-07,-7.977080487069657e-10,9.81
4.961999999999676,-1.3698702068039213e-07,5.231665560286341e-07,-7.917110061672951e-10,9.81
4.963999999999675,-1.3594858801076935e-07,5.192163348113945e-07,-7.857588171259511e-10,9.81
4.965999999999675,-1.3491799638319098e-07,5.152958137891856e-07,-7.798511861863939e-10,9.81
4.967999999999675,-1.3389518684928424e-07,5.114047669533611e-07,-7.739877390130639e-10,9.81
4.969999999999675,-1.3288010089496752e-07,5.075429771583593e-07,-7.68168185118989e-10,9.81
4.9719999999996745,-1.3187268044931337e-07,5.03710222827076e-07,-7.623921679128482e-10,9.81
4.973999999999674,-1.308728678734697e-07,4.999062879218345e-07,-7.56659377280206e-10,9.81
4.975999999999674,-1.2988060596287555e-07,4.961309552970733e-07,-7.509694747087929e-10,9.81
4.977999999999674,-1.2889583793396646e-07,4.923840144545429e-07,-7.453221811599106e-10,9.81
4.979999999999674,-1.2791850743303755e-07,4.88665250464453e-07,-7.397171519878791e-10,9.81
4.981999999999673,-1.269485585295962e-07,4.849744517206687e-07,-7.341540643419284e-10,9.81
4.983999999999673,-1.2598593570971477e-07,4.813114099407124e-07,-7.286326175282887e-10,9.81
4.985999999999673,-1.2503058387603056e-07,4.776759168421062e-07,-7.231524955998192e-10,9.81
4.987999999999673,-1.2408244833888274e-07,4.740677685739143e-07,-7.177134176147084e-10,9.81
4.9899999999996725,-1.231414748251754e-07,4.7048675685365893e-07,-7.123150374283134e-10,9.81
4.991999999999672,-1.2220760946508304e-07,4.6693268004617536e-07,-7.069570688726333e-10,9.81
4.993999999999672,-1.212807987876189e-07,4.6340533873207e-07,-7.016392362286243e-10,9.81
4.995999999999672,-1.2036098972949811e-07,4.59904529060407e-07,-6.963611988893357e-10,9.81
4.997999999999672,-1.1944812962184296e-07,4.5643005382756373e-07,-6.911226765416389e-10,9.81
4.999999999999671,-1.1854216619018313e-07,4.529817158299176e-07,-6.859233744580481e-10,9.81
